Gene_set,Term,Overlap,P-value,Adjusted P-value,Old P-value,Old Adjusted P-value,Odds Ratio,Combined Score,Genes,Analysis
PanglaoDB_Augmented_2021,Myocytes,27/163,2.1500119043632823e-39,1.5265084520979306e-37,0,0,95.8558106169297,8534.555192279397,LMOD2;CSRP3;C10ORF71;SLN;NRAP;ANKRD1;SMYD1;XIRP2;CACNA1S;MYOG;CKM;ACTN2;TNNC1;KLHL41;TRDN;ACTA1;MYH1;MYH2;ACTC1;DES;MYL1;MYL2;MYH8;MYF6;TCAP;ASB5;MYH7,PanglaoDB
PanglaoDB_Augmented_2021,Cardiomyocytes,22/174,3.3786544845219815e-29,1.1994223420053035e-27,0,0,62.23684210526316,4080.091163164037,CKM;ACTN2;TNNC1;KLHL41;LMOD2;TRDN;ACTA1;CSRP3;C10ORF71;ACTC1;DES;SLN;MYL1;MYL2;NRAP;ANKRD1;SMYD1;XIRP2;TCAP;CACNA1S;ASB5;MYH7,PanglaoDB
MSigDB_Hallmark_2020,Myogenesis,18/200,3.7778122070163435e-21,5.666718310524515e-20,0,0,39.065934065934066,1837.0810925946353,MYOG;CKM;ACTN2;TNNC1;MYBPH;ACTA1;MYH1;CSRP3;MYH2;ACTC1;DES;SLN;MYL1;MYL2;MYH8;MYF6;TCAP;MYH7,MSigDB Hallmark
Cancer_Cell_Line_Encyclopedia,RD SOFT TISSUE,18/211,1.0063521100404752e-20,5.122332240106018e-18,0,0,36.818860103626946,1695.338030538914,MYOG;MYBPC1;CKM;ACTN2;MYBPH;ACTA1;CHRND;CSRP3;ACTC1;DES;SLN;MYL1;MYH8;SMYD1;XIRP2;CACNA1S;ASB5;MYH7,Cancer Cell Line Encyclopedia
Human_Gene_Atlas,SkeletalMuscle,20/441,1.492421351882826e-17,4.626506190836762e-16,0,0,19.31017418844022,748.1446356781652,MYBPC1;MYBPC2;CKM;ACTN2;LMOD2;ACTA1;MYH1;MYH2;DES;SLN;MYL1;MYL2;NRAP;ANKRD1;MYH8;MYF6;TCAP;CACNA1S;ASB5;MYH7,Human Gene Atlas
GO_Biological_Process_2023,Muscle Contraction (GO:0006936),11/94,1.663530663909194e-14,8.201206173072327e-12,0,0,46.150708095540054,1464.2350096844843,MYH1;CHRND;MYH2;DES;MYL1;MYH8;CACNA1S;KLHL41;LMOD2;TRDN;MYH7,GO Biological Process
OMIM_Disease,cardiomyopathy,8/42,1.2561345479441553e-12,1.0049076383553242e-11,0,0,78.03137254901961,2138.29229189179,CSRP3;DES;ACTC1;ACTN2;TNNC1;MYL2;TCAP;MYH7,OMIM Disease
Reactome_2022,Striated Muscle Contraction R-HSA-390522,8/33,1.5134996987248272e-13,3.783749246812067e-11,0,0,106.17066666666666,3134.071185520483,MYBPC1;MYBPC2;DES;ACTN2;MYL1;MYL2;MYH8;TCAP,Reactome Pathways
OMIM_Disease,"cardiomyopathy, dilated",7/33,1.522369931360945e-11,6.089479725443779e-11,0,0,87.85750315258512,2188.369425473644,CSRP3;DES;ACTC1;ACTN2;TNNC1;TCAP;MYH7,OMIM Disease
GO_Cellular_Component_2023,Myofibril (GO:0030016),7/29,5.62159354552473e-12,4.6097067073302776e-10,0,0,103.85245901639344,2690.236256559119,MYBPC1;MYH2;DES;MYL1;MYL2;LMOD2;MYH7,GO Cellular Component
GO_Biological_Process_2023,Myofibril Assembly (GO:0030239),8/46,2.74750253562026e-12,6.77259375030394e-10,0,0,69.80350877192983,1858.192353907799,CSRP3;ACTN2;MYL2;ANKRD1;TCAP;KLHL41;LMOD2;MYH7,GO Biological Process
GO_Cellular_Component_2023,Cornified Envelope (GO:0001533),7/41,7.842343072732682e-11,3.2153606598204e-09,0,0,67.15814850530376,1562.6961324151755,SPRR2F;SPRR3;FLG2;SPRR2G;KRT2;SPRR2B;RPTN,GO Cellular Component
OMIM_Disease,"cardiomyopathy, hypertrophic",5/17,2.344537118946338e-09,6.252098983856902e-09,0,0,131.74603174603175,2617.9488272212684,CSRP3;ACTC1;TNNC1;MYL2;MYH7,OMIM Disease
GO_Biological_Process_2023,Heart Contraction (GO:0060047),7/41,7.842343072732682e-11,1.2887583782857376e-08,0,0,67.15814850530376,1562.6961324151755,CSRP3;ACTC1;TNNC1;MYL2;TCAP;TRDN;MYH7,GO Biological Process
GO_Biological_Process_2023,Striated Muscle Contraction (GO:0006941),7/57,8.836808105651632e-10,1.0891365990215637e-07,0,0,45.630819672131146,951.262284178066,CSRP3;TNNC1;MYL2;MYH8;TCAP;KLHL41;MYH7,GO Biological Process
Reactome_2022,Muscle Contraction R-HSA-397014,10/196,1.1521298445768035e-09,1.440162305721005e-07,0,0,18.303670745272527,376.71981031507784,MYBPC1;MYBPC2;DES;SLN;ACTN2;MYL1;MYL2;MYH8;TCAP;TRDN,Reactome Pathways
Human_Gene_Atlas,Heart,12/415,1.3871738105967568e-08,2.150119406424973e-07,0,0,10.384083658277207,187.8835069496649,CSRP3;ACTC1;DES;CTTN;CKM;ACTN2;TNNC1;MYL2;NRAP;MYH8;TCAP;MYH7,Human Gene Atlas
Reactome_2022,Formation Of Cornified Envelope R-HSA-6809371,7/74,5.747850140884365e-09,4.789875117403638e-07,0,0,34.02373379006606,645.5812933543245,SPRR2F;SPRR3;LCE3D;SPRR2G;SPINK6;SPRR2B;RPTN,Reactome Pathways
PanglaoDB_Augmented_2021,Oxyphil Cells,7/94,3.0992056871200374e-08,7.334786792850754e-07,0,0,26.175805539853023,452.56750329269926,C10ORF71;ACTN2;SMYD1;CACNA1S;LMOD2;TRDN;MYH7,PanglaoDB
GO_Biological_Process_2023,Actomyosin Structure Organization (GO:0031032),7/77,7.619631288666613e-09,7.51295645062528e-07,0,0,32.56065573770492,608.6412899845278,CSRP3;ACTN2;ANKRD1;TCAP;KLHL41;LMOD2;MYH7,GO Biological Process
OMIM_Disease,myopathy,5/44,3.833299673537719e-07,7.666599347075438e-07,0,0,40.48229548229549,598.1003991573739,ACTA1;MYH2;DES;MYF6;MYH7,OMIM Disease
CellMarker_2024,Myocyte Undefined Human,4/8,8.46494860665659e-09,1.1089082674720137e-06,0,0,311.375,5787.63046807539,MYOG;MYH1;MYH2;MYH7,CellMarker
Human_Gene_Atlas,Tongue,7/115,1.2541913742426248e-07,1.2959977533840458e-06,0,0,21.06375227686703,334.73682277332347,SPRR3;LCE3D;MYH2;SPINK7;ADH7;SPRR2B;TRDN,Human Gene Atlas
PanglaoDB_Augmented_2021,Clara Cells,7/113,1.111450078352812e-07,1.9728238890762416e-06,0,0,21.463346736776987,343.6803395774017,PIGR;SLC34A2;BPIFA1;BPIFB1;SCGB3A1;ADH7;MUC5B,PanglaoDB
Reactome_2022,Keratinization R-HSA-6805567,9/208,3.4690468492351564e-08,2.1681542807719727e-06,0,0,15.126224342049229,259.8201434525976,SPRR2F;SPRR3;LCE3D;SPRR2G;SPINK6;KRT2;KRT24;SPRR2B;RPTN,Reactome Pathways
GO_Cellular_Component_2023,Muscle Myosin Complex (GO:0005859),4/14,1.1920688421339993e-07,3.2583215018329313e-06,0,0,124.5125,1985.0287437157128,MYH2;MYL1;MYH8;MYH7,GO Cellular Component
GO_Cellular_Component_2023,Myosin Filament (GO:0032982),4/15,1.621396359670757e-07,3.323862537325051e-06,0,0,113.1875,1769.664821735429,MYH1;MYH2;MYH8;MYH7,GO Cellular Component
GO_Biological_Process_2023,Sarcomere Organization (GO:0045214),5/29,4.3600051786859435e-08,3.582470921820283e-06,0,0,65.83333333333333,1115.7569936723246,CSRP3;ANKRD1;TCAP;LMOD2;MYH7,GO Biological Process
GO_Biological_Process_2023,Actin-Myosin Filament Sliding (GO:0033275),4/12,5.9250691261669034e-08,3.824143576823494e-06,0,0,155.65625,2590.3516772270473,MYH2;MYL1;MYH8;MYH7,GO Biological Process
GO_Biological_Process_2023,Cardiac Muscle Tissue Morphogenesis (GO:0055008),5/31,6.205506818374838e-08,3.824143576823494e-06,0,0,60.76312576312576,1008.3788769505026,TNNC1;MYL2;ANKRD1;TCAP;MYH7,GO Biological Process
GO_Biological_Process_2023,Cardiac Muscle Contraction (GO:0060048),5/33,8.622634593552894e-08,4.723287616246195e-06,0,0,56.4172335600907,917.6990859604076,CSRP3;TNNC1;MYL2;TCAP;MYH7,GO Biological Process
GO_Biological_Process_2023,Cardiac Myofibril Assembly (GO:0055003),4/15,1.621396359670757e-07,7.99348405317683e-06,0,0,113.1875,1769.664821735429,CSRP3;MYL2;NRAP;TCAP,GO Biological Process
CellMarker_2024,Contractile Smooth Muscle Cell Aorta Mouse,4/16,2.1563393383743657e-07,1.4124022666352096e-05,0,0,103.75,1592.5296753394375,MYH1;MYH2;DES;MYH7,CellMarker
GO_Biological_Process_2023,Epidermis Development (GO:0008544),6/85,4.367435703039008e-07,1.8722433053680655e-05,0,0,24.319722335647203,356.1360588140758,FLG2;SPRR2F;SPRR3;SPRR2G;KRT2;SPRR2B,GO Biological Process
GO_Biological_Process_2023,Skeletal Muscle Contraction (GO:0003009),4/19,4.557184516108882e-07,1.8722433053680655e-05,0,0,82.9875,1211.7329064671835,TNNC1;MYH8;TCAP;MYH7,GO Biological Process
Cancer_Cell_Line_Encyclopedia,RH41 SOFT TISSUE,10/311,9.371636808559121e-08,2.3850815677782957e-05,0,0,11.24470156948104,181.97292652601183,MYOG;CHRND;CSRP3;C10ORF71;ACTC1;DES;MYL1;MYH8;ASB5;STATH,Cancer Cell Line Encyclopedia
PanglaoDB_Augmented_2021,Ionocytes,6/107,1.7022383284218771e-06,2.4171784263590657e-05,0,0,19.00127754710955,252.4047340561556,PIGR;SLC34A2;BPIFA1;BPIFB1;ADH7;SHANK2,PanglaoDB
KEGG_2021_Human,Dilated cardiomyopathy,6/96,8.990837685169573e-07,3.476457238265568e-05,0,0,21.335483870967742,297.03025159351245,ACTC1;DES;TNNC1;MYL2;CACNA1S;MYH7,KEGG Pathways
KEGG_2021_Human,Cardiac muscle contraction,6/87,5.016037182758686e-07,3.476457238265568e-05,0,0,23.7168458781362,344.0236509399057,ACTC1;TNNC1;MYL2;CACNA1S;TRDN;MYH7,KEGG Pathways
KEGG_2021_Human,Hypertrophic cardiomyopathy,6/90,6.13538860194074e-07,3.476457238265568e-05,0,0,22.86635944700461,327.08091391776514,ACTC1;DES;TNNC1;MYL2;CACNA1S;MYH7,KEGG Pathways
Cancer_Cell_Line_Encyclopedia,SNUC2A LARGE INTESTINE,6/80,3.04095477731656e-07,5.1594866055137627e-05,0,0,25.969485614646903,389.6961303965052,SPRR3;LCE3D;MYBPC1;BPIFB1;MUC5B;RPTN,Cancer Cell Line Encyclopedia
PanglaoDB_Augmented_2021,Myoblasts,6/126,4.41062574758605e-06,5.219240467976826e-05,0,0,15.977419354838707,197.02545068111573,MYOG;ACTC1;DES;MYL1;MYF6;ASB5,PanglaoDB
GO_Cellular_Component_2023,Actin Filament (GO:0005884),5/71,4.281406345798273e-06,7.021506407109167e-05,0,0,23.88888888888889,295.29602651426154,ACTA1;ACTC1;CTTN;ACTN2;LMOD2,GO Cellular Component
GO_Cellular_Component_2023,Supramolecular Fiber (GO:0099512),4/36,6.631012731346725e-06,9.062384066173856e-05,0,0,38.8671875,463.4427441612301,MYH1;MYH2;MYH8;MYH7,GO Cellular Component
CellMarker_2024,Secretory Cell Trachea Mouse,5/63,2.3603415917517268e-06,0.00010306824950649208,0,0,27.194854953475645,352.35569158807573,PIGR;ANO1;BPIFA1;BPIFB1;MUC5B,CellMarker
GO_Biological_Process_2023,Regulation Of Muscle Contraction (GO:0006937),4/29,2.721978566510944e-06,0.00010322580256076118,0,0,49.7675,637.7282861665242,TNNC1;MYL2;MYBPH;CACNA1S,GO Biological Process
GO_Biological_Process_2023,Muscle Cell Fate Commitment (GO:0042693),3/9,3.1116468497818627e-06,0.0001095744212101756,0,0,153.27692307692308,1943.606324925113,MYOG;MYL2;MYF6,GO Biological Process
GO_Biological_Process_2023,Muscle Filament Sliding (GO:0030049),3/10,4.434399496193174e-06,0.00014574393010821564,0,0,131.37362637362637,1619.3268670724071,MYL1;MYH8;MYH7,GO Biological Process
GO_Biological_Process_2023,Skeletal Muscle Organ Development (GO:0060538),4/35,5.909325614872254e-06,0.00018208109550825133,0,0,40.122983870967744,483.0397539091498,MYOG;CSRP3;DES;MYF6,GO Biological Process
Cancer_Cell_Line_Encyclopedia,SNU1214 UPPER AERODIGESTIVE TRACT,8/240,1.52094439828934e-06,0.00019354017468231852,0,0,11.32183908045977,151.66938407882094,FLG2;LCE3D;SPRR2G;SPINK7;SPINK6;KRT2;ADH7;RPTN,Cancer Cell Line Encyclopedia
CellMarker_2024,Secretory Cell Lung Human,5/80,7.720839576090566e-06,0.000252857496116966,0,0,21.012698412698413,247.35281685119588,PIGR;SLC34A2;BPIFA1;SCGB3A1;MUC5B,CellMarker
PanglaoDB_Augmented_2021,Airway Epithelial Cells,5/103,2.647066866178224e-05,0.0002684882107123627,0,0,16.062520246193717,169.29050295910355,PIGR;SLC34A2;BPIFA1;BPIFB1;ADH7,PanglaoDB
GO_Biological_Process_2023,Actin Filament Organization (GO:0007015),6/144,9.513330772216888e-06,0.00027588659239428974,0,0,13.88078541374474,160.50097466771362,ACTA1;ACTC1;NRAP;XIRP2;TCAP;LMOD2,GO Biological Process
ENCODE_TF_ChIP-seq_2015,TCF12 myocyte mm9,17/1223,4.801293360993649e-07,0.00030008083506210306,0,0,5.175787728026534,75.30362422224378,MYOG;CKM;TNNC1;MYBPH;KLHL41;LMOD2;ACTA1;CHRND;ACTC1;DES;MYL1;NRAP;ANKRD1;SMYD1;TCAP;CACNA1S;ASB5,ENCODE TF ChIP-seq
GO_Biological_Process_2023,Keratinocyte Differentiation (GO:0030216),4/42,1.2408288722730247e-05,0.0003219624389634743,0,0,32.7203947368421,369.6470720462672,SPRR2F;SPRR3;SPRR2G;SPRR2B,GO Biological Process
GO_Biological_Process_2023,Skeletal Muscle Tissue Development (GO:0007519),4/42,1.2408288722730247e-05,0.0003219624389634743,0,0,32.7203947368421,369.6470720462672,MYOG;CSRP3;MYF6;KLHL41,GO Biological Process
GO_Cellular_Component_2023,Polymeric Cytoskeletal Fiber (GO:0099513),7/265,3.222894816860599e-05,0.0003775391071179558,0,0,8.750667174990468,90.50504846047008,ACTA1;ACTC1;CTTN;ACTN2;KRT2;NEFM;LMOD2,GO Cellular Component
Cancer_Cell_Line_Encyclopedia,BICR16 UPPER AERODIGESTIVE TRACT,6/125,4.211769696353973e-06,0.0004287581550888344,0,0,16.112496611547844,199.4344834595144,SPRR3;LCE3D;SPRR2G;SPINK7;SPINK6;KRT24,Cancer Cell Line Encyclopedia
CellMarker_2024,Secretory Cell Airway Epithelium Human,3/15,1.6610279367976186e-05,0.00043518931944097605,0,0,76.61538461538461,843.1897584581213,PIGR;BPIFB1;MUC5B,CellMarker
PanglaoDB_Augmented_2021,Airway Goblet Cells,5/118,5.086727192545035e-05,0.0004514470383383718,0,0,13.919792105632814,137.61511303446343,PIGR;BPIFB1;SCGB3A1;MUC5B;LTF,PanglaoDB
GO_Biological_Process_2023,Heart Process (GO:0003015),3/16,2.0393699200298096e-05,0.000502704685287348,0,0,70.71834319526627,763.778230654716,ACTC1;MYL2;TRDN,GO Biological Process
GO_Biological_Process_2023,Regulation Of Myoblast Differentiation (GO:0045661),4/54,3.400003748412858e-05,0.000761909930894336,0,0,24.8525,255.7110738045548,MYOG;MYF6;SMYD1;KLHL41,GO Biological Process
GO_Biological_Process_2023,Epidermal Cell Differentiation (GO:0009913),4/54,3.400003748412858e-05,0.000761909930894336,0,0,24.8525,255.7110738045548,SPRR2F;SPRR3;SPRR2G;SPRR2B,GO Biological Process
CellMarker_2024,Cardiomyocyte Heart Mouse,3/19,3.503155869033606e-05,0.0007648556980723372,0,0,57.45,589.3945574264905,ACTC1;ACTN2;TNNC1,CellMarker
Human_Gene_Atlas,Trachea,4/72,0.00010563700699436324,0.000818686804206315,0,0,18.25735294117647,167.15522777206678,PIGR;UPK1B;MUC5B;LTF,Human Gene Atlas
Cancer_Cell_Line_Encyclopedia,SJRH30 SOFT TISSUE,8/315,1.1271696753569324e-05,0.0009562156079277976,0,0,8.523344191096633,97.10829873823454,MYOG;CHRND;CSRP3;ACTC1;DES;CKM;SMYD1;STATH,Cancer Cell Line Encyclopedia
GO_Cellular_Component_2023,Sarcoplasmic Reticulum Membrane (GO:0033017),3/27,0.000103706510385465,0.001062991731451,0,0,38.284615384615385,351.2209812956565,SLN;KLHL41;TRDN,GO Cellular Component
Cancer_Cell_Line_Encyclopedia,HARA LUNG,5/93,1.6132240787677964e-05,0.0011730443658468,0,0,17.896825396825395,197.4859337497494,LCE3D;SPRR2G;SPINK7;SPINK6;NTS,Cancer Cell Line Encyclopedia
Cancer_Cell_Line_Encyclopedia,SCC9 UPPER AERODIGESTIVE TRACT,7/248,2.1086994359826613e-05,0.0013416600161439,0,0,9.376028841575405,100.95033446750404,FLG2;SPRR3;LCE3D;SPRR2G;SPINK7;SPINK6;RPTN,Cancer Cell Line Encyclopedia
GO_Biological_Process_2023,Ventricular Cardiac Muscle Tissue Development (GO:0003229),3/25,8.194477284226889e-05,0.00166593916621,0,0,41.76923076923077,393.026116651049,TNNC1;MYL2;MYH7,GO Biological Process
GO_Biological_Process_2023,Positive Regulation Of Striated Muscle Cell Differentiation (GO:0051155),3/25,8.194477284226889e-05,0.00166593916621,0,0,41.76923076923077,393.026116651049,MYOG;MYF6;SMYD1,GO Biological Process
GO_Biological_Process_2023,Skin Development (GO:0043588),4/68,8.447967374290188e-05,0.00166593916621,0,0,19.40234375,181.9745742695092,SPRR2F;SPRR3;SPRR2G;SPRR2B,GO Biological Process
Cancer_Cell_Line_Encyclopedia,TE6 OESOPHAGUS,5/110,3.633628788350884e-05,0.0016813791393369,0,0,14.986394557823129,153.20132047987494,PPFIA1;HORMAD1;FADD;NTS;ADH7,Cancer Cell Line Encyclopedia
Cancer_Cell_Line_Encyclopedia,TE14 OESOPHAGUS,5/110,3.633628788350884e-05,0.0016813791393369,0,0,14.986394557823129,153.20132047987494,PPFIA1;STATH;ADH7;RPTN;TRDN,Cancer Cell Line Encyclopedia
Cancer_Cell_Line_Encyclopedia,TT OESOPHAGUS,7/262,2.997192444036378e-05,0.0016813791393369,0,0,8.8549662487946,92.22668249839322,ANO1;SPRR3;LCE3D;UPK1B;PPFIA1;FADD;ADH7,Cancer Cell Line Encyclopedia
GO_Biological_Process_2023,Cardiac Muscle Cell Development (GO:0055013),3/26,9.240810800337933e-05,0.001752199894064,0,0,39.95117056856187,371.118242334436,CSRP3;MYL2;TCAP,GO Biological Process
GO_Biological_Process_2023,Supramolecular Fiber Organization (GO:0097435),7/316,9.767900963960374e-05,0.0017835463611972,0,0,7.287442304631545,67.29095868216858,DES;KRT2;KRT24;XIRP2;KLHL41;LMOD2;TRDN,GO Biological Process
GO_Biological_Process_2023,Positive Regulation Of Skeletal Muscle Fiber Development (GO:0048743),2/5,0.00011315119111665648,0.001969774434446,0,0,201.3030303030303,1829.1974888825955,MYOG;MYF6,GO Biological Process
GO_Biological_Process_2023,Mucosal Immune Response (GO:0002385),3/28,0.00011586908437918095,0.001969774434446,0,0,36.751384615384616,333.0796211647444,PIGR;BPIFB1;LTF,GO Biological Process
CellMarker_2024,Cardiomyocyte Embryo Human,2/5,0.00011315119111665648,0.0021175437194688,0,0,201.3030303030303,1829.1974888825955,MYL2;MYH7,CellMarker
CellMarker_2024,Cardiomyocyte Heart Muscle Human,2/6,0.00016935418711549392,0.0024650442791255,0,0,150.96969696969697,1310.94811949453,MYL2;MYH7,CellMarker
CellMarker_2024,Granulocytic Neutrophil Blood Mouse,2/6,0.00016935418711549392,0.0024650442791255,0,0,150.96969696969697,1310.94811949453,GSTM1;LTF,CellMarker
GO_Biological_Process_2023,Skeletal Muscle Thin Filament Assembly (GO:0030240),2/6,0.00016935418711549392,0.0026932778789657,0,0,150.96969696969697,1310.94811949453,ACTC1;TCAP,GO Biological Process
GO_Biological_Process_2023,Detection Of Muscle Stretch (GO:0035995),2/6,0.00016935418711549392,0.0026932778789657,0,0,150.96969696969697,1310.94811949453,CSRP3;TCAP,GO Biological Process
CellMarker_2024,Myoblast Undefined Human,2/7,0.0002365753274945057,0.00281739708198,0,0,120.76969696969697,1008.3356546729788,MYOG;MYF6,CellMarker
CellMarker_2024,Club Cell (Clara Cell) Lung Human,2/7,0.0002365753274945057,0.00281739708198,0,0,120.76969696969697,1008.3356546729788,SCGB3A1;MUC5B,CellMarker
Cancer_Cell_Line_Encyclopedia,TE11 OESOPHAGUS,4/64,6.658670949613468e-05,0.0028243862611277,0,0,20.7,199.07201503915695,ANO1;PPFIA1;FADD;ADH7,Cancer Cell Line Encyclopedia
GO_Biological_Process_2023,Ventricular Cardiac Muscle Tissue Morphogenesis (GO:0055010),3/33,0.0001906414942440443,0.0029370705206973,0,0,30.61846153846154,262.25067136359644,TNNC1;MYL2;MYH7,GO Biological Process
GO_Biological_Process_2023,Cardiac Muscle Hypertrophy (GO:0003300),2/7,0.0002365753274945057,0.0033323324701368,0,0,120.76969696969697,1008.3356546729788,CSRP3;TCAP,GO Biological Process
GO_Biological_Process_2023,Positive Regulation Of Myotube Differentiation (GO:0010831),2/7,0.0002365753274945057,0.0033323324701368,0,0,120.76969696969697,1008.3356546729788,MYOG;SMYD1,GO Biological Process
GO_Biological_Process_2023,Regulation Of Skeletal Muscle Fiber Development (GO:0048742),2/7,0.0002365753274945057,0.0033323324701368,0,0,120.76969696969697,1008.3356546729788,MYOG;MYF6,GO Biological Process
CellMarker_2024,Fibroblast Muscle Human,2/8,0.00031474126366608674,0.0034359254616881,0,0,100.63636363636364,811.5074475931799,MYH1;MYH7,CellMarker
PanglaoDB_Augmented_2021,Salivary Mucous Cells,4/105,0.0004512442209666195,0.0035598155209588,0,0,12.271658415841584,94.53474337185132,ANO1;LCE3D;SPRR2G;RPTN,PanglaoDB
GO_Biological_Process_2023,Muscle Cell Differentiation (GO:0042692),3/37,0.00026886963687817376,0.003582506242728,0,0,27.010859728506787,222.06394667301703,MYOG;ACTN2;MYF6,GO Biological Process
GO_Biological_Process_2023,Muscle Tissue Development (GO:0060537),3/37,0.00026886963687817376,0.003582506242728,0,0,27.010859728506787,222.06394667301703,MYOG;CSRP3;MYF6,GO Biological Process
KEGG_2021_Human,Chemical carcinogenesis,6/239,0.00016122034742936192,0.0037403120603611,0,0,8.181780423646684,71.44934899502134,GSTM1;CCND1;CACNA1S;FGF3;UGT1A7;FGF4,KEGG Pathways
KEGG_2021_Human,Adrenergic signaling in cardiomyocytes,5/150,0.00015818100130258317,0.0037403120603611,0,0,10.83032293377121,94.78450187002986,ACTC1;TNNC1;MYL2;CACNA1S;MYH7,KEGG Pathways
Cancer_Cell_Line_Encyclopedia,RH30 SOFT TISSUE,7/315,9.577071289703075e-05,0.0037497917588145,0,0,7.311475409836065,67.65712982382988,MYOG;CHRND;C10ORF71;ACTC1;DES;MYL1;ASB5,Cancer Cell Line Encyclopedia
GO_Biological_Process_2023,Positive Regulation Of Myoblast Differentiation (GO:0045663),3/38,0.00029120715321542454,0.0037780296456632,0,0,26.237802197802196,213.6144284200033,MYOG;MYF6;SMYD1,GO Biological Process
GO_Biological_Process_2023,Adult Heart Development (GO:0007512),2/8,0.00031474126366608674,0.0038791860746845,0,0,100.63636363636364,811.5074475931799,TCAP;MYH7,GO Biological Process
GO_Biological_Process_2023,Skeletal Myofibril Assembly (GO:0014866),2/8,0.00031474126366608674,0.0038791860746845,0,0,100.63636363636364,811.5074475931799,ACTC1;TCAP,GO Biological Process
CellMarker_2024,Goblet Cell Airway Epithelium Human,2/9,0.00040377900206164984,0.004068849943852,0,0,86.25541125541126,674.0552332096978,SCGB3A1;MUC5B,CellMarker
GO_Cellular_Component_2023,Sarcoplasmic Reticulum (GO:0016529),3/45,0.0004815756056455739,0.0043876888514374,0,0,21.857142857142858,166.9546342358889,SLN;KLHL41;TRDN,GO Cellular Component
CellMarker_2024,Club Cell (Clara Cell) Airway Epithelium Human,2/10,0.0005036159037475685,0.0047124059564951,0,0,75.46969696969697,573.09398703068,SCGB3A1;MUC5B,CellMarker
GO_Biological_Process_2023,Cardiac Ventricle Morphogenesis (GO:0003208),3/42,0.0003924528755522667,0.0047190065279821,0,0,23.542011834319528,184.64221389004297,TNNC1;MYL2;MYH7,GO Biological Process
GO_Biological_Process_2023,Positive Regulation Of Skeletal Muscle Tissue Development (GO:0048643),2/9,0.00040377900206164984,0.0047395963813426,0,0,86.25541125541126,674.0552332096978,MYOG;MYF6,GO Biological Process
GO_Biological_Process_2023,Sarcoplasmic Reticulum Calcium Ion Transport (GO:0070296),2/10,0.0005036159037475685,0.0057740148964546,0,0,75.46969696969697,573.09398703068,SLN;TRDN,GO Biological Process
GO_Biological_Process_2023,Regulation Of Muscle System Process (GO:0090257),2/11,0.0006141796834823028,0.0068816041808358,0,0,67.08080808080808,496.077536690995,SLN;TNNC1,GO Biological Process
GO_Cellular_Component_2023,Actin Cytoskeleton (GO:0015629),6/327,0.0008521710408473169,0.0069878025349479,0,0,5.912270123605667,41.786289303267914,ACTA1;ACTC1;CTTN;ACTN2;MYL2;LMOD2,GO Cellular Component
GO_Biological_Process_2023,Blood Circulation (GO:0008015),3/50,0.0006571555344566322,0.0071995039663804,0,0,19.527004909983635,143.08588265054038,ACTC1;MYL2;TRDN,GO Biological Process
GO_Biological_Process_2023,Cardiac Muscle Tissue Development (GO:0048738),3/52,0.0007373900840415971,0.0079028980746197,0,0,18.728100470957617,135.0744304682555,CSRP3;ANKRD1;TCAP,GO Biological Process
PanglaoDB_Augmented_2021,Pulmonary Alveolar Type II Cells,4/135,0.0011574048589502,0.0082175744985467,0,0,9.447041984732824,63.8768826308708,PIGR;SLC34A2;SCGB3A1;LTF,PanglaoDB
Cancer_Cell_Line_Encyclopedia,L33 PANCREAS,4/88,0.0002298672195672479,0.0083573153399806,0,0,14.767857142857142,123.72523594775036,BPIFA1;BPIFB1;SPINK6;MUC5B,Cancer Cell Line Encyclopedia
OMIM_Disease,muscular dystrophy,2/33,0.0056185685544129,0.0089897096870607,0,0,19.453567937438905,100.80213187276532,MYF6;TCAP,OMIM Disease
GO_Biological_Process_2023,Regulation Of Myoblast Fusion (GO:1901739),2/13,0.0008672004982370924,0.0090963796942741,0,0,54.878787878787875,386.90864481269017,MYOG;SCGB3A1,GO Biological Process
Cancer_Cell_Line_Encyclopedia,LU65 LUNG,4/93,0.00028417040343567076,0.0096428490232504,0,0,13.934691011235955,113.78980177265366,BPIFA1;BPIFB1;HORMAD1;MUC5B,Cancer Cell Line Encyclopedia
GO_Biological_Process_2023,Striated Muscle Cell Development (GO:0055002),2/14,0.0010095147214072,0.0101569542378318,0,0,50.303030303030305,347.00466642918985,KLHL41;LMOD2,GO Biological Process
GO_Biological_Process_2023,Response To Muscle Stretch (GO:0035994),2/14,0.0010095147214072,0.0101569542378318,0,0,50.303030303030305,347.00466642918985,CSRP3;TCAP,GO Biological Process
Cancer_Cell_Line_Encyclopedia,VMRCLCP LUNG,4/96,0.0003208563224514985,0.0102072417579882,0,0,13.478260869565217,108.42610042953902,BPIFA1;UPK1B;BPIFB1;ADH7,Cancer Cell Line Encyclopedia
Cancer_Cell_Line_Encyclopedia,BICR18 UPPER AERODIGESTIVE TRACT,4/100,0.000374898293077499,0.0112248959515557,0,0,12.9140625,101.87717668990722,SPRR3;PPFIA1;FADD;ADH7,Cancer Cell Line Encyclopedia
Reactome_2022,Developmental Biology R-HSA-1266738,12/1073,0.0002399908405865705,0.0119995420293285,0,0,3.811296620438939,31.76681355077665,MYOG;SPRR2F;SPRR3;LCE3D;SPRR2G;SPINK6;KRT2;KRT24;MYF6;CACNA1S;SPRR2B;RPTN,Reactome Pathways
GO_Biological_Process_2023,Negative Regulation Of ATP-dependent Activity (GO:0032780),2/16,0.0013253963875063,0.0130684083808122,0,0,43.112554112554115,285.66566773659633,SLN;LTF,GO Biological Process
GO_Biological_Process_2023,Muscle Tissue Morphogenesis (GO:0060415),2/17,0.0014988231077721,0.0144886233751307,0,0,40.236363636363635,261.66009341787907,ANKRD1;TCAP,GO Biological Process
CellMarker_2024,Neutrophil Bone Marrow Mouse,2/18,0.0016824805132125,0.0146936631487229,0,0,37.71969696969697,240.93403928127228,GSTM1;LTF,CellMarker
GO_Biological_Process_2023,Intermediate Filament Organization (GO:0045109),3/68,0.0016085848542601,0.0152506217913511,0,0,14.106745562130175,90.74023662909386,DES;KRT2;KRT24,GO Biological Process
CellMarker_2024,Axin2-Palpha+ Cell Lung Mouse,2/19,0.0018762991031729,0.0153621989072288,0,0,35.49910873440285,222.8795213878254,ACTC1;DES,CellMarker
GO_Biological_Process_2023,Detection Of Mechanical Stimulus (GO:0050982),2/18,0.0016824805132125,0.0156502432644111,0,0,37.71969696969697,240.93403928127228,CSRP3;TCAP,GO Biological Process
GO_Cellular_Component_2023,Cell-Substrate Junction (GO:0030055),6/395,0.0022295498798593,0.016620280922588,0,0,4.861845924205987,29.68621515996816,ACTC1;CTTN;ACTN2;NRAP;PPFIA1;XIRP2,GO Cellular Component
GO_Cellular_Component_2023,Intermediate Filament Cytoskeleton (GO:0045111),3/81,0.002653771927353,0.0181341081702456,0,0,11.74792899408284,69.68605132829177,DES;KRT2;NEFM,GO Cellular Component
Cancer_Cell_Line_Encyclopedia,LS180 LARGE INTESTINE,4/117,0.000678792668290459,0.0191947482311024,0,0,10.96183628318584,79.96873133270765,PIGR;MYH1;MYH8;MUC5B,Cancer Cell Line Encyclopedia
Cancer_Cell_Line_Encyclopedia,CL11 LARGE INTESTINE,4/120,0.0007464027821625444,0.019995737690565,0,0,10.676724137931034,76.87503152296487,SPRR3;SPINK6;TNNC1;ANKRD1,Cancer Cell Line Encyclopedia
GO_Biological_Process_2023,Innate Immune Response In Mucosa (GO:0002227),2/21,0.0022941435449256,0.0205638685026975,0,0,31.759170653907496,193.0130467915525,BPIFB1;LTF,GO Biological Process
GO_Biological_Process_2023,Focal Adhesion Assembly (GO:0048041),2/21,0.0022941435449256,0.0205638685026975,0,0,31.759170653907496,193.0130467915525,CTTN;ACTN2,GO Biological Process
Cancer_Cell_Line_Encyclopedia,TE9 OESOPHAGUS,4/125,0.0008694669438706805,0.0210742225919131,0,0,10.232954545454543,72.11807992255137,FLG2;SPINK7;PPFIA1;FADD,Cancer Cell Line Encyclopedia
Cancer_Cell_Line_Encyclopedia,PECAPJ15 UPPER AERODIGESTIVE TRACT,3/55,0.0008690133722139896,0.0210742225919131,0,0,17.644970414201183,124.36443430473982,SPRR3;SPINK7;SPINK6,Cancer Cell Line Encyclopedia
CellMarker_2024,Myoblast Skeletal Muscle Human,2/24,0.0029954011693546,0.0230822090109092,0,0,27.424242424242426,159.35341771425578,MYOG;MYF6,CellMarker
GO_Biological_Process_2023,Regulation Of Toll-Like Receptor 4 Signaling Pathway (GO:0034143),2/23,0.0027518072427276,0.0233903615631846,0,0,28.73160173160173,169.38708342077788,BPIFB1;LTF,GO Biological Process
GO_Biological_Process_2023,Regulation Of Myotube Differentiation (GO:0010830),2/23,0.0027518072427276,0.0233903615631846,0,0,28.73160173160173,169.38708342077788,MYOG;SMYD1,GO Biological Process
GO_Biological_Process_2023,Heart Development (GO:0007507),4/171,0.0027453974719119,0.0233903615631846,0,0,7.397080838323354,43.6267209607359,CSRP3;MYL2;TCAP;MYH7,GO Biological Process
Cancer_Cell_Line_Encyclopedia,LI7 LIVER,4/131,0.001035258015484,0.0235667180835711,0,0,9.746555118110235,66.98909274830557,XIRP2;FADD;FGF3;FGF4,Cancer Cell Line Encyclopedia
Cancer_Cell_Line_Encyclopedia,T3M4 PANCREAS,4/132,0.0010649008171358,0.0235667180835711,0,0,9.669921875,66.18939308783337,SPRR3;SPINK7;CACNA1S;RPTN,Cancer Cell Line Encyclopedia
CellMarker_2024,Type II Pneumocyte Lung Mouse,2/25,0.0032487464098998,0.0236436544276047,0,0,26.23056653491436,150.2876657557229,SLC34A2;MYL1,CellMarker
MSigDB_Hallmark_2020,Apical Junction,4/200,0.0047986051189846,0.0239930255949231,0,0,6.293367346938775,33.6029944353692,ACTA1;ACTC1;ACTN2;NRAP,MSigDB Hallmark
MSigDB_Hallmark_2020,KRAS Signaling Dn,4/200,0.0047986051189846,0.0239930255949231,0,0,6.293367346938775,33.6029944353692,SPRR3;ACTC1;CKM;MYH7,MSigDB Hallmark
CellMarker_2024,Cardiomyocyte Heart Human,2/26,0.0035117758263918,0.0242127701714385,0,0,25.136363636363637,142.0615131867415,MYL2;MYH7,CellMarker
KEGG_2021_Human,Calcium signaling pathway,5/240,0.0013451471201442,0.0260061776561217,0,0,6.652144545761567,43.97900319342434,TNNC1;CACNA1S;FGF3;FGF4;TRDN,KEGG Pathways
GO_Cellular_Component_2023,Cytoskeleton (GO:0005856),7/599,0.0041679586721087,0.0262902008548398,0,0,3.7488923349579086,20.545162969148624,ACTA1;DES;CTTN;ACTN2;MYL2;NEFM;KLHL41,GO Cellular Component
CellMarker_2024,Rheaume Et al.Nat Commun.32 Retina Mouse,2/28,0.0040666203013127,0.0266363629735986,0,0,23.2004662004662,127.71724440818856,MYH2;MYH8,CellMarker
GO_Cellular_Component_2023,Intercalated Disc (GO:0014704),2/31,0.0049698589293484,0.0291091737290409,0,0,20.79728317659352,110.31635651344553,DES;NRAP,GO Cellular Component
KEGG_2021_Human,Metabolism of xenobiotics by cytochrome P450,3/76,0.002213182258085,0.0296102154818125,0,0,12.555742887249735,76.75732261509744,GSTM1;ADH7;UGT1A7,KEGG Pathways
KEGG_2021_Human,Arrhythmogenic right ventricular cardiomyopathy,3/77,0.0022973443046233,0.0296102154818125,0,0,12.385446985446986,75.25399413146187,DES;ACTN2;CACNA1S,KEGG Pathways
KEGG_2021_Human,Melanoma,3/72,0.001895838132275,0.0296102154818125,0,0,13.28628762541806,83.2797030961845,CCND1;FGF3;FGF4,KEGG Pathways
CellMarker_2024,Epithelial Cell Bronchial Vessel Human,2/31,0.0049698589293484,0.0310024533211736,0,0,20.79728317659352,110.31635651344553,MUC5B;LTF,CellMarker
Cancer_Cell_Line_Encyclopedia,KYSE520 OESOPHAGUS,3/66,0.0014758981403422,0.031301339726425,0,0,14.556043956043956,94.8834060906592,LCE3D;ACTC1;RPTN,Cancer Cell Line Encyclopedia
Cancer_Cell_Line_Encyclopedia,KMBC2 URINARY TRACT,4/148,0.0016240064024725,0.0330647703543414,0,0,8.588541666666666,55.16299295517263,PIGR;SPRR3;UPK1B;BPIFB1,Cancer Cell Line Encyclopedia
GO_Biological_Process_2023,Cell-Substrate Junction Assembly (GO:0007044),2/28,0.0040666203013127,0.0339804035346982,0,0,23.2004662004662,127.71724440818856,CTTN;ACTN2,GO Biological Process
PanglaoDB_Augmented_2021,Ciliated Cells,3/104,0.0053583527040772,0.034585731089953,0,0,9.062147753236864,47.38686487674727,BPIFA1;BPIFB1;ADH7,PanglaoDB
GO_Biological_Process_2023,Regulation Of Striated Muscle Contraction (GO:0006942),2/29,0.0043583027397844,0.0358107208452289,0,0,22.34006734006734,121.43329141490818,MYL2;MYBPH,GO Biological Process
Reactome_2022,FGFRL1 Modulation Of FGFR1 Signaling R-HSA-5658623,2/13,0.0008672004982370924,0.0361333540932121,0,0,54.878787878787875,386.90864481269017,FGF3;FGF4,Reactome Pathways
GO_Biological_Process_2023,Negative Regulation Of Calcium Ion Transmembrane Transporter Activity (GO:1901020),2/30,0.0046594041129255,0.0376571512733164,0,0,21.541125541125545,115.65145339322927,SLN;TRDN,GO Biological Process
GO_Biological_Process_2023,Purine Ribonucleoside Triphosphate Metabolic Process (GO:0009205),2/32,0.0052896020248526,0.0413932348928944,0,0,20.1030303030303,105.38033146318956,MYH8;MYH7,GO Biological Process
GO_Biological_Process_2023,Muscle Cell Development (GO:0055001),2/32,0.0052896020248526,0.0413932348928944,0,0,20.1030303030303,105.38033146318956,ACTN2;TCAP,GO Biological Process
Reactome_2022,FGFR1 Ligand Binding And Activation R-HSA-190242,2/16,0.0013253963875063,0.0414186371095723,0,0,43.112554112554115,285.66566773659633,FGF3;FGF4,Reactome Pathways
Reactome_2022,Phospholipase C-mediated Cascade: FGFR1 R-HSA-5654219,2/16,0.0013253963875063,0.0414186371095723,0,0,43.112554112554115,285.66566773659633,FGF3;FGF4,Reactome Pathways
Reactome_2022,Activated Point Mutants Of FGFR2 R-HSA-2033519,2/17,0.0014988231077721,0.0416339752158929,0,0,40.236363636363635,261.66009341787907,FGF3;FGF4,Reactome Pathways
Reactome_2022,FGFR2 Ligand Binding And Activation R-HSA-190241,2/20,0.0020802097196089,0.0419672016575893,0,0,33.525252525252526,207.02804146104273,FGF3;FGF4,Reactome Pathways
Reactome_2022,FRS-mediated FGFR1 Signaling R-HSA-5654693,2/22,0.0025180320994553,0.0419672016575893,0,0,30.169696969696968,180.5438416371124,FGF3;FGF4,Reactome Pathways
Reactome_2022,SHC-mediated cascade:FGFR2 R-HSA-5654699,2/22,0.0025180320994553,0.0419672016575893,0,0,30.169696969696968,180.5438416371124,FGF3;FGF4,Reactome Pathways
Reactome_2022,SHC-mediated cascade:FGFR1 R-HSA-5654688,2/20,0.0020802097196089,0.0419672016575893,0,0,33.525252525252526,207.02804146104273,FGF3;FGF4,Reactome Pathways
Reactome_2022,Phospholipase C-mediated Cascade; FGFR2 R-HSA-5654221,2/18,0.0016824805132125,0.0419672016575893,0,0,37.71969696969697,240.93403928127228,FGF3;FGF4,Reactome Pathways
Reactome_2022,PI-3K cascade:FGFR1 R-HSA-5654689,2/21,0.0022941435449256,0.0419672016575893,0,0,31.759170653907496,193.0130467915525,FGF3;FGF4,Reactome Pathways
Reactome_2022,PI-3K cascade:FGFR2 R-HSA-5654695,2/23,0.0027518072427276,0.0429969881676188,0,0,28.73160173160173,169.38708342077788,FGF3;FGF4,Reactome Pathways
Reactome_2022,FRS-mediated FGFR2 Signaling R-HSA-5654700,2/24,0.0029954011693546,0.0440500171963917,0,0,27.424242424242426,159.35341771425578,FGF3;FGF4,Reactome Pathways
GO_Cellular_Component_2023,Brush Border Membrane (GO:0031526),2/40,0.0081742109725009,0.0446856866496717,0,0,15.864433811802233,76.25670171031994,SLC34A2;SHANK2,GO Cellular Component
PanglaoDB_Augmented_2021,Intercalated Cells,3/118,0.0075936925993113,0.0449293478792588,0,0,7.953311036789298,38.81563582183563,PIGR;SLC34A2;BPIFB1,PanglaoDB
GO_Biological_Process_2023,ATP Metabolic Process (GO:0046034),2/34,0.0059566939997746,0.0458851584670141,0,0,18.84469696969697,96.54589870420406,MYH8;MYH7,GO Biological Process
GO_Biological_Process_2023,Cell-Matrix Adhesion (GO:0007160),3/109,0.0061033061199502,0.0462912294943915,0,0,8.632510885341073,44.01652269786551,CTTN;ACTN2;PPFIA1,GO Biological Process
GO_Biological_Process_2023,Positive Regulation Of Cell Development (GO:0010720),2/35,0.0063039141585197,0.0470883284871246,0,0,18.272727272727273,92.58031756768877,MYOG;MYF6,GO Biological Process
Reactome_2022,Antimicrobial Peptides R-HSA-6803157,3/89,0.0034646715994478,0.0481204388812198,0,0,10.650805008944545,60.338274087322745,BPIFA1;BPIFB1;LTF,Reactome Pathways
Cancer_Cell_Line_Encyclopedia,NCIH2170 LUNG,3/80,0.0025616672983476,0.0482921724021837,0,0,11.9010989010989,71.01501088382052,BPIFB1;TCAP;MUC5B,Cancer Cell Line Encyclopedia
Cancer_Cell_Line_Encyclopedia,NCIH1734 LUNG,3/80,0.0025616672983476,0.0482921724021837,0,0,11.9010989010989,71.01501088382052,BPIFA1;BPIFB1;HORMAD1,Cancer Cell Line Encyclopedia
CellMarker_2024,Krt4/13+ Cell Trachea Mouse,3/124,0.0086966292801961,0.0517844743502588,0,0,7.556643356643357,35.85491077419694,UPK1B;ADH7;LTF,CellMarker
GO_Cellular_Component_2023,Focal Adhesion (GO:0005925),5/387,0.0101743325988453,0.0521434545690823,0,0,4.061746862793983,18.634836206098065,ACTC1;CTTN;ACTN2;PPFIA1;XIRP2,GO Cellular Component
Reactome_2022,Myogenesis R-HSA-525793,2/29,0.0043583027397844,0.0544787842473056,0,0,22.34006734006734,121.43329141490818,MYOG;MYF6,Reactome Pathways
Reactome_2022,Downstream Signaling Of Activated FGFR2 R-HSA-5654696,2/29,0.0043583027397844,0.0544787842473056,0,0,22.34006734006734,121.43329141490818,FGF3;FGF4,Reactome Pathways
Reactome_2022,Downstream Signaling Of Activated FGFR1 R-HSA-5654687,2/30,0.0046594041129255,0.0554690965824472,0,0,21.541125541125545,115.65145339322927,FGF3;FGF4,Reactome Pathways
GO_Biological_Process_2023,Retina Homeostasis (GO:0001895),2/39,0.0077824691030821,0.0556051777944852,0,0,16.294021294021295,79.12183861051456,PIGR;LTF,GO Biological Process
GO_Biological_Process_2023,Positive Regulation Of Intracellular Transport (GO:0032388),2/39,0.0077824691030821,0.0556051777944852,0,0,16.294021294021295,79.12183861051456,ACTN2;MYL1,GO Biological Process
GO_Biological_Process_2023,Fibroblast Growth Factor Receptor Signaling Pathway (GO:0008543),2/39,0.0077824691030821,0.0556051777944852,0,0,16.294021294021295,79.12183861051456,FGF3;FGF4,GO Biological Process
GO_Biological_Process_2023,Positive Regulation Of Phosphorylation (GO:0042327),4/231,0.0079292776239378,0.0558447695514477,0,0,5.425385462555066,26.2436384348986,CSRP3;CCND1;FGF3;FGF4,GO Biological Process
PanglaoDB_Augmented_2021,Cholangiocytes,3/134,0.0107341655413983,0.0566581223915529,0,0,6.976277157956547,31.632698040210716,PIGR;SCGB3A1;MUC5B,PanglaoDB
PanglaoDB_Augmented_2021,Ependymal Cells,3/136,0.0111720241335456,0.0566581223915529,0,0,6.870676691729323,30.87917405822662,BPIFA1;BPIFB1;ADH7,PanglaoDB
Cancer_Cell_Line_Encyclopedia,A172 CENTRAL NERVOUS SYSTEM,3/86,0.0031449411298114,0.0571705369669292,0,0,11.037442075996292,63.59730093256308,DES;SPINK6;MYL2,Cancer Cell Line Encyclopedia
GO_Biological_Process_2023,Positive Regulation Of Actin Filament Polymerization (GO:0030838),2/41,0.0085746690191542,0.0587126642561535,0,0,15.456876456876456,73.55839223915375,CTTN;LMOD2,GO Biological Process
GO_Biological_Process_2023,Regulation Of Cell Motility (GO:2000145),3/123,0.0085066405985343,0.0587126642561535,0,0,7.62,36.32384028293845,CSRP3;FGF3;FGF4,GO Biological Process
Reactome_2022,Negative Regulation Of FGFR1 Signaling R-HSA-5654726,2/33,0.0056185685544129,0.0610713973305758,0,0,19.453567937438905,100.80213187276532,FGF3;FGF4,Reactome Pathways
Reactome_2022,FGFR2 Mutant Receptor Activation R-HSA-1839126,2/33,0.0056185685544129,0.0610713973305758,0,0,19.453567937438905,100.80213187276532,FGF3;FGF4,Reactome Pathways
Reactome_2022,Negative Regulation Of FGFR2 Signaling R-HSA-5654727,2/34,0.0059566939997746,0.0620488958309859,0,0,18.84469696969697,96.54589870420406,FGF3;FGF4,Reactome Pathways
GO_Biological_Process_2023,Negative Regulation Of Immune System Process (GO:0002683),2/44,0.0098277218378831,0.0663707789873475,0,0,14.35064935064935,66.33656728780416,BPIFB1;FADD,GO Biological Process
GO_Cellular_Component_2023,Tertiary Granule Lumen (GO:1904724),2/53,0.0140377695733921,0.0677115944128325,0,0,11.81283422459893,50.39359516285688,FLG2;LTF,GO Cellular Component
KEGG_2021_Human,Drug metabolism,3/108,0.005949632253918,0.0690157341454495,0,0,8.715164835164835,44.66021611996363,GSTM1;ADH7;UGT1A7,KEGG Pathways
CellMarker_2024,Lung Epithelial Cell Lung Human,1/6,0.020229739174506,0.0736137731072302,0,0,59.48358208955224,232.02175076653657,SLC34A2,CellMarker
CellMarker_2024,Urothelium Cell Kidney Human,1/5,0.016886331477543,0.0736137731072302,0,0,74.35820895522389,303.4744977483959,UPK1B,CellMarker
CellMarker_2024,Mural Cell Undefined Mouse,1/5,0.016886331477543,0.0736137731072302,0,0,74.35820895522389,303.4744977483959,DES,CellMarker
CellMarker_2024,Lee Et al.Cell.E Lung Mouse,1/6,0.020229739174506,0.0736137731072302,0,0,59.48358208955224,232.02175076653657,ACTC1,CellMarker
CellMarker_2024,Epithelial Cell Lung Human,2/63,0.0194677024405894,0.0736137731072302,0,0,9.871336313959263,38.88317865399663,SPRR3;MUC5B,CellMarker
CellMarker_2024,Epithelial Cell Blood Human,1/6,0.020229739174506,0.0736137731072302,0,0,59.48358208955224,232.02175076653657,SPRR3,CellMarker
CellMarker_2024,Smooth Muscle Cell Skin Human,1/5,0.016886331477543,0.0736137731072302,0,0,74.35820895522389,303.4744977483959,DES,CellMarker
CellMarker_2024,Muscle Cell Muscle Mouse,1/6,0.020229739174506,0.0736137731072302,0,0,59.48358208955224,232.02175076653657,ACTC1,CellMarker
CellMarker_2024,Basal Cell Skin Human,1/6,0.020229739174506,0.0736137731072302,0,0,59.48358208955224,232.02175076653657,KRT2,CellMarker
CellMarker_2024,Neuron Primary Motor Cortex Mouse,1/6,0.020229739174506,0.0736137731072302,0,0,59.48358208955224,232.02175076653657,MYH8,CellMarker
CellMarker_2024,Smooth Muscle Cell Lung Human,1/6,0.020229739174506,0.0736137731072302,0,0,59.48358208955224,232.02175076653657,DES,CellMarker
CellMarker_2024,Enteroendocrine Cell Ileum Human,1/6,0.020229739174506,0.0736137731072302,0,0,59.48358208955224,232.02175076653657,NTS,CellMarker
CellMarker_2024,Pretubular Aggregate Cell Fetal Kidney Human,1/6,0.020229739174506,0.0736137731072302,0,0,59.48358208955224,232.02175076653657,CCND1,CellMarker
CellMarker_2024,Cardiac-muscle-cell Lineage Embryo Mouse,1/5,0.016886331477543,0.0736137731072302,0,0,74.35820895522389,303.4744977483959,MYL2,CellMarker
OMIM_Disease,ichthyosis,1/17,0.056275905553084,0.0750345407374454,0,0,18.578358208955223,53.4590176825742,KRT2,OMIM Disease
CellMarker_2024,Early Neuroblast Brain Mouse,1/7,0.0235619444744116,0.0771653681536983,0,0,49.56716417910448,185.78379790492124,FGF3,CellMarker
CellMarker_2024,Myoblast Muscle Human,1/7,0.0235619444744116,0.0771653681536983,0,0,49.56716417910448,185.78379790492124,MYOG,CellMarker
CellMarker_2024,Granulocyte Bone Marrow Mouse,1/7,0.0235619444744116,0.0771653681536983,0,0,49.56716417910448,185.78379790492124,LTF,CellMarker
CellMarker_2024,Neuron Pluripotent Stem Cell Human,1/7,0.0235619444744116,0.0771653681536983,0,0,49.56716417910448,185.78379790492124,NEFM,CellMarker
GO_Biological_Process_2023,Antibacterial Humoral Response (GO:0019731),2/49,0.0120847413708695,0.0805105067005226,0,0,12.820760799484203,56.61406510399833,BPIFA1;LTF,GO Biological Process
GO_Cellular_Component_2023,Filopodium (GO:0030175),2/60,0.0177588230505749,0.0809013050081745,0,0,10.383490073145246,41.85452784289615,ACTC1;ACTN2,GO Cellular Component
CellMarker_2024,P53-like Cell Bladder Human,1/8,0.0268829840764004,0.0818993235815921,0,0,42.48400852878465,153.63329523076956,DES,CellMarker
CellMarker_2024,Ganglion Cell Retina Human,1/8,0.0268829840764004,0.0818993235815921,0,0,42.48400852878465,153.63329523076956,NEFM,CellMarker
CellMarker_2024,Ganglion Cell Retina Mouse,1/8,0.0268829840764004,0.0818993235815921,0,0,42.48400852878465,153.63329523076956,NEFM,CellMarker
Cancer_Cell_Line_Encyclopedia,CAPAN1 PANCREAS,3/99,0.0046711795590451,0.0819872550191027,0,0,9.53653846153846,51.17634268241488,PIGR;BPIFB1;TNNC1,Cancer Cell Line Encyclopedia
CellMarker_2024,Late Enterocyte Precursor Cell Intestinal Crypt Mouse,1/10,0.0334917127632155,0.0827814032449289,0,0,33.039800995024876,112.21827165973409,GSTM1,CellMarker
CellMarker_2024,Mesangial Cell Kidney Mouse,3/198,0.0299398212066266,0.0827814032449289,0,0,4.671479289940828,16.390192807184754,ANO1;DES;CCND1,CellMarker
CellMarker_2024,Epithelial Cell Esophagus Human,1/9,0.0301928946413059,0.0827814032449289,0,0,37.17164179104478,130.10627217002806,SPRR3,CellMarker
CellMarker_2024,Epithelial Cell Ovarian Cortex Human,1/9,0.0301928946413059,0.0827814032449289,0,0,37.17164179104478,130.10627217002806,PIGR,CellMarker
CellMarker_2024,Myofibroblast Undefined Human,1/9,0.0301928946413059,0.0827814032449289,0,0,37.17164179104478,130.10627217002806,DES,CellMarker
CellMarker_2024,Epicardial Cell Heart Muscle Mouse,1/10,0.0334917127632155,0.0827814032449289,0,0,33.039800995024876,112.21827165973409,UPK1B,CellMarker
CellMarker_2024,Cardiomyocyte Heart Muscle Mouse,1/10,0.0334917127632155,0.0827814032449289,0,0,33.039800995024876,112.21827165973409,MYH7,CellMarker
CellMarker_2024,Embryonic Stem Cell Blood Mouse,1/10,0.0334917127632155,0.0827814032449289,0,0,33.039800995024876,112.21827165973409,FGF4,CellMarker
CellMarker_2024,Stellate Cell Liver Mouse,1/10,0.0334917127632155,0.0827814032449289,0,0,33.039800995024876,112.21827165973409,DES,CellMarker
CellMarker_2024,Enterocyte Intestine Mouse,1/10,0.0334917127632155,0.0827814032449289,0,0,33.039800995024876,112.21827165973409,CCND1,CellMarker
GO_Cellular_Component_2023,Cortical Cytoskeleton (GO:0030863),2/63,0.0194677024405894,0.0840185052699121,0,0,9.871336313959263,38.88317865399663,CTTN;ACTN2,GO Cellular Component
Cancer_Cell_Line_Encyclopedia,KYSE140 OESOPHAGUS,3/102,0.0050766226053206,0.086133363536941,0,0,9.246153846153844,48.84843933940704,PPFIA1;FADD;NTS,Cancer Cell Line Encyclopedia
CellMarker_2024,Rheaume Et al.Nat Commun.29 Retina Mouse,1/11,0.0367794749552908,0.0892242818359832,0,0,29.734328358208955,98.20699568293152,NTS,CellMarker
Reactome_2022,Signaling By FGFR2 In Disease R-HSA-5655253,2/42,0.0089837812478537,0.0898378124785378,0,0,15.06969696969697,71.0134515924959,FGF3;FGF4,Reactome Pathways
GO_Cellular_Component_2023,Death-Inducing Signaling Complex (GO:0031264),1/7,0.0235619444744116,0.092003783185798,0,0,49.56716417910448,185.78379790492124,FADD,GO Cellular Component
GO_Cellular_Component_2023,Intermediate Filament (GO:0005882),2/69,0.0230828770826961,0.092003783185798,0,0,8.984622342831297,33.86002446746899,KRT2;NEFM,GO Cellular Component
Cancer_Cell_Line_Encyclopedia,A253 SALIVARY GLAND,3/109,0.0061033061199502,0.0941388731834743,0,0,8.632510885341073,44.01652269786551,SPRR2G;KRT24;NEFM,Cancer Cell Line Encyclopedia
Cancer_Cell_Line_Encyclopedia,SNU475 LIVER,3/109,0.0061033061199502,0.0941388731834743,0,0,8.632510885341073,44.01652269786551,ACTC1;MYBPH;ASB5,Cancer Cell Line Encyclopedia
Cancer_Cell_Line_Encyclopedia,MDAMB361 BREAST,3/109,0.0061033061199502,0.0941388731834743,0,0,8.632510885341073,44.01652269786551,MYBPC1;BPIFB1;LTF,Cancer Cell Line Encyclopedia
PanglaoDB_Augmented_2021,Smooth Muscle Cells,3/169,0.0198963880547454,0.0941762367924616,0,0,5.495644114921223,21.527630929438807,ACTC1;DES;ANKRD1,PanglaoDB
Reactome_2022,PI3K Cascade R-HSA-109704,2/44,0.0098277218378831,0.0944973253642606,0,0,14.35064935064935,66.33656728780416,FGF3;FGF4,Reactome Pathways
CellMarker_2024,Rheaume Et al.Nat Commun.22 Retina Mouse,1/12,0.0400562176312821,0.0954066274490537,0,0,27.029850746268657,86.96777093294467,CKM,CellMarker
GO_Cellular_Component_2023,Pseudopodium (GO:0031143),1/8,0.0268829840764004,0.0958436823593407,0,0,42.48400852878465,153.63329523076956,ACTN2,GO Cellular Component
GO_Cellular_Component_2023,Junctional Sarcoplasmic Reticulum Membrane (GO:0014701),1/8,0.0268829840764004,0.0958436823593407,0,0,42.48400852878465,153.63329523076956,TRDN,GO Cellular Component
GO_Biological_Process_2023,Cellular Response To Fibroblast Growth Factor Stimulus (GO:0044344),2/55,0.0150621225458357,0.0977542709700734,0,0,11.365923384791309,47.686551353608394,FGF3;FGF4,GO Biological Process
GO_Biological_Process_2023,Regulation Of Cell Population Proliferation (GO:0042127),7/766,0.0150696239223642,0.0977542709700734,0,0,2.8987883107626513,12.160632117628516,MYOG;SCGB3A1;PRAME;FGF3;KLHL41;SHANK2;FGF4,GO Biological Process
CellMarker_2024,Basal Cell Trachea Mouse,2/98,0.0439278715695655,0.0992163995795358,0,0,6.261363636363637,19.568052911815936,UPK1B;ADH7,CellMarker
CellMarker_2024,Rheaume Et al.Nat Commun.23 Retina Mouse,1/13,0.0433219771034119,0.0992163995795358,0,0,24.77611940298507,77.77459794803441,CSRP3,CellMarker
CellMarker_2024,Basophil Bone Marrow Mouse,1/13,0.0433219771034119,0.0992163995795358,0,0,24.77611940298507,77.77459794803441,CSRP3,CellMarker
CellMarker_2024,Idiopathic Pulmonary Fibrosis Cell Lung Human,1/14,0.0465767895867937,0.1000255645224587,0,0,22.869115958668196,70.13164167770657,MUC5B,CellMarker
CellMarker_2024,Hematopoietic Stem Cell Bone Mouse,1/14,0.0465767895867937,0.1000255645224587,0,0,22.869115958668196,70.13164167770657,PIGR,CellMarker
CellMarker_2024,Luminal Cell Breast Mouse,1/14,0.0465767895867937,0.1000255645224587,0,0,22.869115958668196,70.13164167770657,LTF,CellMarker
GO_Biological_Process_2023,Negative Regulation Of Calcium Ion Import (GO:0090281),1/5,0.016886331477543,0.1003007399810686,0,0,74.35820895522389,303.4744977483959,SLN,GO Biological Process
GO_Biological_Process_2023,Positive Regulation Of Cell Differentiation (GO:0045597),4/283,0.0157482744617341,0.1003007399810686,0,0,4.40255376344086,18.27510843642246,MYOG;MYF6;SMYD1;LTF,GO Biological Process
GO_Biological_Process_2023,Striated Muscle Hypertrophy (GO:0014897),1/5,0.016886331477543,0.1003007399810686,0,0,74.35820895522389,303.4744977483959,TCAP,GO Biological Process
GO_Biological_Process_2023,Positive Regulation Of Osteoblast Proliferation (GO:0033690),1/5,0.016886331477543,0.1003007399810686,0,0,74.35820895522389,303.4744977483959,LTF,GO Biological Process
GO_Biological_Process_2023,Intracellular Phosphate Ion Homeostasis (GO:0030643),1/5,0.016886331477543,0.1003007399810686,0,0,74.35820895522389,303.4744977483959,SLC34A2,GO Biological Process
GO_Biological_Process_2023,Regulation Of Protein Depolymerization (GO:1901879),1/5,0.016886331477543,0.1003007399810686,0,0,74.35820895522389,303.4744977483959,SLN,GO Biological Process
GO_Biological_Process_2023,Coumarin Metabolic Process (GO:0009804),1/5,0.016886331477543,0.1003007399810686,0,0,74.35820895522389,303.4744977483959,UGT1A7,GO Biological Process
Cancer_Cell_Line_Encyclopedia,IGROV1 OVARY,3/113,0.0067417025821938,0.1009272533628427,0,0,8.316923076923077,41.57998100648248,SLC34A2;TNNC1;KRT24,Cancer Cell Line Encyclopedia
GO_Biological_Process_2023,Heart Morphogenesis (GO:0003007),2/59,0.0172041893668329,0.1009722066410551,0,0,10.566188197767143,42.92622107655824,ANKRD1;TCAP,GO Biological Process
GO_Biological_Process_2023,Long-Term Synaptic Depression (GO:0060292),1/6,0.020229739174506,0.1017679736023619,0,0,59.48358208955224,232.02175076653657,SHANK2,GO Biological Process
GO_Biological_Process_2023,Keratinocyte Proliferation (GO:0043616),1/6,0.020229739174506,0.1017679736023619,0,0,59.48358208955224,232.02175076653657,KRT2,GO Biological Process
GO_Biological_Process_2023,Skeletal Muscle Cell Differentiation (GO:0035914),1/6,0.020229739174506,0.1017679736023619,0,0,59.48358208955224,232.02175076653657,KLHL41,GO Biological Process
GO_Biological_Process_2023,Negative Regulation Of Retinoic Acid Receptor Signaling Pathway (GO:0048387),1/6,0.020229739174506,0.1017679736023619,0,0,59.48358208955224,232.02175076653657,PRAME,GO Biological Process
GO_Biological_Process_2023,Xenobiotic Glucuronidation (GO:0052697),1/6,0.020229739174506,0.1017679736023619,0,0,59.48358208955224,232.02175076653657,UGT1A7,GO Biological Process
GO_Biological_Process_2023,TRAIL-activated Apoptotic Signaling Pathway (GO:0036462),1/6,0.020229739174506,0.1017679736023619,0,0,59.48358208955224,232.02175076653657,FADD,GO Biological Process
GO_Biological_Process_2023,Negative Regulation Of Meiotic Nuclear Division (GO:0045835),1/6,0.020229739174506,0.1017679736023619,0,0,59.48358208955224,232.02175076653657,HORMAD1,GO Biological Process
GO_Biological_Process_2023,Regulation Of Relaxation Of Muscle (GO:1901077),1/6,0.020229739174506,0.1017679736023619,0,0,59.48358208955224,232.02175076653657,SLN,GO Biological Process
GO_Biological_Process_2023,Meiotic DNA Double-Strand Break Formation (GO:0042138),1/6,0.020229739174506,0.1017679736023619,0,0,59.48358208955224,232.02175076653657,HORMAD1,GO Biological Process
GO_Biological_Process_2023,Regulation Of Skeletal Muscle Satellite Cell Proliferation (GO:0014842),1/6,0.020229739174506,0.1017679736023619,0,0,59.48358208955224,232.02175076653657,MYOG,GO Biological Process
GO_Biological_Process_2023,Regulation Of Osteoclast Development (GO:2001204),1/6,0.020229739174506,0.1017679736023619,0,0,59.48358208955224,232.02175076653657,LTF,GO Biological Process
GO_Biological_Process_2023,Release Of Sequestered Calcium Ion Into Cytosol By Sarcoplasmic Reticulum (GO:0014808),1/6,0.020229739174506,0.1017679736023619,0,0,59.48358208955224,232.02175076653657,TRDN,GO Biological Process
GO_Biological_Process_2023,Regulation Of Cardiac Muscle Cell Membrane Potential (GO:0086036),1/6,0.020229739174506,0.1017679736023619,0,0,59.48358208955224,232.02175076653657,TRDN,GO Biological Process
GO_Biological_Process_2023,Regulation Of Endothelial Cell Chemotaxis To Fibroblast Growth Factor (GO:2000544),1/6,0.020229739174506,0.1017679736023619,0,0,59.48358208955224,232.02175076653657,FGF4,GO Biological Process
GO_Biological_Process_2023,Antimicrobial Humoral Immune Response Mediated By Antimicrobial Peptide (GO:0061844),2/65,0.0206438804303416,0.1028023540622063,0,0,9.556998556998558,37.08436890424736,BPIFA1;LTF,GO Biological Process
Reactome_2022,IRS-mediated Signaling R-HSA-112399,2/47,0.011157007032523,0.1033056206715096,0,0,13.391919191919191,60.20588431539311,FGF3;FGF4,Reactome Pathways
CellMarker_2024,Pericyte Brain Mouse,1/15,0.0498206911792053,0.1035954054678714,0,0,21.23454157782516,63.6892892034775,DES,CellMarker
CellMarker_2024,Keratinocyte Skin Human,1/15,0.0498206911792053,0.1035954054678714,0,0,21.23454157782516,63.6892892034775,KRT2,CellMarker
GO_Biological_Process_2023,Sodium-Dependent Phosphate Transport (GO:0044341),1/7,0.0235619444744116,0.1043679226278867,0,0,49.56716417910448,185.78379790492124,SLC34A2,GO Biological Process
GO_Biological_Process_2023,Regulation Of ATPase-coupled Calcium Transmembrane Transporter Activity (GO:1901894),1/7,0.0235619444744116,0.1043679226278867,0,0,49.56716417910448,185.78379790492124,SLN,GO Biological Process
GO_Biological_Process_2023,Regulation Of Actin Filament Polymerization (GO:0030833),2/70,0.0237103597045097,0.1043679226278867,0,0,8.85204991087344,33.122982836017705,CTTN;LMOD2,GO Biological Process
GO_Biological_Process_2023,Negative Regulation Of T Cell Apoptotic Process (GO:0070233),1/7,0.0235619444744116,0.1043679226278867,0,0,49.56716417910448,185.78379790492124,FADD,GO Biological Process
GO_Biological_Process_2023,Hepoxilin Metabolic Process (GO:0051121),1/7,0.0235619444744116,0.1043679226278867,0,0,49.56716417910448,185.78379790492124,GSTM1,GO Biological Process
GO_Biological_Process_2023,Spleen Development (GO:0048536),1/7,0.0235619444744116,0.1043679226278867,0,0,49.56716417910448,185.78379790492124,FADD,GO Biological Process
GO_Biological_Process_2023,Ethanol Oxidation (GO:0006069),1/7,0.0235619444744116,0.1043679226278867,0,0,49.56716417910448,185.78379790492124,ADH7,GO Biological Process
GO_Biological_Process_2023,Regulation Of Extent Of Cell Growth (GO:0061387),1/7,0.0235619444744116,0.1043679226278867,0,0,49.56716417910448,185.78379790492124,CTTN,GO Biological Process
GO_Biological_Process_2023,Hepoxilin Biosynthetic Process (GO:0051122),1/7,0.0235619444744116,0.1043679226278867,0,0,49.56716417910448,185.78379790492124,GSTM1,GO Biological Process
GO_Biological_Process_2023,Positive Regulation Of Ryanodine-Sensitive Calcium-Release Channel Activity (GO:0060316),1/7,0.0235619444744116,0.1043679226278867,0,0,49.56716417910448,185.78379790492124,TRDN,GO Biological Process
GO_Biological_Process_2023,Positive Regulation Of Protein Polymerization (GO:0032273),2/70,0.0237103597045097,0.1043679226278867,0,0,8.85204991087344,33.122982836017705,CTTN;LMOD2,GO Biological Process
GO_Biological_Process_2023,Release Of Sequestered Calcium Ion Into Cytosol By Endoplasmic Reticulum (GO:1903514),1/7,0.0235619444744116,0.1043679226278867,0,0,49.56716417910448,185.78379790492124,TRDN,GO Biological Process
GO_Biological_Process_2023,Intermediate Filament Bundle Assembly (GO:0045110),1/7,0.0235619444744116,0.1043679226278867,0,0,49.56716417910448,185.78379790492124,NEFM,GO Biological Process
GO_Biological_Process_2023,Positive Regulation Of Cell Population Proliferation (GO:0008284),5/483,0.0241788847512499,0.1054884086935062,0,0,3.2300591087201966,12.023170070109586,PRAME;FGF3;SHANK2;FGF4;LTF,GO Biological Process
Reactome_2022,IRS-related Events Triggered By IGF1R R-HSA-2428928,2/51,0.0130451531567721,0.1063467391923644,0,0,12.296227581941867,53.357495224329035,FGF3;FGF4,Reactome Pathways
Reactome_2022,Signaling By FGFR1 R-HSA-5654736,2/49,0.0120847413708695,0.1063467391923644,0,0,12.820760799484203,56.61406510399833,FGF3;FGF4,Reactome Pathways
Reactome_2022,Signaling By Type 1 Insulin-like Growth Factor 1 Receptor (IGF1R) R-HSA-2404192,2/53,0.0140377695733921,0.1063467391923644,0,0,11.81283422459893,50.39359516285688,FGF3;FGF4,Reactome Pathways
Reactome_2022,Insulin Receptor Signaling Cascade R-HSA-74751,2/53,0.0140377695733921,0.1063467391923644,0,0,11.81283422459893,50.39359516285688,FGF3;FGF4,Reactome Pathways
Reactome_2022,Ion Homeostasis R-HSA-5578775,2/50,0.0125608922452035,0.1063467391923644,0,0,12.553030303030305,54.94671101969335,SLN;TRDN,Reactome Pathways
Reactome_2022,IGF1R Signaling Cascade R-HSA-2428924,2/52,0.0135374651522263,0.1063467391923644,0,0,12.049696969696967,51.84134187640708,FGF3;FGF4,Reactome Pathways
CellMarker_2024,Neuron Inferior Colliculus Mouse,1/16,0.0530537178751864,0.1069236467946065,0,0,19.817910447761193,58.19430975162623,NTS,CellMarker
CellMarker_2024,Cardiomyocyte Embryo Mouse,1/16,0.0530537178751864,0.1069236467946065,0,0,19.817910447761193,58.19430975162623,TNNC1,CellMarker
Cancer_Cell_Line_Encyclopedia,NCIH1781 LUNG,3/117,0.0074184496843124,0.107885453980429,0,0,8.023481781376518,39.34543105999912,SLC34A2;BPIFB1;HORMAD1,Cancer Cell Line Encyclopedia
Human_Gene_Atlas,Colorectaladenocarcinoma,4/292,0.0174623372076962,0.1082664906877167,0,0,4.263020833333333,17.25546726922195,ANO1;CCND1;PPFIA1;FGF3,Human Gene Atlas
GO_Biological_Process_2023,Positive Regulation Of Adaptive Immune Response (GO:0002821),1/8,0.0268829840764004,0.1113723626022305,0,0,42.48400852878465,153.63329523076956,FADD,GO Biological Process
GO_Biological_Process_2023,Regulation Of Tumor Necrosis Factor Superfamily Cytokine Production (GO:1903555),1/8,0.0268829840764004,0.1113723626022305,0,0,42.48400852878465,153.63329523076956,LTF,GO Biological Process
GO_Biological_Process_2023,Regulation Of Skeletal Muscle Cell Differentiation (GO:2001014),1/8,0.0268829840764004,0.1113723626022305,0,0,42.48400852878465,153.63329523076956,KLHL41,GO Biological Process
GO_Biological_Process_2023,Negative Regulation Of Protein-Containing Complex Disassembly (GO:0043242),1/8,0.0268829840764004,0.1113723626022305,0,0,42.48400852878465,153.63329523076956,SLN,GO Biological Process
GO_Biological_Process_2023,Regulation Of Epidermis Development (GO:0045682),1/8,0.0268829840764004,0.1113723626022305,0,0,42.48400852878465,153.63329523076956,KRT2,GO Biological Process
GO_Biological_Process_2023,Gland Development (GO:0048732),2/74,0.0262896180895775,0.1113723626022305,0,0,8.358585858585858,30.41339308929262,FADD;UGT1A7,GO Biological Process
CellMarker_2024,Clara Cell Trachea Mouse,1/17,0.056275905553084,0.1116991458705153,0,0,18.578358208955223,53.4590176825742,BPIFA1,CellMarker
GO_Cellular_Component_2023,Actin-Based Cell Projection (GO:0098858),2/84,0.033204772723483,0.1134496401385669,0,0,7.335550628233555,24.978002174688363,ACTC1;ACTN2,GO Cellular Component
GO_Biological_Process_2023,Protein Localization To Membrane (GO:0072657),3/192,0.0276787340857232,0.1137134658688462,0,0,4.821245421245421,17.29424549610241,PIGR;ANO1;ACTN2,GO Biological Process
Reactome_2022,Sodium-coupled Phosphate Cotransporters R-HSA-427652,1/5,0.016886331477543,0.114096834307723,0,0,74.35820895522389,303.4744977483959,SLC34A2,Reactome Pathways
Reactome_2022,FasL/ CD95L Signaling R-HSA-75157,1/5,0.016886331477543,0.114096834307723,0,0,74.35820895522389,303.4744977483959,FADD,Reactome Pathways
Reactome_2022,Defective RIPK1-mediated Regulated Necrosis R-HSA-9693928,1/5,0.016886331477543,0.114096834307723,0,0,74.35820895522389,303.4744977483959,FADD,Reactome Pathways
Reactome_2022,Drug-mediated Inhibition Of CDK4/CDK6 Activity R-HSA-9754119,1/5,0.016886331477543,0.114096834307723,0,0,74.35820895522389,303.4744977483959,CCND1,Reactome Pathways
MSigDB_Hallmark_2020,Estrogen Response Late,3/200,0.0307146647785553,0.1151799929195826,0,0,4.623584537290121,16.10401456697529,CCND1;TNNC1;LTF,MSigDB Hallmark
CellMarker_2024,Wnt2+ Cell Lung Mouse,1/18,0.0594872899827324,0.1163109699662381,0,0,17.484635645302898,49.34151245692923,UPK1B,CellMarker
GO_Biological_Process_2023,Positive Regulation Of Cytoskeleton Organization (GO:0051495),2/79,0.0296657352467767,0.1181356909378082,0,0,7.813852813852814,27.48727914818012,CTTN;LMOD2,GO Biological Process
GO_Biological_Process_2023,Positive Regulation Of Myoblast Fusion (GO:1901741),1/9,0.0301928946413059,0.1181356909378082,0,0,37.17164179104478,130.10627217002806,SCGB3A1,GO Biological Process
GO_Biological_Process_2023,Histone Methylation (GO:0016571),1/9,0.0301928946413059,0.1181356909378082,0,0,37.17164179104478,130.10627217002806,SMYD1,GO Biological Process
GO_Biological_Process_2023,Negative Regulation Of Toll-Like Receptor 4 Signaling Pathway (GO:0034144),1/9,0.0301928946413059,0.1181356909378082,0,0,37.17164179104478,130.10627217002806,BPIFB1,GO Biological Process
GO_Biological_Process_2023,Regulation Of Sequestering Of Calcium Ion (GO:0051282),1/9,0.0301928946413059,0.1181356909378082,0,0,37.17164179104478,130.10627217002806,TRDN,GO Biological Process
GO_Biological_Process_2023,Positive Regulation Of Epidermis Development (GO:0045684),1/9,0.0301928946413059,0.1181356909378082,0,0,37.17164179104478,130.10627217002806,KRT2,GO Biological Process
Reactome_2022,FGFR1b Ligand Binding And Activation R-HSA-190370,1/6,0.020229739174506,0.1204151141339644,0,0,59.48358208955224,232.02175076653657,FGF3,Reactome Pathways
Reactome_2022,Metal Sequestration By Antimicrobial Proteins R-HSA-6799990,1/6,0.020229739174506,0.1204151141339644,0,0,59.48358208955224,232.02175076653657,LTF,Reactome Pathways
Reactome_2022,Signaling By FGFR In Disease R-HSA-1226099,2/61,0.0183209904394635,0.1204151141339644,0,0,10.20698510529019,40.824958531179334,FGF3;FGF4,Reactome Pathways
Reactome_2022,PTK6 Regulates Cell Cycle R-HSA-8849470,1/6,0.020229739174506,0.1204151141339644,0,0,59.48358208955224,232.02175076653657,CCND1,Reactome Pathways
Reactome_2022,TLR3-mediated TICAM1-dependent Programmed Cell Death R-HSA-9013957,1/6,0.020229739174506,0.1204151141339644,0,0,59.48358208955224,232.02175076653657,FADD,Reactome Pathways
Cancer_Cell_Line_Encyclopedia,JHOS4 OVARY,3/124,0.0086966292801961,0.122960675100551,0,0,7.556643356643357,35.85491077419694,SLC34A2;UPK1B;TNNC1,Cancer Cell Line Encyclopedia
GO_Biological_Process_2023,Positive Regulation Of Macrophage Differentiation (GO:0045651),1/10,0.0334917127632155,0.1232195103900392,0,0,33.039800995024876,112.21827165973409,FADD,GO Biological Process
GO_Biological_Process_2023,Meiotic Sister Chromatid Cohesion (GO:0051177),1/10,0.0334917127632155,0.1232195103900392,0,0,33.039800995024876,112.21827165973409,HORMAD1,GO Biological Process
GO_Biological_Process_2023,Positive Regulation Of Toll-Like Receptor 4 Signaling Pathway (GO:0034145),1/10,0.0334917127632155,0.1232195103900392,0,0,33.039800995024876,112.21827165973409,LTF,GO Biological Process
GO_Biological_Process_2023,Positive Regulation Of Protein Depolymerization (GO:1901881),1/10,0.0334917127632155,0.1232195103900392,0,0,33.039800995024876,112.21827165973409,SLN,GO Biological Process
GO_Biological_Process_2023,Negative Regulation Of Lipopolysaccharide-Mediated Signaling Pathway (GO:0031665),1/10,0.0334917127632155,0.1232195103900392,0,0,33.039800995024876,112.21827165973409,LTF,GO Biological Process
GO_Biological_Process_2023,Cellular Response To Cholesterol (GO:0071397),1/10,0.0334917127632155,0.1232195103900392,0,0,33.039800995024876,112.21827165973409,MYL1,GO Biological Process
GO_Biological_Process_2023,Purine Ribonucleotide Metabolic Process (GO:0009150),2/84,0.033204772723483,0.1232195103900392,0,0,7.335550628233555,24.978002174688363,MYH8;MYH7,GO Biological Process
GO_Biological_Process_2023,Surfactant Homeostasis (GO:0043129),1/10,0.0334917127632155,0.1232195103900392,0,0,33.039800995024876,112.21827165973409,BPIFA1,GO Biological Process
Reactome_2022,Ion Channel Transport R-HSA-983712,3/175,0.0217910284059355,0.1266920256159043,0,0,5.3023255813953485,20.288060026940617,ANO1;SLN;TRDN,Reactome Pathways
CellMarker_2024,Enteroendocrine Cell Intestinal Crypt Mouse,2/124,0.0666600478367522,0.128418621567861,0,0,4.920516641828117,13.325494626622934,PIGR;GSTM1,CellMarker
GO_Biological_Process_2023,Negative Regulation Of Ryanodine-Sensitive Calcium-Release Channel Activity (GO:0060315),1/11,0.0367794749552908,0.1285977386734636,0,0,29.734328358208955,98.20699568293152,TRDN,GO Biological Process
GO_Biological_Process_2023,Endoplasmic Reticulum Membrane Organization (GO:0090158),1/11,0.0367794749552908,0.1285977386734636,0,0,29.734328358208955,98.20699568293152,TRDN,GO Biological Process
GO_Biological_Process_2023,Regulation Of Cell Communication By Electrical Coupling Involved In Cardiac Conduction (GO:1901844),1/11,0.0367794749552908,0.1285977386734636,0,0,29.734328358208955,98.20699568293152,TRDN,GO Biological Process
GO_Biological_Process_2023,Cellular Response To Acetylcholine (GO:1905145),1/11,0.0367794749552908,0.1285977386734636,0,0,29.734328358208955,98.20699568293152,CHRND,GO Biological Process
GO_Biological_Process_2023,Negative Regulation Of Release Of Sequestered Calcium Ion Into Cytosol (GO:0051280),1/11,0.0367794749552908,0.1285977386734636,0,0,29.734328358208955,98.20699568293152,TRDN,GO Biological Process
GO_Biological_Process_2023,Positive Regulation Of Muscle Contraction (GO:0045933),1/11,0.0367794749552908,0.1285977386734636,0,0,29.734328358208955,98.20699568293152,CTTN,GO Biological Process
GO_Biological_Process_2023,Positive Regulation Of Macromolecule Metabolic Process (GO:0010604),4/364,0.0353697769870351,0.1285977386734636,0,0,3.3979166666666667,11.355489488532465,ACTC1;NTS;FGF3;FGF4,GO Biological Process
Cancer_Cell_Line_Encyclopedia,SW1353 BONE,3/128,0.0094814825748279,0.1304344494753362,0,0,7.313353846153846,34.06863422360056,MYL2;MYH8;LTF,Cancer Cell Line Encyclopedia
Reactome_2022,Highly Sodium Permeable Postsynaptic Acetylcholine Nicotinic Receptors R-HSA-629587,1/7,0.0235619444744116,0.1317644352466548,0,0,49.56716417910448,185.78379790492124,CHRND,Reactome Pathways
Reactome_2022,Innate Immune System R-HSA-168249,8/1035,0.0237175983443978,0.1317644352466548,0,0,2.454397922752353,9.183222997450628,PIGR;FLG2;BPIFA1;MYH2;BPIFB1;FADD;MUC5B;LTF,Reactome Pathways
CellMarker_2024,Beta-2M - SPalpha-6 + THY1 + Spermatogonial Stem Cell Testis Mouse,1/22,0.0722255067202058,0.1336726475335884,0,0,14.15138592750533,37.18930470253887,NEFM,CellMarker
CellMarker_2024,Transit Amplifying (TA) Cell Intestinal Crypt Mouse,2/128,0.0704439388843971,0.1336726475335884,0,0,4.763347763347763,12.636866663127067,PIGR;GSTM1,CellMarker
CellMarker_2024,Goblet Cell Intestinal Crypt Mouse,3/284,0.0724485341594258,0.1336726475335884,0,0,3.2276485080755544,8.472186281049764,PIGR;GSTM1;CCND1,CellMarker
GO_Biological_Process_2023,Regulation Of Cell Communication By Electrical Coupling (GO:0010649),1/12,0.0400562176312821,0.1352583239193293,0,0,27.029850746268657,86.96777093294467,TRDN,GO Biological Process
GO_Biological_Process_2023,Negative Regulation By Host Of Viral Process (GO:0044793),1/12,0.0400562176312821,0.1352583239193293,0,0,27.029850746268657,86.96777093294467,LTF,GO Biological Process
GO_Biological_Process_2023,Negative Regulation Of Hippo Signaling (GO:0035331),1/12,0.0400562176312821,0.1352583239193293,0,0,27.029850746268657,86.96777093294467,SHANK2,GO Biological Process
GO_Biological_Process_2023,Regulation Of Retinoic Acid Receptor Signaling Pathway (GO:0048385),1/12,0.0400562176312821,0.1352583239193293,0,0,27.029850746268657,86.96777093294467,PRAME,GO Biological Process
GO_Biological_Process_2023,Phosphate Ion Homeostasis (GO:0055062),1/12,0.0400562176312821,0.1352583239193293,0,0,27.029850746268657,86.96777093294467,SLC34A2,GO Biological Process
Reactome_2022,Signaling By FGFR2 R-HSA-5654738,2/72,0.0249862294254293,0.1357947251382027,0,0,8.598268398268399,31.722713064037848,FGF3;FGF4,Reactome Pathways
CellMarker_2024,Endothelial Cell Artery Mouse,1/23,0.0753834075225752,0.1371559220202411,0,0,13.507462686567164,34.919061481317286,NTS,CellMarker
GO_Biological_Process_2023,Positive Regulation Of Protein Modification Process (GO:0031401),3/225,0.0412841409186852,0.1377918368514972,0,0,4.097713097713098,13.06054609382049,CCND1;FGF3;FGF4,GO Biological Process
GO_Biological_Process_2023,Positive Regulation Of Supramolecular Fiber Organization (GO:1902905),2/96,0.0423258636601282,0.1377918368514972,0,0,6.395228884590587,20.223996482743463,CTTN;LMOD2,GO Biological Process
GO_Biological_Process_2023,Thymus Development (GO:0048538),1/13,0.0433219771034119,0.1377918368514972,0,0,24.77611940298507,77.77459794803441,FADD,GO Biological Process
GO_Biological_Process_2023,Response To UV-A (GO:0070141),1/13,0.0433219771034119,0.1377918368514972,0,0,24.77611940298507,77.77459794803441,CCND1,GO Biological Process
GO_Biological_Process_2023,T Cell Differentiation In Thymus (GO:0033077),1/13,0.0433219771034119,0.1377918368514972,0,0,24.77611940298507,77.77459794803441,FADD,GO Biological Process
GO_Biological_Process_2023,Regulation Of Response To Stress (GO:0080134),1/13,0.0433219771034119,0.1377918368514972,0,0,24.77611940298507,77.77459794803441,MYL1,GO Biological Process
GO_Biological_Process_2023,Negative Regulation Of Bone Mineralization (GO:0030502),1/13,0.0433219771034119,0.1377918368514972,0,0,24.77611940298507,77.77459794803441,STATH,GO Biological Process
GO_Biological_Process_2023,Immune Response-Regulating Cell Surface Receptor Signaling Pathway (GO:0002768),1/13,0.0433219771034119,0.1377918368514972,0,0,24.77611940298507,77.77459794803441,PIGR,GO Biological Process
GO_Biological_Process_2023,Positive Regulation Of Insulin Secretion Involved In Cellular Response To Glucose Stimulus (GO:0035774),1/13,0.0433219771034119,0.1377918368514972,0,0,24.77611940298507,77.77459794803441,ANO1,GO Biological Process
KEGG_2021_Human,Gastric cancer,3/149,0.0142689212395206,0.1379329053153665,0,0,6.254794520547946,26.580821679201694,CCND1;FGF3;FGF4,KEGG Pathways
KEGG_2021_Human,Breast cancer,3/147,0.0137639696368881,0.1379329053153665,0,0,6.342307692307692,27.181234400391325,CCND1;FGF3;FGF4,KEGG Pathways
GO_Biological_Process_2023,Synaptonemal Complex Organization (GO:0070193),1/14,0.0465767895867937,0.1391658016138747,0,0,22.869115958668196,70.13164167770657,HORMAD1,GO Biological Process
GO_Biological_Process_2023,Antimicrobial Humoral Response (GO:0019730),2/100,0.0455522545652315,0.1391658016138747,0,0,6.132962275819419,18.944077490294053,BPIFA1;LTF,GO Biological Process
GO_Biological_Process_2023,Ethanol Metabolic Process (GO:0006067),1/14,0.0465767895867937,0.1391658016138747,0,0,22.869115958668196,70.13164167770657,ADH7,GO Biological Process
GO_Biological_Process_2023,Regulation Of Macrophage Differentiation (GO:0045649),1/14,0.0465767895867937,0.1391658016138747,0,0,22.869115958668196,70.13164167770657,FADD,GO Biological Process
GO_Biological_Process_2023,Striated Muscle Tissue Development (GO:0014706),1/14,0.0465767895867937,0.1391658016138747,0,0,22.869115958668196,70.13164167770657,CSRP3,GO Biological Process
GO_Biological_Process_2023,Regulation Of Endothelial Cell Chemotaxis (GO:2001026),1/14,0.0465767895867937,0.1391658016138747,0,0,22.869115958668196,70.13164167770657,FGF4,GO Biological Process
GO_Biological_Process_2023,Positive Regulation Of Protein-Containing Complex Disassembly (GO:0043243),1/14,0.0465767895867937,0.1391658016138747,0,0,22.869115958668196,70.13164167770657,SLN,GO Biological Process
GO_Biological_Process_2023,Bone Morphogenesis (GO:0060349),1/14,0.0465767895867937,0.1391658016138747,0,0,22.869115958668196,70.13164167770657,LTF,GO Biological Process
GO_Biological_Process_2023,Synaptonemal Complex Assembly (GO:0007130),1/14,0.0465767895867937,0.1391658016138747,0,0,22.869115958668196,70.13164167770657,HORMAD1,GO Biological Process
GO_Biological_Process_2023,Cardiac Cell Development (GO:0055006),1/14,0.0465767895867937,0.1391658016138747,0,0,22.869115958668196,70.13164167770657,TCAP,GO Biological Process
Reactome_2022,TRAIL Signaling R-HSA-75158,1/8,0.0268829840764004,0.1400155420645857,0,0,42.48400852878465,153.63329523076956,FADD,Reactome Pathways
Reactome_2022,RUNX3 Regulates WNT Signaling R-HSA-8951430,1/8,0.0268829840764004,0.1400155420645857,0,0,42.48400852878465,153.63329523076956,CCND1,Reactome Pathways
GO_Biological_Process_2023,Calcium Ion Homeostasis (GO:0055074),2/102,0.0471986449847515,0.1401742890209791,0,0,6.00969696969697,18.349949199739168,CSRP3;TRDN,GO Biological Process
CellMarker_2024,Rheaume Et al.Nat Commun.39 Retina Mouse,1/24,0.0785307173419281,0.1409249859149669,0,0,12.919532770927969,32.870720562250014,SLN,CellMarker
GO_Biological_Process_2023,Oogenesis (GO:0048477),1/15,0.0498206911792053,0.1411586250077484,0,0,21.23454157782516,63.6892892034775,HORMAD1,GO Biological Process
GO_Biological_Process_2023,Positive Regulation Of Cyclin-Dependent Protein Serine/Threonine Kinase Activity (GO:0045737),1/15,0.0498206911792053,0.1411586250077484,0,0,21.23454157782516,63.6892892034775,CCND1,GO Biological Process
GO_Biological_Process_2023,Cellular Glucuronidation (GO:0052695),1/15,0.0498206911792053,0.1411586250077484,0,0,21.23454157782516,63.6892892034775,UGT1A7,GO Biological Process
GO_Biological_Process_2023,Cellular Response To Sterol (GO:0036315),1/15,0.0498206911792053,0.1411586250077484,0,0,21.23454157782516,63.6892892034775,MYL1,GO Biological Process
GO_Biological_Process_2023,T Cell Homeostasis (GO:0043029),1/15,0.0498206911792053,0.1411586250077484,0,0,21.23454157782516,63.6892892034775,FADD,GO Biological Process
GO_Biological_Process_2023,Positive Regulation Of Syncytium Formation By Plasma Membrane Fusion (GO:0060143),1/15,0.0498206911792053,0.1411586250077484,0,0,21.23454157782516,63.6892892034775,SCGB3A1,GO Biological Process
GO_Biological_Process_2023,Glucuronate Metabolic Process (GO:0019585),1/15,0.0498206911792053,0.1411586250077484,0,0,21.23454157782516,63.6892892034775,UGT1A7,GO Biological Process
GO_Biological_Process_2023,Negative Regulation Of Synaptic Transmission (GO:0050805),1/15,0.0498206911792053,0.1411586250077484,0,0,21.23454157782516,63.6892892034775,SHANK2,GO Biological Process
GO_Cellular_Component_2023,Acetylcholine-Gated Channel Complex (GO:0005892),1/13,0.0433219771034119,0.142096084899191,0,0,24.77611940298507,77.77459794803441,CHRND,GO Cellular Component
Cancer_Cell_Line_Encyclopedia,KYSE510 OESOPHAGUS,2/46,0.010705542973315,0.1433979308794042,0,0,13.696969696969695,62.14306435802923,PPFIA1;FADD,Cancer Cell Line Encyclopedia
Reactome_2022,Signaling By Insulin Receptor R-HSA-74752,2/77,0.0282953801353318,0.1443641843639377,0,0,8.023030303030303,28.602558206981847,FGF3;FGF4,Reactome Pathways
GO_Biological_Process_2023,Positive Regulation Of Cellular Process (GO:0048522),5/594,0.0513860656274031,0.1447618877389128,0,0,2.606381545261002,7.73675232795143,MYL1;PRAME;FGF3;SHANK2;FGF4,GO Biological Process
Reactome_2022,Constitutive Signaling By Aberrant PI3K In Cancer R-HSA-2219530,2/78,0.0289772739894376,0.1448863699471884,0,0,7.917065390749602,28.036255655392363,FGF3;FGF4,Reactome Pathways
Reactome_2022,Diseases Associated With Surfactant Metabolism R-HSA-5687613,1/9,0.0301928946413059,0.1451581473139709,0,0,37.17164179104478,130.10627217002806,SLC34A2,Reactome Pathways
Reactome_2022,TRIF-mediated Programmed Cell Death R-HSA-2562578,1/9,0.0301928946413059,0.1451581473139709,0,0,37.17164179104478,130.10627217002806,FADD,Reactome Pathways
OMIM_Disease,colorectal cancer,1/40,0.1274755006404551,0.1456862864462344,0,0,7.6130884041331806,15.6816761453018,CCND1,OMIM Disease
GO_Biological_Process_2023,Regulation Of Osteoblast Proliferation (GO:0033688),1/16,0.0530537178751864,0.1469409152385782,0,0,19.817910447761193,58.19430975162623,LTF,GO Biological Process
GO_Biological_Process_2023,Activation Of Cysteine-Type Endopeptidase Activity (GO:0097202),1/16,0.0530537178751864,0.1469409152385782,0,0,19.817910447761193,58.19430975162623,FADD,GO Biological Process
GO_Biological_Process_2023,Prostanoid Metabolic Process (GO:0006692),1/16,0.0530537178751864,0.1469409152385782,0,0,19.817910447761193,58.19430975162623,GSTM1,GO Biological Process
Reactome_2022,Signaling By FGFR R-HSA-190236,2/86,0.0346645906265795,0.1504235316090691,0,0,7.16017316017316,24.07276391232094,FGF3;FGF4,Reactome Pathways
Reactome_2022,Signaling By Activated Point Mutants Of FGFR1 R-HSA-1839122,1/11,0.0367794749552908,0.1504235316090691,0,0,29.734328358208955,98.20699568293152,FGF4,Reactome Pathways
Reactome_2022,Creatine Metabolism R-HSA-71288,1/10,0.0334917127632155,0.1504235316090691,0,0,33.039800995024876,112.21827165973409,CKM,Reactome Pathways
Reactome_2022,Biological Oxidations R-HSA-211859,3/218,0.0381608311538026,0.1504235316090691,0,0,4.232629695885509,13.82353855129215,GSTM1;ADH7;UGT1A7,Reactome Pathways
Reactome_2022,Protein-protein Interactions At Synapses R-HSA-6794362,2/88,0.0361490718881948,0.1504235316090691,0,0,6.992952783650458,23.217330541087087,PPFIA1;SHANK2,Reactome Pathways
Reactome_2022,CASP8 Activity Is Inhibited R-HSA-5218900,1/11,0.0367794749552908,0.1504235316090691,0,0,29.734328358208955,98.20699568293152,FADD,Reactome Pathways
Reactome_2022,Dimerization Of Procaspase-8 R-HSA-69416,1/11,0.0367794749552908,0.1504235316090691,0,0,29.734328358208955,98.20699568293152,FADD,Reactome Pathways
Reactome_2022,FGFR1c Ligand Binding And Activation R-HSA-190373,1/12,0.0400562176312821,0.1504235316090691,0,0,27.029850746268657,86.96777093294467,FGF4,Reactome Pathways
Reactome_2022,Drug ADME R-HSA-9748784,2/95,0.0415333663112977,0.1504235316090691,0,0,6.464320625610948,20.56467278617517,GSTM1;UGT1A7,Reactome Pathways
Reactome_2022,Neuronal System R-HSA-112316,4/386,0.042386238422904,0.1504235316090691,0,0,3.198625654450262,10.110636699570517,CHRND;ACTN2;PPFIA1;SHANK2,Reactome Pathways
Reactome_2022,Ethanol Oxidation R-HSA-71384,1/11,0.0367794749552908,0.1504235316090691,0,0,29.734328358208955,98.20699568293152,ADH7,Reactome Pathways
Reactome_2022,FGFR2b Ligand Binding And Activation R-HSA-190377,1/10,0.0334917127632155,0.1504235316090691,0,0,33.039800995024876,112.21827165973409,FGF3,Reactome Pathways
Reactome_2022,FGFR2c Ligand Binding And Activation R-HSA-190375,1/13,0.0433219771034119,0.1504235316090691,0,0,24.77611940298507,77.77459794803441,FGF4,Reactome Pathways
Reactome_2022,TNFR1-induced Proapoptotic Signaling R-HSA-5357786,1/13,0.0433219771034119,0.1504235316090691,0,0,24.77611940298507,77.77459794803441,FADD,Reactome Pathways
Reactome_2022,Phospholipase C-mediated Cascade; FGFR3 R-HSA-5654227,1/13,0.0433219771034119,0.1504235316090691,0,0,24.77611940298507,77.77459794803441,FGF4,Reactome Pathways
Reactome_2022,NF-kB Activation Thru FADD/RIP-1 Pathway Mediated By Caspase-8 And -10 R-HSA-933543,1/13,0.0433219771034119,0.1504235316090691,0,0,24.77611940298507,77.77459794803441,FADD,Reactome Pathways
Reactome_2022,FGFR3 Ligand Binding And Activation R-HSA-190239,1/13,0.0433219771034119,0.1504235316090691,0,0,24.77611940298507,77.77459794803441,FGF4,Reactome Pathways
Reactome_2022,FGFR3 Mutant Receptor Activation R-HSA-2033514,1/12,0.0400562176312821,0.1504235316090691,0,0,27.029850746268657,86.96777093294467,FGF4,Reactome Pathways
Reactome_2022,Presynaptic Nicotinic Acetylcholine Receptors R-HSA-622323,1/12,0.0400562176312821,0.1504235316090691,0,0,27.029850746268657,86.96777093294467,CHRND,Reactome Pathways
Reactome_2022,RUNX3 Regulates p14-ARF R-HSA-8951936,1/10,0.0334917127632155,0.1504235316090691,0,0,33.039800995024876,112.21827165973409,CCND1,Reactome Pathways
GO_Biological_Process_2023,Calcium Ion Transport (GO:0006816),2/112,0.0557481068944516,0.1524396782289585,0,0,5.460606060606061,15.76428821495794,SLN;CACNA1S,GO Biological Process
GO_Biological_Process_2023,Regulation Of Protein Serine/Threonine Kinase Activity (GO:0071900),2/112,0.0557481068944516,0.1524396782289585,0,0,5.460606060606061,15.76428821495794,CCND1;LTF,GO Biological Process
GO_Biological_Process_2023,Cellular Response To Alkaloid (GO:0071312),1/17,0.056275905553084,0.1524396782289585,0,0,18.578358208955223,53.4590176825742,CACNA1S,GO Biological Process
GO_Biological_Process_2023,Negative Regulation Of Calcium Ion Transport (GO:0051926),1/17,0.056275905553084,0.1524396782289585,0,0,18.578358208955223,53.4590176825742,SLN,GO Biological Process
GO_Biological_Process_2023,Positive Regulation Of Calcineurin-Mediated Signaling (GO:0106058),1/19,0.0626879068283445,0.1545256903318692,0,0,16.512437810945272,45.73262853376193,C10ORF71,GO Biological Process
GO_Biological_Process_2023,Regulation Of Adaptive Immune Response (GO:0002819),1/18,0.0594872899827324,0.1545256903318692,0,0,17.484635645302898,49.34151245692923,FADD,GO Biological Process
GO_Biological_Process_2023,Xenobiotic Catabolic Process (GO:0042178),1/19,0.0626879068283445,0.1545256903318692,0,0,16.512437810945272,45.73262853376193,GSTM1,GO Biological Process
GO_Biological_Process_2023,Multicellular Organismal-Level Water Homeostasis (GO:0050891),1/19,0.0626879068283445,0.1545256903318692,0,0,16.512437810945272,45.73262853376193,BPIFA1,GO Biological Process
GO_Biological_Process_2023,Receptor Clustering (GO:0043113),1/19,0.0626879068283445,0.1545256903318692,0,0,16.512437810945272,45.73262853376193,PIGR,GO Biological Process
GO_Biological_Process_2023,Positive Regulation Of Activated T Cell Proliferation (GO:0042104),1/19,0.0626879068283445,0.1545256903318692,0,0,16.512437810945272,45.73262853376193,FADD,GO Biological Process
GO_Biological_Process_2023,Negative Regulation Of Calcium Ion Transmembrane Transport (GO:1903170),1/19,0.0626879068283445,0.1545256903318692,0,0,16.512437810945272,45.73262853376193,SLN,GO Biological Process
GO_Biological_Process_2023,Phosphate Ion Transport (GO:0006817),1/19,0.0626879068283445,0.1545256903318692,0,0,16.512437810945272,45.73262853376193,SLC34A2,GO Biological Process
GO_Biological_Process_2023,Positive Regulation Of calcineurin-NFAT Signaling Cascade (GO:0070886),1/19,0.0626879068283445,0.1545256903318692,0,0,16.512437810945272,45.73262853376193,C10ORF71,GO Biological Process
GO_Biological_Process_2023,Regulation Of Protein-Containing Complex Disassembly (GO:0043244),1/19,0.0626879068283445,0.1545256903318692,0,0,16.512437810945272,45.73262853376193,SLN,GO Biological Process
GO_Biological_Process_2023,Establishment Of Skin Barrier (GO:0061436),1/19,0.0626879068283445,0.1545256903318692,0,0,16.512437810945272,45.73262853376193,FLG2,GO Biological Process
GO_Biological_Process_2023,Negative Regulation Of Signal Transduction (GO:0009968),3/267,0.0626111372595934,0.1545256903318692,0,0,3.4384615384615387,9.527330854052256,BPIFB1;PRAME;LTF,GO Biological Process
GO_Biological_Process_2023,Regulation Of Protein Phosphorylation (GO:0001932),3/265,0.0614980241566758,0.1545256903318692,0,0,3.4650616559013505,9.663191497549745,CCND1;FGF3;FGF4,GO Biological Process
GO_Biological_Process_2023,Positive Regulation Of Protein Serine/Threonine Kinase Activity (GO:0071902),2/117,0.060211953164582,0.1545256903318692,0,0,5.221870882740448,14.672853473877986,CCND1;LTF,GO Biological Process
GO_Biological_Process_2023,Positive Regulation Of Cyclin-Dependent Protein Kinase Activity (GO:1904031),1/18,0.0594872899827324,0.1545256903318692,0,0,17.484635645302898,49.34151245692923,CCND1,GO Biological Process
GO_Biological_Process_2023,Response To Ethanol (GO:0045471),1/18,0.0594872899827324,0.1545256903318692,0,0,17.484635645302898,49.34151245692923,ADH7,GO Biological Process
GO_Biological_Process_2023,Response To Cholesterol (GO:0070723),1/18,0.0594872899827324,0.1545256903318692,0,0,17.484635645302898,49.34151245692923,MYL1,GO Biological Process
GO_Biological_Process_2023,Neuromuscular Process (GO:0050905),1/18,0.0594872899827324,0.1545256903318692,0,0,17.484635645302898,49.34151245692923,CHRND,GO Biological Process
Reactome_2022,Stimuli-sensing Channels R-HSA-2672351,2/100,0.0455522545652315,0.1552559652893126,0,0,6.132962275819419,18.944077490294053,ANO1;TRDN,Reactome Pathways
Reactome_2022,Acetylcholine Binding And Downstream Events R-HSA-181431,1/14,0.0465767895867937,0.1552559652893126,0,0,22.869115958668196,70.13164167770657,CHRND,Reactome Pathways
Reactome_2022,FGFR4 Ligand Binding And Activation R-HSA-190322,1/14,0.0465767895867937,0.1552559652893126,0,0,22.869115958668196,70.13164167770657,FGF4,Reactome Pathways
GO_Cellular_Component_2023,Cell Projection Membrane (GO:0031253),2/105,0.049708699731429,0.1567735914606609,0,0,5.833774639599882,17.510513959080843,SLC34A2;SHANK2,GO Cellular Component
GO_Biological_Process_2023,Long-Term Synaptic Potentiation (GO:0060291),1/20,0.0658777916264093,0.1568973491392261,0,0,15.642576590730558,42.547087131862945,SHANK2,GO Biological Process
GO_Biological_Process_2023,Negative Regulation Of Protein Localization To Plasma Membrane (GO:1903077),1/20,0.0658777916264093,0.1568973491392261,0,0,15.642576590730558,42.547087131862945,PPFIA1,GO Biological Process
GO_Biological_Process_2023,Cellular Response To Estradiol Stimulus (GO:0071392),1/20,0.0658777916264093,0.1568973491392261,0,0,15.642576590730558,42.547087131862945,MYOG,GO Biological Process
GO_Biological_Process_2023,Regulation Of Smooth Muscle Contraction (GO:0006940),1/20,0.0658777916264093,0.1568973491392261,0,0,15.642576590730558,42.547087131862945,CTTN,GO Biological Process
GO_Biological_Process_2023,Regulation Of Calcium Ion Import (GO:0090279),1/20,0.0658777916264093,0.1568973491392261,0,0,15.642576590730558,42.547087131862945,SLN,GO Biological Process
GO_Biological_Process_2023,Regulation Of Calcium Ion Transmembrane Transport (GO:1903169),1/20,0.0658777916264093,0.1568973491392261,0,0,15.642576590730558,42.547087131862945,TRDN,GO Biological Process
GO_Biological_Process_2023,Negative Regulation Of Protein Localization To Cell Periphery (GO:1904376),1/20,0.0658777916264093,0.1568973491392261,0,0,15.642576590730558,42.547087131862945,PPFIA1,GO Biological Process
GO_Biological_Process_2023,Negative Regulation Of Growth (GO:0045926),2/124,0.0666600478367522,0.1579971326130715,0,0,4.920516641828117,13.325494626622934,MYL2;SCGB3A1,GO Biological Process
KEGG_2021_Human,Viral myocarditis,2/60,0.0177588230505749,0.1584633441435915,0,0,10.383490073145246,41.85452784289615,CCND1;MYH7,KEGG Pathways
GO_Biological_Process_2023,Negative Regulation Of Cell Growth (GO:0030308),2/125,0.067599414005056,0.1590892105229564,0,0,4.880266075388026,13.148197955524717,MYL2;SCGB3A1,GO Biological Process
GO_Biological_Process_2023,Negative Regulation Of Osteoclast Differentiation (GO:0045671),1/21,0.0690569798213239,0.1590892105229564,0,0,14.859701492537312,39.71735668720526,LTF,GO Biological Process
GO_Biological_Process_2023,Regulation Of Lipopolysaccharide-Mediated Signaling Pathway (GO:0031664),1/21,0.0690569798213239,0.1590892105229564,0,0,14.859701492537312,39.71735668720526,LTF,GO Biological Process
GO_Biological_Process_2023,Positive Regulation Of G2/M Transition Of Mitotic Cell Cycle (GO:0010971),1/21,0.0690569798213239,0.1590892105229564,0,0,14.859701492537312,39.71735668720526,CCND1,GO Biological Process
GO_Biological_Process_2023,Negative Regulation Of Biomineral Tissue Development (GO:0070168),1/21,0.0690569798213239,0.1590892105229564,0,0,14.859701492537312,39.71735668720526,STATH,GO Biological Process
GO_Biological_Process_2023,Skin Epidermis Development (GO:0098773),1/21,0.0690569798213239,0.1590892105229564,0,0,14.859701492537312,39.71735668720526,FLG2,GO Biological Process
GO_Biological_Process_2023,Regulation Of Tumor Necrosis Factor Production (GO:0032680),2/127,0.0694913993669451,0.1593453948274601,0,0,4.80169696969697,12.80397602250948,FADD;LTF,GO Biological Process
Reactome_2022,"PI5P, PP2A And IER3 Regulate PI3K/AKT Signaling R-HSA-6811558",2/106,0.05055599663343,0.1606516415574252,0,0,5.777389277389277,17.243621904768,FGF3;FGF4,Reactome Pathways
Reactome_2022,PI3K/AKT Signaling In Cancer R-HSA-2219528,2/105,0.049708699731429,0.1606516415574252,0,0,5.833774639599882,17.510513959080843,FGF3;FGF4,Reactome Pathways
Reactome_2022,Phospholipase C-mediated Cascade; FGFR4 R-HSA-5654228,1/15,0.0498206911792053,0.1606516415574252,0,0,21.23454157782516,63.6892892034775,FGF4,Reactome Pathways
Reactome_2022,Transmission Across Chemical Synapses R-HSA-112315,3/246,0.0514026772348549,0.1606516415574252,0,0,3.739601139601139,11.099379337171564,CHRND;ACTN2;PPFIA1,Reactome Pathways
Reactome_2022,Phase II - Conjugation Of Compounds R-HSA-156580,2/107,0.051408525298376,0.1606516415574252,0,0,5.722077922077922,16.9828483697141,GSTM1;UGT1A7,Reactome Pathways
Reactome_2022,Negative Regulation Of PI3K/AKT Network R-HSA-199418,2/113,0.0566311064322393,0.161348083694682,0,0,5.4111384111384115,15.536443621202164,FGF3;FGF4,Reactome Pathways
Reactome_2022,SHC-mediated cascade:FGFR3 R-HSA-5654704,1/17,0.056275905553084,0.161348083694682,0,0,18.578358208955223,53.4590176825742,FGF4,Reactome Pathways
Reactome_2022,Regulation Of RUNX1 Expression And Activity R-HSA-8934593,1/17,0.056275905553084,0.161348083694682,0,0,18.578358208955223,53.4590176825742,CCND1,Reactome Pathways
Reactome_2022,Cardiac Conduction R-HSA-5576891,2/126,0.0685432111606992,0.161348083694682,0,0,4.840664711632454,12.97438963817553,SLN;TRDN,Reactome Pathways
Reactome_2022,Ras Activation Upon Ca2+ Influx Thru NMDA Receptor R-HSA-442982,1/19,0.0626879068283445,0.161348083694682,0,0,16.512437810945272,45.73262853376193,ACTN2,Reactome Pathways
Reactome_2022,PI-3K cascade:FGFR3 R-HSA-5654710,1/18,0.0594872899827324,0.161348083694682,0,0,17.484635645302898,49.34151245692923,FGF4,Reactome Pathways
Reactome_2022,Acetylcholine Neurotransmitter Release Cycle R-HSA-264642,1/17,0.056275905553084,0.161348083694682,0,0,18.578358208955223,53.4590176825742,PPFIA1,Reactome Pathways
Reactome_2022,Defective GALNT12 Causes CRCS1 R-HSA-5083636,1/18,0.0594872899827324,0.161348083694682,0,0,17.484635645302898,49.34151245692923,MUC5B,Reactome Pathways
Reactome_2022,Immune System R-HSA-168256,11/1943,0.0624698301560704,0.161348083694682,0,0,1.7979731938542007,4.985908322845832,PIGR;FLG2;BPIFA1;MYH2;BPIFB1;CCND1;FADD;ASB5;MUC5B;KLHL41;LTF,Reactome Pathways
Reactome_2022,Serotonin Neurotransmitter Release Cycle R-HSA-181429,1/18,0.0594872899827324,0.161348083694682,0,0,17.484635645302898,49.34151245692923,PPFIA1,Reactome Pathways
Reactome_2022,MAPK1/MAPK3 Signaling R-HSA-5684996,3/277,0.0683172346624373,0.161348083694682,0,0,3.3112857944974734,8.886144063136387,ACTN2;FGF3;FGF4,Reactome Pathways
Reactome_2022,FRS-mediated FGFR3 Signaling R-HSA-5654706,1/19,0.0626879068283445,0.161348083694682,0,0,16.512437810945272,45.73262853376193,FGF4,Reactome Pathways
Reactome_2022,Defective C1GALT1C1 Causes TNPS R-HSA-5083632,1/19,0.0626879068283445,0.161348083694682,0,0,16.512437810945272,45.73262853376193,MUC5B,Reactome Pathways
Reactome_2022,SHC-mediated cascade:FGFR4 R-HSA-5654719,1/19,0.0626879068283445,0.161348083694682,0,0,16.512437810945272,45.73262853376193,FGF4,Reactome Pathways
Reactome_2022,RAF/MAP Kinase Cascade R-HSA-5673001,3/271,0.0648656152777195,0.161348083694682,0,0,3.3864523536165327,9.263429120677364,ACTN2;FGF3;FGF4,Reactome Pathways
Reactome_2022,PI-3K cascade:FGFR4 R-HSA-5654720,1/20,0.0658777916264093,0.161348083694682,0,0,15.642576590730558,42.547087131862945,FGF4,Reactome Pathways
Reactome_2022,Receptor-type Tyrosine-Protein Phosphatases R-HSA-388844,1/20,0.0658777916264093,0.161348083694682,0,0,15.642576590730558,42.547087131862945,PPFIA1,Reactome Pathways
Reactome_2022,Negative Regulation Of NMDA Receptor-Mediated Neuronal Transmission R-HSA-9617324,1/21,0.0690569798213239,0.161348083694682,0,0,14.859701492537312,39.71735668720526,ACTN2,Reactome Pathways
Reactome_2022,Signaling By FGFR3 In Disease R-HSA-5655332,1/21,0.0690569798213239,0.161348083694682,0,0,14.859701492537312,39.71735668720526,FGF4,Reactome Pathways
Reactome_2022,"Unblocking Of NMDA Receptors, Glutamate Binding And Activation R-HSA-438066",1/21,0.0690569798213239,0.161348083694682,0,0,14.859701492537312,39.71735668720526,ACTN2,Reactome Pathways
Reactome_2022,RHO GTPases Activate PAKs R-HSA-5627123,1/21,0.0690569798213239,0.161348083694682,0,0,14.859701492537312,39.71735668720526,CTTN,Reactome Pathways
Reactome_2022,Azathioprine ADME R-HSA-9748787,1/21,0.0690569798213239,0.161348083694682,0,0,14.859701492537312,39.71735668720526,GSTM1,Reactome Pathways
Reactome_2022,FRS-mediated FGFR4 Signaling R-HSA-5654712,1/21,0.0690569798213239,0.161348083694682,0,0,14.859701492537312,39.71735668720526,FGF4,Reactome Pathways
Reactome_2022,Defective GALNT3 Causes HFTC R-HSA-5083625,1/18,0.0594872899827324,0.161348083694682,0,0,17.484635645302898,49.34151245692923,MUC5B,Reactome Pathways
Reactome_2022,Norepinephrine Neurotransmitter Release Cycle R-HSA-181430,1/18,0.0594872899827324,0.161348083694682,0,0,17.484635645302898,49.34151245692923,PPFIA1,Reactome Pathways
Reactome_2022,Caspase Activation Via Death Receptors In Presence Of Ligand R-HSA-140534,1/16,0.0530537178751864,0.161348083694682,0,0,19.817910447761193,58.19430975162623,FADD,Reactome Pathways
Reactome_2022,Aberrant Regulation Of Mitotic G1/S Transition In Cancer Due To RB1 Defects R-HSA-9659787,1/17,0.056275905553084,0.161348083694682,0,0,18.578358208955223,53.4590176825742,CCND1,Reactome Pathways
CellMarker_2024,Stage I Neutrophil Bone Marrow Mouse,2/152,0.0945106244191516,0.1629064710382745,0,0,3.996363636363637,9.42759375407852,CSRP3;LTF,CellMarker
CellMarker_2024,Epithelial Cell Lung Mouse,3/318,0.0940416001751375,0.1629064710382745,0,0,2.874285714285714,6.794863279409771,SLC34A2;ANO1;MYH7,CellMarker
CellMarker_2024,Endothelial Cell Liver Mouse,1/29,0.0941096218827057,0.1629064710382745,0,0,10.609808102345417,25.074106290081968,MYF6,CellMarker
CellMarker_2024,Mast Cell Bone Marrow Mouse,1/30,0.0971941163755111,0.1632362723742559,0,0,10.243437982501286,23.87791592101611,CSRP3,CellMarker
CellMarker_2024,Collecting Duct Transient Cell Kidney Mouse,1/30,0.0971941163755111,0.1632362723742559,0,0,10.243437982501286,23.87791592101611,CTTN,CellMarker
GO_Biological_Process_2023,Acetylcholine Receptor Signaling Pathway (GO:0095500),1/22,0.0722255067202058,0.1633356642800986,0,0,14.15138592750533,37.18930470253887,CHRND,GO Biological Process
GO_Biological_Process_2023,Regulation Of Release Of Sequestered Calcium Ion Into Cytosol By Sarcoplasmic Reticulum (GO:0010880),1/22,0.0722255067202058,0.1633356642800986,0,0,14.15138592750533,37.18930470253887,TRDN,GO Biological Process
GO_Biological_Process_2023,Modulation By Host Of Viral Process (GO:0044788),1/22,0.0722255067202058,0.1633356642800986,0,0,14.15138592750533,37.18930470253887,LTF,GO Biological Process
Cancer_Cell_Line_Encyclopedia,DETROIT562 UPPER AERODIGESTIVE TRACT,2/50,0.0125608922452035,0.163935747507913,0,0,12.553030303030305,54.94671101969335,PIGR;SCGB3A1,Cancer Cell Line Encyclopedia
KEGG_2021_Human,Tight junction,3/169,0.0198963880547454,0.1648557867393192,0,0,5.495644114921223,21.527630929438807,CCND1;CTTN;MYL2,KEGG Pathways
GO_Biological_Process_2023,Synapse Organization (GO:0050808),2/131,0.0733272711525333,0.1650700670237393,0,0,4.651867512332629,12.154504990895887,PPFIA1;SHANK2,GO Biological Process
Reactome_2022,Nephrin Family Interactions R-HSA-373753,1/22,0.0722255067202058,0.1656548319270777,0,0,14.15138592750533,37.18930470253887,ACTN2,Reactome Pathways
Reactome_2022,RA Biosynthesis Pathway R-HSA-5365859,1/22,0.0722255067202058,0.1656548319270777,0,0,14.15138592750533,37.18930470253887,ADH7,Reactome Pathways
GO_Biological_Process_2023,Epithelial Cell Differentiation (GO:0030855),2/132,0.0742968228303721,0.1664924257062431,0,0,4.615850815850816,11.999767773212444,UPK1B;KRT24,GO Biological Process
GO_Biological_Process_2023,Hepaticobiliary System Development (GO:0061008),1/23,0.0753834075225752,0.1674054950839171,0,0,13.507462686567164,34.919061481317286,UGT1A7,GO Biological Process
GO_Biological_Process_2023,Actin Nucleation (GO:0045010),1/23,0.0753834075225752,0.1674054950839171,0,0,13.507462686567164,34.919061481317286,LMOD2,GO Biological Process
Reactome_2022,Glutamate Neurotransmitter Release Cycle R-HSA-210500,1/23,0.0753834075225752,0.1682665346486055,0,0,13.507462686567164,34.919061481317286,PPFIA1,Reactome Pathways
Reactome_2022,Long-term Potentiation R-HSA-9620244,1/23,0.0753834075225752,0.1682665346486055,0,0,13.507462686567164,34.919061481317286,ACTN2,Reactome Pathways
Reactome_2022,Dopamine Neurotransmitter Release Cycle R-HSA-212676,1/23,0.0753834075225752,0.1682665346486055,0,0,13.507462686567164,34.919061481317286,PPFIA1,Reactome Pathways
GO_Biological_Process_2023,Positive Regulation Of Cell Cycle G2/M Phase Transition (GO:1902751),1/24,0.0785307173419281,0.1690639460679937,0,0,12.919532770927969,32.870720562250014,CCND1,GO Biological Process
GO_Biological_Process_2023,Regulation Of Cysteine-Type Endopeptidase Activity (GO:2000116),1/24,0.0785307173419281,0.1690639460679937,0,0,12.919532770927969,32.870720562250014,LTF,GO Biological Process
GO_Biological_Process_2023,Iron Ion Transport (GO:0006826),1/24,0.0785307173419281,0.1690639460679937,0,0,12.919532770927969,32.870720562250014,LTF,GO Biological Process
GO_Biological_Process_2023,Negative Regulation Of Ossification (GO:0030279),1/24,0.0785307173419281,0.1690639460679937,0,0,12.919532770927969,32.870720562250014,STATH,GO Biological Process
GO_Biological_Process_2023,Negative Regulation Of Ion Transmembrane Transporter Activity (GO:0032413),1/24,0.0785307173419281,0.1690639460679937,0,0,12.919532770927969,32.870720562250014,SLN,GO Biological Process
GO_Biological_Process_2023,Non-Membrane-Bounded Organelle Assembly (GO:0140694),2/135,0.0772302590209709,0.1690639460679937,0,0,4.511050353155617,11.552637297305557,KLHL41;LMOD2,GO Biological Process
GO_Biological_Process_2023,Regulation Of Ryanodine-Sensitive Calcium-Release Channel Activity (GO:0060314),1/24,0.0785307173419281,0.1690639460679937,0,0,12.919532770927969,32.870720562250014,TRDN,GO Biological Process
PanglaoDB_Augmented_2021,Epithelial Cells,3/218,0.0381608311538026,0.1693386882449991,0,0,4.232629695885509,13.82353855129215,PIGR;KRT2;LTF,PanglaoDB
GO_Biological_Process_2023,Negative Regulation Of Stress Fiber Assembly (GO:0051497),1/25,0.0816674711385058,0.1713279288139718,0,0,12.380597014925373,31.014627471998192,PPFIA1,GO Biological Process
GO_Biological_Process_2023,Negative Regulation Of Protein Localization To Membrane (GO:1905476),1/25,0.0816674711385058,0.1713279288139718,0,0,12.380597014925373,31.014627471998192,PPFIA1,GO Biological Process
GO_Biological_Process_2023,Regulation Of Hippo Signaling (GO:0035330),1/25,0.0816674711385058,0.1713279288139718,0,0,12.380597014925373,31.014627471998192,SHANK2,GO Biological Process
GO_Biological_Process_2023,Intracellular Calcium Ion Homeostasis (GO:0006874),2/139,0.081197907119681,0.1713279288139718,0,0,4.378456093784561,10.993715691297735,CSRP3;TRDN,GO Biological Process
GO_Biological_Process_2023,Positive Regulation Of Gene Expression (GO:0010628),4/480,0.0805847425775081,0.1713279288139718,0,0,2.5546218487394956,6.43367703707636,ACTC1;NTS;FGF3;FGF4,GO Biological Process
GO_Biological_Process_2023,Long-Chain Fatty Acid Biosynthetic Process (GO:0042759),1/25,0.0816674711385058,0.1713279288139718,0,0,12.380597014925373,31.014627471998192,GSTM1,GO Biological Process
Reactome_2022,Estrogen-dependent Nuclear Events Downstream Of ESR-membrane Signaling R-HSA-9634638,1/24,0.0785307173419281,0.1722164853989652,0,0,12.919532770927969,32.870720562250014,CCND1,Reactome Pathways
Reactome_2022,Downstream Signaling Of Activated FGFR3 R-HSA-5654708,1/24,0.0785307173419281,0.1722164853989652,0,0,12.919532770927969,32.870720562250014,FGF4,Reactome Pathways
KEGG_2021_Human,Retinol metabolism,2/68,0.02246243390249,0.173709488845923,0,0,9.12121212121212,34.623309145572826,ADH7;UGT1A7,KEGG Pathways
Reactome_2022,Termination Of O-glycan Biosynthesis R-HSA-977068,1/25,0.0816674711385058,0.1745031434583458,0,0,12.380597014925373,31.014627471998192,MUC5B,Reactome Pathways
Reactome_2022,Glucuronidation R-HSA-156588,1/25,0.0816674711385058,0.1745031434583458,0,0,12.380597014925373,31.014627471998192,UGT1A7,Reactome Pathways
Reactome_2022,Assembly And Cell Surface Presentation Of NMDA Receptors R-HSA-9609736,1/25,0.0816674711385058,0.1745031434583458,0,0,12.380597014925373,31.014627471998192,ACTN2,Reactome Pathways
GO_Biological_Process_2023,Mitotic G1 DNA Damage Checkpoint Signaling (GO:0031571),1/26,0.0847937037877674,0.1749091881479889,0,0,11.884776119402986,29.326088999262875,CCND1,GO Biological Process
GO_Biological_Process_2023,Nucleic Acid Phosphodiester Bond Hydrolysis (GO:0090305),1/26,0.0847937037877674,0.1749091881479889,0,0,11.884776119402986,29.326088999262875,HORMAD1,GO Biological Process
GO_Biological_Process_2023,Fc Receptor Signaling Pathway (GO:0038093),1/26,0.0847937037877674,0.1749091881479889,0,0,11.884776119402986,29.326088999262875,PIGR,GO Biological Process
GO_Biological_Process_2023,Negative Regulation Of Catalytic Activity (GO:0043086),1/26,0.0847937037877674,0.1749091881479889,0,0,11.884776119402986,29.326088999262875,SLN,GO Biological Process
Reactome_2022,Infection With Mycobacterium Tuberculosis R-HSA-9635486,1/26,0.0847937037877674,0.1766535495578489,0,0,11.884776119402986,29.326088999262875,LTF,Reactome Pathways
Reactome_2022,Caspase Activation Via Extrinsic Apoptotic Signaling Pathway R-HSA-5357769,1/26,0.0847937037877674,0.1766535495578489,0,0,11.884776119402986,29.326088999262875,FADD,Reactome Pathways
Reactome_2022,Downstream Signaling Of Activated FGFR4 R-HSA-5654716,1/26,0.0847937037877674,0.1766535495578489,0,0,11.884776119402986,29.326088999262875,FGF4,Reactome Pathways
GO_Biological_Process_2023,Positive Regulation Of Calcium Ion Transmembrane Transporter Activity (GO:1901021),1/27,0.0879094500534163,0.1776203232636649,0,0,11.427095292766934,27.784387663217135,TRDN,GO Biological Process
GO_Biological_Process_2023,Regulation Of Insulin Secretion Involved In Cellular Response To Glucose Stimulus (GO:0061178),1/27,0.0879094500534163,0.1776203232636649,0,0,11.427095292766934,27.784387663217135,ANO1,GO Biological Process
GO_Biological_Process_2023,Cardiac Muscle Cell Differentiation (GO:0055007),1/27,0.0879094500534163,0.1776203232636649,0,0,11.427095292766934,27.784387663217135,TCAP,GO Biological Process
GO_Biological_Process_2023,Peptide Cross-Linking (GO:0018149),1/27,0.0879094500534163,0.1776203232636649,0,0,11.427095292766934,27.784387663217135,KRT2,GO Biological Process
GO_Biological_Process_2023,Peptidyl-Lysine Methylation (GO:0018022),1/27,0.0879094500534163,0.1776203232636649,0,0,11.427095292766934,27.784387663217135,SMYD1,GO Biological Process
GO_Biological_Process_2023,Diterpenoid Metabolic Process (GO:0016101),1/28,0.0910147445824993,0.1780566233300482,0,0,11.003316749585409,26.372020695020453,ADH7,GO Biological Process
GO_Biological_Process_2023,Negative Regulation Of Actin Filament Bundle Assembly (GO:0032232),1/28,0.0910147445824993,0.1780566233300482,0,0,11.003316749585409,26.372020695020453,PPFIA1,GO Biological Process
GO_Biological_Process_2023,Negative Regulation Of Cation Channel Activity (GO:2001258),1/28,0.0910147445824993,0.1780566233300482,0,0,11.003316749585409,26.372020695020453,TRDN,GO Biological Process
GO_Biological_Process_2023,"Regulation Of DNA Damage Response, Signal Transduction By P53 Class Mediator (GO:0043516)",1/28,0.0910147445824993,0.1780566233300482,0,0,11.003316749585409,26.372020695020453,ANKRD1,GO Biological Process
GO_Biological_Process_2023,Primary Neural Tube Formation (GO:0014020),1/28,0.0910147445824993,0.1780566233300482,0,0,11.003316749585409,26.372020695020453,CSRP3,GO Biological Process
GO_Biological_Process_2023,Regulation Of Sodium Ion Transmembrane Transport (GO:1902305),1/28,0.0910147445824993,0.1780566233300482,0,0,11.003316749585409,26.372020695020453,BPIFA1,GO Biological Process
GO_Biological_Process_2023,Defense Response To Symbiont (GO:0140546),2/148,0.0903491638080718,0.1780566233300482,0,0,4.106683271066832,9.872768494745928,BPIFA1;FADD,GO Biological Process
GO_Biological_Process_2023,Regulation Of Chromosome Segregation (GO:0051983),1/28,0.0910147445824993,0.1780566233300482,0,0,11.003316749585409,26.372020695020453,HORMAD1,GO Biological Process
GO_Biological_Process_2023,Regulation Of Apoptotic Process (GO:0042981),5/705,0.0915211462046728,0.1783396248178012,0,0,2.180498866213152,5.213976677119539,ACTN2;ANKRD1;PRAME;FADD;LTF,GO Biological Process
GO_Biological_Process_2023,Tube Closure (GO:0060606),1/29,0.0941096218827057,0.1798296263107517,0,0,10.609808102345417,25.074106290081968,CSRP3,GO Biological Process
GO_Biological_Process_2023,Regulation Of Developmental Growth (GO:0048638),1/29,0.0941096218827057,0.1798296263107517,0,0,10.609808102345417,25.074106290081968,CTTN,GO Biological Process
GO_Biological_Process_2023,Defense Response To Fungus (GO:0050832),1/29,0.0941096218827057,0.1798296263107517,0,0,10.609808102345417,25.074106290081968,LTF,GO Biological Process
GO_Biological_Process_2023,Morphogenesis Of An Epithelium (GO:0002009),1/29,0.0941096218827057,0.1798296263107517,0,0,10.609808102345417,25.074106290081968,FLG2,GO Biological Process
GO_Biological_Process_2023,Response To Alcohol (GO:0097305),1/29,0.0941096218827057,0.1798296263107517,0,0,10.609808102345417,25.074106290081968,ADH7,GO Biological Process
GO_Biological_Process_2023,Positive Regulation Of NF-kappaB Transcription Factor Activity (GO:0051092),2/152,0.0945106244191516,0.1798986016935975,0,0,3.996363636363637,9.42759375407852,NTS;LTF,GO Biological Process
GO_Biological_Process_2023,Epithelium Development (GO:0060429),2/154,0.096612041521928,0.1815026491406326,0,0,3.9433811802232857,9.21588644849718,UPK1B;KRT24,GO Biological Process
GO_Biological_Process_2023,Extrinsic Apoptotic Signaling Pathway Via Death Domain Receptors (GO:0008625),1/30,0.0971941163755111,0.1815026491406326,0,0,10.243437982501286,23.87791592101611,FADD,GO Biological Process
GO_Biological_Process_2023,Lamellipodium Organization (GO:0097581),1/30,0.0971941163755111,0.1815026491406326,0,0,10.243437982501286,23.87791592101611,CTTN,GO Biological Process
GO_Biological_Process_2023,Prostaglandin Metabolic Process (GO:0006693),1/30,0.0971941163755111,0.1815026491406326,0,0,10.243437982501286,23.87791592101611,GSTM1,GO Biological Process
GO_Biological_Process_2023,Homologous Chromosome Pairing At Meiosis (GO:0007129),1/30,0.0971941163755111,0.1815026491406326,0,0,10.243437982501286,23.87791592101611,HORMAD1,GO Biological Process
CellMarker_2024,Medullary Cell Kidney Mouse,2/166,0.1094929994631386,0.1815643408819135,0,0,3.6526237989652626,8.079219089116346,CSRP3;NTS,CellMarker
Cancer_Cell_Line_Encyclopedia,SNU503 LARGE INTESTINE,3/149,0.0142689212395206,0.1815720227729005,0,0,6.254794520547946,26.580821679201694,SPRR3;NEFM;ADH7,Cancer Cell Line Encyclopedia
Reactome_2022,CREB1 Phosphorylation Thru NMDA Receptor-Mediated Activation Of RAS Signaling R-HSA-442742,1/27,0.0879094500534163,0.1816310951516866,0,0,11.427095292766934,27.784387663217135,ACTN2,Reactome Pathways
CellMarker_2024,Hepatocyte Liver Mouse,1/35,0.1124620438492114,0.1841565968030837,0,0,8.734855136084285,19.08687700448831,GSTM1,CellMarker
GO_Biological_Process_2023,Regulation Of Protein Localization To Cell Surface (GO:2000008),1/31,0.1002682623878204,0.1844487065566994,0,0,9.901492537313432,22.772502698810975,ACTN2,GO Biological Process
GO_Biological_Process_2023,Response To Estradiol (GO:0032355),1/31,0.1002682623878204,0.1844487065566994,0,0,9.901492537313432,22.772502698810975,MYOG,GO Biological Process
GO_Biological_Process_2023,Negative Regulation Of DNA Biosynthetic Process (GO:2000279),1/31,0.1002682623878204,0.1844487065566994,0,0,9.901492537313432,22.772502698810975,ANKRD1,GO Biological Process
GO_Biological_Process_2023,Positive Regulation Of Extrinsic Apoptotic Signaling Pathway (GO:2001238),1/31,0.1002682623878204,0.1844487065566994,0,0,9.901492537313432,22.772502698810975,FADD,GO Biological Process
Reactome_2022,Paracetamol ADME R-HSA-9753281,1/28,0.0910147445824993,0.1852551611864287,0,0,11.003316749585409,26.372020695020453,GSTM1,Reactome Pathways
Reactome_2022,Regulation Of Necroptotic Cell Death R-HSA-5675482,1/29,0.0941096218827057,0.1852551611864287,0,0,10.609808102345417,25.074106290081968,FADD,Reactome Pathways
Reactome_2022,Surfactant Metabolism R-HSA-5683826,1/29,0.0941096218827057,0.1852551611864287,0,0,10.609808102345417,25.074106290081968,SLC34A2,Reactome Pathways
Reactome_2022,Negative Regulation Of FGFR3 Signaling R-HSA-5654732,1/29,0.0941096218827057,0.1852551611864287,0,0,10.609808102345417,25.074106290081968,FGF4,Reactome Pathways
Reactome_2022,Dectin-2 Family R-HSA-5621480,1/29,0.0941096218827057,0.1852551611864287,0,0,10.609808102345417,25.074106290081968,MUC5B,Reactome Pathways
Reactome_2022,MAPK Family Signaling Cascades R-HSA-5683057,3/318,0.0940416001751375,0.1852551611864287,0,0,2.874285714285714,6.794863279409771,ACTN2;FGF3;FGF4,Reactome Pathways
GO_Biological_Process_2023,Regulation Of Calcium Ion Transmembrane Transporter Activity (GO:1901019),1/32,0.103332094120948,0.1866033787605398,0,0,9.581608088589311,21.748403627067045,SLN,GO Biological Process
GO_Biological_Process_2023,Histone Lysine Methylation (GO:0034968),1/32,0.103332094120948,0.1866033787605398,0,0,9.581608088589311,21.748403627067045,SMYD1,GO Biological Process
GO_Biological_Process_2023,Transition Metal Ion Transport (GO:0000041),1/32,0.103332094120948,0.1866033787605398,0,0,9.581608088589311,21.748403627067045,LTF,GO Biological Process
GO_Biological_Process_2023,Female Gamete Generation (GO:0007292),1/32,0.103332094120948,0.1866033787605398,0,0,9.581608088589311,21.748403627067045,HORMAD1,GO Biological Process
GO_Biological_Process_2023,Neural Tube Closure (GO:0001843),1/32,0.103332094120948,0.1866033787605398,0,0,9.581608088589311,21.748403627067045,CSRP3,GO Biological Process
GO_Biological_Process_2023,Positive Regulation Of Ion Transmembrane Transporter Activity (GO:0032414),1/33,0.1063856456375189,0.1886623140262476,0,0,9.281716417910449,20.797399230359275,ACTN2,GO Biological Process
GO_Biological_Process_2023,Positive Regulation Of Release Of Sequestered Calcium Ion Into Cytosol (GO:0051281),1/33,0.1063856456375189,0.1886623140262476,0,0,9.281716417910449,20.797399230359275,TRDN,GO Biological Process
GO_Biological_Process_2023,Regulation Of Type I Interferon-Mediated Signaling Pathway (GO:0060338),1/33,0.1063856456375189,0.1886623140262476,0,0,9.281716417910449,20.797399230359275,FADD,GO Biological Process
GO_Biological_Process_2023,Positive Regulation Of T Cell Mediated Cytotoxicity (GO:0001916),1/33,0.1063856456375189,0.1886623140262476,0,0,9.281716417910449,20.797399230359275,FADD,GO Biological Process
GO_Biological_Process_2023,Regulation Of Activated T Cell Proliferation (GO:0046006),1/33,0.1063856456375189,0.1886623140262476,0,0,9.281716417910449,20.797399230359275,FADD,GO Biological Process
Reactome_2022,FGFR1 Mutant Receptor Activation R-HSA-1839124,1/30,0.0971941163755111,0.1898322585459202,0,0,10.243437982501286,23.87791592101611,FGF4,Reactome Pathways
GO_Biological_Process_2023,Regulation Of calcineurin-NFAT Signaling Cascade (GO:0070884),1/34,0.1094289509220514,0.190630645952549,0,0,9.0,19.912318113121092,C10ORF71,GO Biological Process
GO_Biological_Process_2023,Regulation Of Blood Circulation (GO:1903522),1/34,0.1094289509220514,0.190630645952549,0,0,9.0,19.912318113121092,DES,GO Biological Process
GO_Biological_Process_2023,Regulation Of Metal Ion Transport (GO:0010959),1/34,0.1094289509220514,0.190630645952549,0,0,9.0,19.912318113121092,SLN,GO Biological Process
GO_Biological_Process_2023,Regulation Of DNA Biosynthetic Process (GO:2000278),1/34,0.1094289509220514,0.190630645952549,0,0,9.0,19.912318113121092,ANKRD1,GO Biological Process
GO_Biological_Process_2023,Response To Estrogen (GO:0043627),1/34,0.1094289509220514,0.190630645952549,0,0,9.0,19.912318113121092,SLC34A2,GO Biological Process
GO_Biological_Process_2023,Negative Regulation Of Cellular Process (GO:0048523),4/537,0.109920209945654,0.190812195433829,0,0,2.2747420262664164,5.022631623548875,MYOG;MYL2;SCGB3A1;PRAME,GO Biological Process
GO_Biological_Process_2023,Regulation Of Sodium Ion Transport (GO:0002028),1/35,0.1124620438492114,0.1925131514502127,0,0,8.734855136084285,19.08687700448831,BPIFA1,GO Biological Process
GO_Biological_Process_2023,Regulation Of Axon Extension (GO:0030516),1/35,0.1124620438492114,0.1925131514502127,0,0,8.734855136084285,19.08687700448831,CTTN,GO Biological Process
GO_Biological_Process_2023,Regulation Of G2/M Transition Of Mitotic Cell Cycle (GO:0010389),1/35,0.1124620438492114,0.1925131514502127,0,0,8.734855136084285,19.08687700448831,CCND1,GO Biological Process
GO_Biological_Process_2023,Liver Development (GO:0001889),1/35,0.1124620438492114,0.1925131514502127,0,0,8.734855136084285,19.08687700448831,UGT1A7,GO Biological Process
Reactome_2022,Negative Regulation Of FGFR4 Signaling R-HSA-5654733,1/31,0.1002682623878204,0.1928235815150392,0,0,9.901492537313432,22.772502698810975,FGF4,Reactome Pathways
Reactome_2022,RIPK1-mediated Regulated Necrosis R-HSA-5213460,1/31,0.1002682623878204,0.1928235815150392,0,0,9.901492537313432,22.772502698810975,FADD,Reactome Pathways
Cancer_Cell_Line_Encyclopedia,SNU840 OVARY,2/56,0.0155860552571749,0.1934951738024886,0,0,11.154882154882156,46.41968853471818,UPK1B;SPINK6,Cancer Cell Line Encyclopedia
Cancer_Cell_Line_Encyclopedia,KYSE70 OESOPHAGUS,3/156,0.0161186479423977,0.1953426619685818,0,0,5.9665158371040725,24.628455314762117,HORMAD1;NTS;ADH7,Cancer Cell Line Encyclopedia
GO_Biological_Process_2023,Metal Ion Transport (GO:0030001),2/171,0.1149890358041339,0.1961577669599931,0,0,3.54366146673839,7.664650929962913,SLN;CACNA1S,GO Biological Process
GO_Biological_Process_2023,Regulation Of T Cell Mediated Cytotoxicity (GO:0001914),1/36,0.1154849581798632,0.1963244289057674,0,0,8.484861407249467,18.315549019302413,FADD,GO Biological Process
CellMarker_2024,Endothelial Cell Blood Vessel Mouse,1/38,0.1215003854533458,0.1965006233875099,0,0,8.025413473174668,16.916270230507074,SPRR2B,CellMarker
Cancer_Cell_Line_Encyclopedia,SNU324 PANCREAS,2/58,0.0166571457140209,0.1971741201962014,0,0,10.755411255411255,44.04250544933113,SLC34A2;MUC5B,Cancer Cell Line Encyclopedia
GO_Biological_Process_2023,Protein Localization (GO:0008104),3/351,0.1172256148712125,0.1985987221014013,0,0,2.5973474801061007,5.567816571688882,ANO1;CSRP3;CTTN,GO Biological Process
CellMarker_2024,Goblet Cell Large Intestine Human,1/39,0.1244929653895161,0.1988851032442269,0,0,7.813825608798115,16.280153066858286,MUC5B,CellMarker
GO_Biological_Process_2023,Calcium Ion Import Across Plasma Membrane (GO:0098703),1/37,0.1184977275216925,0.2000663687266932,0,0,8.248756218905474,17.593454526083946,CACNA1S,GO Biological Process
PanglaoDB_Augmented_2021,Juxtaglomerular Cells,2/103,0.04802997914352,0.2005957952464662,0,0,5.94989498949895,18.06346408586769,ANO1;DES,PanglaoDB
Cancer_Cell_Line_Encyclopedia,CL14 LARGE INTESTINE,3/161,0.0175187526479849,0.2008720207276139,0,0,5.776241480038949,23.36191273361971,TNNC1;MYL2;LTF,Cancer Cell Line Encyclopedia
Cancer_Cell_Line_Encyclopedia,NCIH1650 LUNG,2/60,0.0177588230505749,0.2008720207276139,0,0,10.383490073145246,41.85452784289615,SPINK6;TNNC1,Cancer Cell Line Encyclopedia
GO_Biological_Process_2023,Positive Regulation Of I-kappaB kinase/NF-kappaB Signaling (GO:0043123),2/175,0.119436461731878,0.2009630567707026,0,0,3.4610264494657557,7.3545799700984755,FADD;LTF,GO Biological Process
GO_Biological_Process_2023,Positive Regulation Of Cation Channel Activity (GO:2001259),1/38,0.1215003854533458,0.2016824580084158,0,0,8.025413473174668,16.916270230507074,TRDN,GO Biological Process
GO_Biological_Process_2023,Response To Transforming Growth Factor Beta (GO:0071559),1/38,0.1215003854533458,0.2016824580084158,0,0,8.025413473174668,16.916270230507074,ANKRD1,GO Biological Process
GO_Biological_Process_2023,Positive Regulation Of Bone Mineralization (GO:0030501),1/38,0.1215003854533458,0.2016824580084158,0,0,8.025413473174668,16.916270230507074,LTF,GO Biological Process
GO_Biological_Process_2023,Regulation Of Intracellular Transport (GO:0032386),1/38,0.1215003854533458,0.2016824580084158,0,0,8.025413473174668,16.916270230507074,MYL1,GO Biological Process
GO_Biological_Process_2023,Positive Regulation Of Pattern Recognition Receptor Signaling Pathway (GO:0062208),1/39,0.1244929653895161,0.2052676653412422,0,0,7.813825608798115,16.280153066858286,LTF,GO Biological Process
GO_Biological_Process_2023,Regulation Of Monoatomic Cation Transmembrane Transport (GO:1904062),1/39,0.1244929653895161,0.2052676653412422,0,0,7.813825608798115,16.280153066858286,BPIFA1,GO Biological Process
GO_Biological_Process_2023,Retinoid Metabolic Process (GO:0001523),1/40,0.1274755006404551,0.2080974232309416,0,0,7.6130884041331806,15.6816761453018,ADH7,GO Biological Process
GO_Biological_Process_2023,Positive Regulation Of Myeloid Leukocyte Differentiation (GO:0002763),1/40,0.1274755006404551,0.2080974232309416,0,0,7.6130884041331806,15.6816761453018,FADD,GO Biological Process
GO_Biological_Process_2023,Positive Regulation Of Insulin Secretion (GO:0032024),1/40,0.1274755006404551,0.2080974232309416,0,0,7.6130884041331806,15.6816761453018,ANO1,GO Biological Process
GO_Cellular_Component_2023,Endocytic Vesicle Lumen (GO:0071682),1/21,0.0690569798213239,0.20972860538328,0,0,14.859701492537312,39.71735668720526,LTF,GO Cellular Component
GO_Biological_Process_2023,Positive Regulation Of Response To Biotic Stimulus (GO:0002833),1/41,0.1304480244280874,0.2115489343521285,0,0,7.422388059701492,15.117774608767611,FADD,GO Biological Process
GO_Biological_Process_2023,Detection Of Chemical Stimulus Involved In Sensory Perception Of Bitter Taste (GO:0001580),1/41,0.1304480244280874,0.2115489343521285,0,0,7.422388059701492,15.117774608767611,PIGR,GO Biological Process
Cancer_Cell_Line_Encyclopedia,OVISE OVARY,3/168,0.0195899081411738,0.2121545371033505,0,0,5.529230769230769,21.745031085472768,SLC34A2;UPK1B;KRT24,Cancer Cell Line Encyclopedia
Cancer_Cell_Line_Encyclopedia,MOGGUVW CENTRAL NERVOUS SYSTEM,2/63,0.0194677024405894,0.2121545371033505,0,0,9.871336313959263,38.88317865399663,SLN;MYL1,Cancer Cell Line Encyclopedia
Reactome_2022,Regulation Of TNFR1 Signaling R-HSA-5357905,1/35,0.1124620438492114,0.2146222210862814,0,0,8.734855136084285,19.08687700448831,FADD,Reactome Pathways
CellMarker_2024,Astrocyte Brain Mouse,4/582,0.1360272379342242,0.2146935924022094,0,0,2.0927768166089966,4.174880752662036,GSTM1;CKM;MYL1;PPFIA1,CellMarker
GO_Biological_Process_2023,Sensory Perception Of Bitter Taste (GO:0050913),1/42,0.1334105698458863,0.2149392514183725,0,0,7.240990171095741,14.585699665663611,PIGR,GO Biological Process
GO_Biological_Process_2023,Monoatomic Cation Transport (GO:0006812),1/42,0.1334105698458863,0.2149392514183725,0,0,7.240990171095741,14.585699665663611,ANO1,GO Biological Process
Reactome_2022,Aberrant Regulation Of Mitotic Cell Cycle Due To RB1 Defects R-HSA-9687139,1/36,0.1154849581798632,0.2154570115295955,0,0,8.484861407249467,18.315549019302413,CCND1,Reactome Pathways
Reactome_2022,Glutathione Conjugation R-HSA-156590,1/36,0.1154849581798632,0.2154570115295955,0,0,8.484861407249467,18.315549019302413,GSTM1,Reactome Pathways
Reactome_2022,Signaling By FGFR1 In Disease R-HSA-5655302,1/36,0.1154849581798632,0.2154570115295955,0,0,8.484861407249467,18.315549019302413,FGF4,Reactome Pathways
GO_Biological_Process_2023,Positive Regulation Of Protein Phosphorylation (GO:0001934),3/377,0.1368550672615903,0.2155576618529202,0,0,2.413574660633484,4.800196489727134,CCND1;FGF3;FGF4,GO Biological Process
GO_Biological_Process_2023,Defense Response To Virus (GO:0051607),2/189,0.1353272355376895,0.2155576618529202,0,0,3.199643493761141,6.399477259656181,BPIFA1;FADD,GO Biological Process
GO_Biological_Process_2023,Endocytosis (GO:0006897),2/189,0.1353272355376895,0.2155576618529202,0,0,3.199643493761141,6.399477259656181,CTTN;MYL1,GO Biological Process
GO_Biological_Process_2023,Learning (GO:0007612),1/43,0.1363631698897331,0.2155576618529202,0,0,7.068230277185501,14.082979394345454,SHANK2,GO Biological Process
GO_Biological_Process_2023,Positive Regulation Of T Cell Mediated Immunity (GO:0002711),1/43,0.1363631698897331,0.2155576618529202,0,0,7.068230277185501,14.082979394345454,FADD,GO Biological Process
GO_Biological_Process_2023,Skeletal System Morphogenesis (GO:0048705),1/43,0.1363631698897331,0.2155576618529202,0,0,7.068230277185501,14.082979394345454,LTF,GO Biological Process
GO_Biological_Process_2023,Intracellular Monoatomic Cation Homeostasis (GO:0030003),2/190,0.1364802257051114,0.2155576618529202,0,0,3.1824629271437783,6.338115327368072,CSRP3;TRDN,GO Biological Process
GO_Biological_Process_2023,Bone Development (GO:0060348),1/44,0.1393058574657912,0.2173347712994781,0,0,6.9035057271780635,13.607385194038669,LTF,GO Biological Process
GO_Biological_Process_2023,Positive Regulation Of Cytokine-Mediated Signaling Pathway (GO:0001961),1/44,0.1393058574657912,0.2173347712994781,0,0,6.9035057271780635,13.607385194038669,FADD,GO Biological Process
GO_Biological_Process_2023,Positive Regulation Of Osteoblast Differentiation (GO:0045669),1/44,0.1393058574657912,0.2173347712994781,0,0,6.9035057271780635,13.607385194038669,LTF,GO Biological Process
GO_Biological_Process_2023,Regulation Of Cell Differentiation (GO:0045595),2/193,0.1399525174977682,0.2176548615974755,0,0,3.1320006346184357,6.158929145691244,PRAME;KLHL41,GO Biological Process
GO_Biological_Process_2023,Epidermal Growth Factor Receptor Signaling Pathway (GO:0007173),1/45,0.1422386653344871,0.2177753478568389,0,0,6.746268656716418,13.156902962469523,PIGR,GO Biological Process
GO_Biological_Process_2023,Positive Regulation Of Innate Immune Response (GO:0045089),1/45,0.1422386653344871,0.2177753478568389,0,0,6.746268656716418,13.156902962469523,FADD,GO Biological Process
GO_Biological_Process_2023,Zymogen Activation (GO:0031638),1/45,0.1422386653344871,0.2177753478568389,0,0,6.746268656716418,13.156902962469523,FADD,GO Biological Process
GO_Biological_Process_2023,Detection Of Chemical Stimulus Involved In Sensory Perception Of Taste (GO:0050912),1/45,0.1422386653344871,0.2177753478568389,0,0,6.746268656716418,13.156902962469523,PIGR,GO Biological Process
GO_Biological_Process_2023,Negative Regulation Of Response To Biotic Stimulus (GO:0002832),1/45,0.1422386653344871,0.2177753478568389,0,0,6.746268656716418,13.156902962469523,LTF,GO Biological Process
GO_Biological_Process_2023,Positive Regulation Of Protein Metabolic Process (GO:0051247),2/196,0.1434442101464627,0.2189411628551272,0,0,3.08309903155264,5.9867897521058895,FADD;ASB5,GO Biological Process
Reactome_2022,NCAM1 Interactions R-HSA-419037,1/37,0.1184977275216925,0.2194402361512824,0,0,8.248756218905474,17.593454526083946,CACNA1S,Reactome Pathways
GO_Biological_Process_2023,Epithelial Cell Migration (GO:0010631),1/46,0.1451616261787413,0.2201990206342138,0,0,6.596019900497512,12.729708236779256,KRT2,GO Biological Process
GO_Biological_Process_2023,T Cell Differentiation (GO:0030217),1/46,0.1451616261787413,0.2201990206342138,0,0,6.596019900497512,12.729708236779256,FADD,GO Biological Process
GO_Cellular_Component_2023,Cul2-RING Ubiquitin Ligase Complex (GO:0031462),1/23,0.0753834075225752,0.2207656934589704,0,0,13.507462686567164,34.919061481317286,PRAME,GO Cellular Component
CellMarker_2024,Brush Cell (Tuft Cell) Intestinal Crypt Mouse,2/195,0.1422782026803828,0.2218862446563112,0,0,3.0992306484534464,6.043409776008359,PIGR;GSTM1,CellMarker
Reactome_2022,Diseases Of Mitotic Cell Cycle R-HSA-9675126,1/38,0.1215003854533458,0.2233462967892386,0,0,8.025413473174668,16.916270230507074,CCND1,Reactome Pathways
PanglaoDB_Augmented_2021,Cardiac Stem And Precursor Cells,2/113,0.0566311064322393,0.2233782531493885,0,0,5.4111384111384115,15.536443621202164,CCND1;ANKRD1,PanglaoDB
CellMarker_2024,Olfactory Ensheathing Glia Brain Mouse,1/46,0.1451616261787413,0.2237196826990014,0,0,6.596019900497512,12.729708236779256,MYBPC1,CellMarker
Reactome_2022,Signaling By FGFR3 R-HSA-5654741,1/39,0.1244929653895161,0.2255307344012972,0,0,7.813825608798115,16.280153066858286,FGF4,Reactome Pathways
Reactome_2022,Transcriptional Regulation By VENTX R-HSA-8853884,1/39,0.1244929653895161,0.2255307344012972,0,0,7.813825608798115,16.280153066858286,CCND1,Reactome Pathways
GO_Biological_Process_2023,Organic Substance Transport (GO:0071702),2/201,0.1493048158767514,0.2257891847461303,0,0,3.0048728490939545,5.714562971156946,SLN;CACNA1S,GO Biological Process
GO_Biological_Process_2023,Cytoplasmic Microtubule Organization (GO:0031122),1/48,0.1509781369528721,0.2269275046273352,0,0,6.314703080342966,11.938705459864398,TRDN,GO Biological Process
GO_Biological_Process_2023,Cellular Response To Mechanical Stimulus (GO:0071260),1/48,0.1509781369528721,0.2269275046273352,0,0,6.314703080342966,11.938705459864398,FADD,GO Biological Process
Reactome_2022,Signaling By FGFR4 R-HSA-5654743,1/40,0.1274755006404551,0.2276348225722413,0,0,7.6130884041331806,15.6816761453018,FGF4,Reactome Pathways
Reactome_2022,Neurotransmitter Receptors And Postsynaptic Signal Transmission R-HSA-112314,2/182,0.1273213690399559,0.2276348225722413,0,0,3.3252525252525253,6.853481536772197,CHRND;ACTN2,Reactome Pathways
GO_Biological_Process_2023,Defense Response To Bacterium (GO:0042742),2/204,0.1528446769600423,0.2284902819052051,0,0,2.95979597959796,5.559482628989288,BPIFA1;LTF,GO Biological Process
GO_Biological_Process_2023,Negative Regulation Of Tumor Necrosis Factor Superfamily Cytokine Production (GO:1903556),1/49,0.1538717517089819,0.2284902819052051,0,0,6.182835820895522,11.572016896560733,LTF,GO Biological Process
GO_Biological_Process_2023,Negative Regulation Of DNA Metabolic Process (GO:0051053),1/49,0.1538717517089819,0.2284902819052051,0,0,6.182835820895522,11.572016896560733,ANKRD1,GO Biological Process
GO_Biological_Process_2023,Regulation Of Cell Communication (GO:0010646),1/49,0.1538717517089819,0.2284902819052051,0,0,6.182835820895522,11.572016896560733,TRDN,GO Biological Process
Cancer_Cell_Line_Encyclopedia,LOVO LARGE INTESTINE,2/69,0.0230828770826961,0.2303761653939673,0,0,8.984622342831297,33.86002446746899,SPINK7;SPINK6,Cancer Cell Line Encyclopedia
Cancer_Cell_Line_Encyclopedia,CAL29 URINARY TRACT,2/69,0.0230828770826961,0.2303761653939673,0,0,8.984622342831297,33.86002446746899,SPRR3;UPK1B,Cancer Cell Line Encyclopedia
Cancer_Cell_Line_Encyclopedia,RERFLCAD2 LUNG,2/68,0.02246243390249,0.2303761653939673,0,0,9.12121212121212,34.623309145572826,SPRR3;UPK1B,Cancer Cell Line Encyclopedia
Cancer_Cell_Line_Encyclopedia,HT1376 URINARY TRACT,3/177,0.0224438335326234,0.2303761653939673,0,0,5.240848806366047,19.89813703796136,SPRR3;UPK1B;KRT24,Cancer Cell Line Encyclopedia
GO_Cellular_Component_2023,Cell-Cell Junction (GO:0005911),3/299,0.0816699189731661,0.2309287364068835,0,0,3.0617463617463616,7.669887530841718,MYH2;DES;NRAP,GO Cellular Component
Reactome_2022,Signaling By Retinoic Acid R-HSA-5362517,1/41,0.1304480244280874,0.2312908234540556,0,0,7.422388059701492,15.117774608767611,ADH7,Reactome Pathways
GO_Biological_Process_2023,Positive Regulation Of Transport (GO:0051050),1/50,0.1567556490806558,0.2313788472956986,0,0,6.0563508985683825,11.222824361971773,MYL1,GO Biological Process
GO_Biological_Process_2023,Plasma Membrane Bounded Cell Projection Morphogenesis (GO:0120039),1/50,0.1567556490806558,0.2313788472956986,0,0,6.0563508985683825,11.222824361971773,CTTN,GO Biological Process
CellMarker_2024,Neutrophil Blood Human,1/49,0.1538717517089819,0.2316919479755935,0,0,6.182835820895522,11.572016896560733,LTF,CellMarker
CellMarker_2024,Smooth Muscle Cell Brain Mouse,1/49,0.1538717517089819,0.2316919479755935,0,0,6.182835820895522,11.572016896560733,ANO1,CellMarker
GO_Biological_Process_2023,Positive Regulation Of Leukocyte Mediated Cytotoxicity (GO:0001912),1/51,0.1596298612054366,0.2342188142091674,0,0,5.9349253731343286,10.889979796219908,FADD,GO Biological Process
GO_Biological_Process_2023,Regulation Of Release Of Sequestered Calcium Ion Into Cytosol (GO:0051279),1/51,0.1596298612054366,0.2342188142091674,0,0,5.9349253731343286,10.889979796219908,TRDN,GO Biological Process
Cancer_Cell_Line_Encyclopedia,HT1197 URINARY TRACT,3/183,0.0244660555548177,0.2349664580641935,0,0,5.064615384615385,18.792096404643026,SPRR3;UPK1B;KRT24,Cancer Cell Line Encyclopedia
Cancer_Cell_Line_Encyclopedia,NCIH1623 LUNG,3/182,0.0241223722948407,0.2349664580641935,0,0,5.093167168027503,18.970089674092613,SPINK6;HORMAD1;TRDN,Cancer Cell Line Encyclopedia
GO_Biological_Process_2023,Regulation Of Proteolysis (GO:0030162),1/52,0.1624944201180422,0.2356169091711613,0,0,5.818261633011414,10.572430795578446,FADD,GO Biological Process
GO_Biological_Process_2023,Cartilage Development (GO:0051216),1/52,0.1624944201180422,0.2356169091711613,0,0,5.818261633011414,10.572430795578446,FGF4,GO Biological Process
GO_Biological_Process_2023,Fatty Acid Oxidation (GO:0019395),1/52,0.1624944201180422,0.2356169091711613,0,0,5.818261633011414,10.572430795578446,ADH7,GO Biological Process
GO_Biological_Process_2023,Cell Cycle G1/S Phase Transition (GO:0044843),1/52,0.1624944201180422,0.2356169091711613,0,0,5.818261633011414,10.572430795578446,CCND1,GO Biological Process
GO_Biological_Process_2023,Regulation Of Cyclin-Dependent Protein Kinase Activity (GO:1904029),1/53,0.1653493578016362,0.2362818359310338,0,0,5.7060849598163035,10.269210993651246,CCND1,GO Biological Process
GO_Biological_Process_2023,Negative Regulation Of Viral Genome Replication (GO:0045071),1/53,0.1653493578016362,0.2362818359310338,0,0,5.7060849598163035,10.269210993651246,LTF,GO Biological Process
GO_Biological_Process_2023,Cellular Response To Alcohol (GO:0097306),1/53,0.1653493578016362,0.2362818359310338,0,0,5.7060849598163035,10.269210993651246,MYL1,GO Biological Process
GO_Biological_Process_2023,Negative Regulation Of Cysteine-Type Endopeptidase Activity (GO:2000117),1/53,0.1653493578016362,0.2362818359310338,0,0,5.7060849598163035,10.269210993651246,LTF,GO Biological Process
GO_Biological_Process_2023,Actin Cytoskeleton Reorganization (GO:0031532),1/53,0.1653493578016362,0.2362818359310338,0,0,5.7060849598163035,10.269210993651246,CTTN,GO Biological Process
GO_Biological_Process_2023,ERBB Signaling Pathway (GO:0038127),1/54,0.168194706014656,0.2389625073925805,0,0,5.598141368628555,9.979431577576143,PIGR,GO Biological Process
GO_Biological_Process_2023,Endoplasmic Reticulum Organization (GO:0007029),1/54,0.168194706014656,0.2389625073925805,0,0,5.598141368628555,9.979431577576143,TRDN,GO Biological Process
PanglaoDB_Augmented_2021,Goblet Cells,2/122,0.0647947693408217,0.242127822273597,0,0,5.003030303030303,13.690944511015363,PIGR;MUC5B,PanglaoDB
Cancer_Cell_Line_Encyclopedia,CORL311 LUNG,4/329,0.0257129981156769,0.2423688155718438,0,0,3.770576923076923,13.803172092979471,MYBPC2;KRT2;MYH8;SHANK2,Cancer Cell Line Encyclopedia
Cancer_Cell_Line_Encyclopedia,SUPM2 HAEMATOPOIETIC AND LYMPHOID TISSUE,4/331,0.0262155883415755,0.2426133539247627,0,0,3.747133027522936,13.644814216877936,UPK1B;MYBPC2;CACNA1S;TRDN,Cancer Cell Line Encyclopedia
Reactome_2022,TNF Signaling R-HSA-75893,1/44,0.1393058574657912,0.2435417088562783,0,0,6.9035057271780635,13.607385194038669,FADD,Reactome Pathways
Reactome_2022,Aspirin ADME R-HSA-9749641,1/44,0.1393058574657912,0.2435417088562783,0,0,6.9035057271780635,13.607385194038669,UGT1A7,Reactome Pathways
GO_Biological_Process_2023,Mitotic DNA Damage Checkpoint Signaling (GO:0044773),1/56,0.1738567610280003,0.2462970781230005,0,0,5.394029850746269,9.436982152284866,CCND1,GO Biological Process
Cancer_Cell_Line_Encyclopedia,NCIH2347 LUNG,2/77,0.0282953801353318,0.2483163532566187,0,0,8.023030303030303,28.602558206981847,SLC34A2;SCGB3A1,Cancer Cell Line Encyclopedia
Cancer_Cell_Line_Encyclopedia,FADU UPPER AERODIGESTIVE TRACT,2/77,0.0282953801353318,0.2483163532566187,0,0,8.023030303030303,28.602558206981847,PPFIA1;FADD,Cancer Cell Line Encyclopedia
Cancer_Cell_Line_Encyclopedia,HS688AT SKIN,3/192,0.0276787340857232,0.2483163532566187,0,0,4.821245421245421,17.29424549610241,MYH1;MYH2;ACTC1,Cancer Cell Line Encyclopedia
KEGG_2021_Human,IL-17 signaling pathway,2/94,0.0407466023557477,0.2487687301719336,0,0,6.534914361001317,20.91422765467781,FADD;MUC5B,KEGG Pathways
KEGG_2021_Human,Pathways in cancer,5/531,0.0343939478233918,0.2487687301719336,0,0,2.9280584223550004,9.867189896445,GSTM1;CCND1;FADD;FGF3;FGF4,KEGG Pathways
KEGG_2021_Human,Salivary secretion,2/93,0.0399656188406631,0.2487687301719336,0,0,6.6070596070596075,21.272985843869264,STATH;MUC5B,KEGG Pathways
KEGG_2021_Human,Regulation of actin cytoskeleton,3/218,0.0381608311538026,0.2487687301719336,0,0,4.232629695885509,13.82353855129215,MYL2;FGF3;FGF4,KEGG Pathways
GO_Biological_Process_2023,Regulation Of Calcium Ion Transport (GO:0051924),1/57,0.1766735309285739,0.2495703459821976,0,0,5.297441364605544,9.182858779101382,SLN,GO Biological Process
Cancer_Cell_Line_Encyclopedia,SKLMS1 SOFT TISSUE,2/78,0.0289772739894376,0.2499903806885386,0,0,7.917065390749602,28.036255655392363,XIRP2;ASB5,Cancer Cell Line Encyclopedia
GO_Biological_Process_2023,Positive Regulation Of Type II Interferon Production (GO:0032729),1/58,0.1794808377120325,0.2506630396374846,0,0,5.204241948153967,8.939257856797644,FADD,GO Biological Process
GO_Biological_Process_2023,Inorganic Anion Transport (GO:0015698),1/58,0.1794808377120325,0.2506630396374846,0,0,5.204241948153967,8.939257856797644,SLC34A2,GO Biological Process
GO_Biological_Process_2023,Regulation Of Bone Mineralization (GO:0030500),1/58,0.1794808377120325,0.2506630396374846,0,0,5.204241948153967,8.939257856797644,STATH,GO Biological Process
GO_Biological_Process_2023,Muscle Organ Development (GO:0007517),1/58,0.1794808377120325,0.2506630396374846,0,0,5.204241948153967,8.939257856797644,DES,GO Biological Process
GO_Biological_Process_2023,Regulation Of Cell Growth (GO:0001558),2/227,0.1804906365227831,0.2513612536885087,0,0,2.654141414141414,4.544092818425331,MYL2;SCGB3A1,GO Biological Process
GO_Biological_Process_2023,Regulation Of Cell Migration (GO:0030334),3/434,0.1833670742399787,0.2522488853965507,0,0,2.0882741388541852,3.5422668856369617,CSRP3;FGF3;FGF4,GO Biological Process
GO_Biological_Process_2023,Protein Ubiquitination (GO:0016567),3/434,0.1833670742399787,0.2522488853965507,0,0,2.0882741388541852,3.5422668856369617,PRAME;ASB5;KLHL41,GO Biological Process
GO_Biological_Process_2023,Positive Regulation Of Proteolysis (GO:0045862),1/59,0.1822787126862081,0.2522488853965507,0,0,5.1142563046834795,8.705581055775474,FADD,GO Biological Process
GO_Biological_Process_2023,Cellular Response To Lipid (GO:0071396),2/228,0.1817103659917317,0.2522488853965507,0,0,2.642263341378386,4.505960683076567,MYOG;ANKRD1,GO Biological Process
GO_Biological_Process_2023,Regulation Of Gene Expression (GO:0010468),6/1127,0.1836863080271028,0.2522488853965507,0,0,1.623924491381543,2.751781986804819,ACTA1;ACTC1;NTS;FGF3;FGF4;LTF,GO Biological Process
CellMarker_2024,Retinoid Acid Signaling-Responsive Fetal Germ Cell Fetal Gonad Human,2/218,0.1695746000743139,0.2524349160197173,0,0,2.765993265993266,4.908150857067791,CCND1;ACTN2,CellMarker
GO_Biological_Process_2023,Regulation Of Extrinsic Apoptotic Signaling Pathway (GO:2001236),1/60,0.1850671870573581,0.2534392311646599,0,0,5.027321022008601,8.48127328991471,FADD,GO Biological Process
GO_Biological_Process_2023,Regulation Of I-kappaB kinase/NF-kappaB Signaling (GO:0043122),2/232,0.1866018988607176,0.2548330640951075,0,0,2.595783926218709,4.3577444666189615,FADD;LTF,GO Biological Process
GO_Biological_Process_2023,Positive Regulation Of Interleukin-8 Production (GO:0032757),1/61,0.1878462919472579,0.2551190686776808,0,0,4.943283582089553,8.265818938373865,FADD,GO Biological Process
GO_Biological_Process_2023,Negative Regulation Of Viral Process (GO:0048525),1/61,0.1878462919472579,0.2551190686776808,0,0,4.943283582089553,8.265818938373865,LTF,GO Biological Process
Reactome_2022,Cyclin D Associated Events In G1 R-HSA-69231,1/47,0.1480747725504526,0.2570742579000914,0,0,6.45230369889682,12.32414469020009,CCND1,Reactome Pathways
GO_Biological_Process_2023,Positive Regulation Of Apoptotic Signaling Pathway (GO:2001235),1/62,0.1906160583612696,0.257462237731797,0,0,4.862001468069488,8.05873845423038,FADD,GO Biological Process
GO_Biological_Process_2023,Cell Junction Organization (GO:0034330),1/62,0.1906160583612696,0.257462237731797,0,0,4.862001468069488,8.05873845423038,PPFIA1,GO Biological Process
GO_Biological_Process_2023,Positive Regulation Of Mitotic Cell Cycle Phase Transition (GO:1901992),1/63,0.1933765172474068,0.2597673651307127,0,0,4.783341357727491,7.859585311378846,CCND1,GO Biological Process
GO_Biological_Process_2023,G1/S Transition Of Mitotic Cell Cycle (GO:0000082),1/63,0.1933765172474068,0.2597673651307127,0,0,4.783341357727491,7.859585311378846,CCND1,GO Biological Process
MSigDB_Hallmark_2020,Apoptosis,2/161,0.1040709278320729,0.2601773195801824,0,0,3.7684391080617496,8.526781651392326,GSTM1;CCND1,MSigDB Hallmark
MSigDB_Hallmark_2020,Notch Signaling,1/32,0.103332094120948,0.2601773195801824,0,0,9.581608088589311,21.748403627067045,CCND1,MSigDB Hallmark
GO_Biological_Process_2023,Positive Regulation Of Cysteine-Type Endopeptidase Activity (GO:2001056),1/64,0.1961276993632877,0.2627471624622306,0,0,4.707178393745558,7.667943257971954,FADD,GO Biological Process
Cancer_Cell_Line_Encyclopedia,ABC1 LUNG,2/81,0.0310621557721581,0.2635106214671419,0,0,7.615266589950134,26.438416446487174,SPRR3;UPK1B,Cancer Cell Line Encyclopedia
PanglaoDB_Augmented_2021,Ductal Cells,2/132,0.0742968228303721,0.2637537210478212,0,0,4.615850815850816,11.999767773212444,PIGR;ANO1,PanglaoDB
CellMarker_2024,Lake Et al.Science.Ex8 Brain Human,1/58,0.1794808377120325,0.2641796600031041,0,0,5.204241948153967,8.939257856797644,SMYD1,CellMarker
GO_Biological_Process_2023,Positive Regulation Of Cell Cycle (GO:0045787),1/65,0.1988696354697893,0.2649803521259625,0,0,4.63339552238806,7.483423829325053,CCND1,GO Biological Process
GO_Biological_Process_2023,Positive Regulation Of T Cell Proliferation (GO:0042102),1/65,0.1988696354697893,0.2649803521259625,0,0,4.63339552238806,7.483423829325053,FADD,GO Biological Process
Cancer_Cell_Line_Encyclopedia,SNU899 UPPER AERODIGESTIVE TRACT,2/82,0.0317700135987581,0.2650973265863592,0,0,7.5196969696969695,25.93718244608623,ANO1;UPK1B,Cancer Cell Line Encyclopedia
Reactome_2022,RMTs Methylate Histone Arginines R-HSA-3214858,1/49,0.1538717517089819,0.2652961236361758,0,0,6.182835820895522,11.572016896560733,CCND1,Reactome Pathways
Cancer_Cell_Line_Encyclopedia,HCC1954 BREAST,2/83,0.0324842359409961,0.2666850982897913,0,0,7.42648709315376,25.45057390679166,BPIFB1;TCAP,Cancer Cell Line Encyclopedia
PanglaoDB_Augmented_2021,Distal Tubule Cells,2/137,0.0792061519699792,0.2677922280889774,0,0,4.443771043771044,11.26807604276484,PIGR;SLC34A2,PanglaoDB
GO_Biological_Process_2023,Negative Regulation Of Endopeptidase Activity (GO:0010951),1/66,0.2016023561335558,0.2678974705494422,0,0,4.561882893226177,7.305664108438629,LTF,GO Biological Process
Reactome_2022,Neurotransmitter Release Cycle R-HSA-112310,1/50,0.1567556490806558,0.2684172073298901,0,0,6.0563508985683825,11.222824361971773,PPFIA1,Reactome Pathways
GO_Biological_Process_2023,Positive Regulation Of Programmed Cell Death (GO:0043068),2/245,0.2026243376896275,0.2685317163467375,0,0,2.4552936775158996,3.919634675661684,ANKRD1;FADD,GO Biological Process
GO_Biological_Process_2023,Extrinsic Apoptotic Signaling Pathway (GO:0097191),1/67,0.2043258918563289,0.2686204391604538,0,0,4.492537313432836,7.134324690451876,FADD,GO Biological Process
GO_Biological_Process_2023,Positive Regulation Of DNA-binding Transcription Factor Activity (GO:0051091),2/246,0.2038638598708799,0.2686204391604538,0,0,2.4451068057625434,3.88846034985665,NTS;LTF,GO Biological Process
GO_Biological_Process_2023,Regulation Of Viral Genome Replication (GO:0045069),1/67,0.2043258918563289,0.2686204391604538,0,0,4.492537313432836,7.134324690451876,LTF,GO Biological Process
GO_Biological_Process_2023,Neuropeptide Signaling Pathway (GO:0007218),1/68,0.2070402731221201,0.2714650389606521,0,0,4.425261750946759,6.969087838460738,NTS,GO Biological Process
Reactome_2022,Ubiquitin-dependent Degradation Of Cyclin D R-HSA-75815,1/51,0.1596298612054366,0.2714793557915589,0,0,5.9349253731343286,10.889979796219908,CCND1,Reactome Pathways
GO_Biological_Process_2023,Regulation Of Heart Contraction (GO:0008016),1/69,0.2097455301816246,0.2742826163913553,0,0,4.359964881474978,6.809655813963362,DES,GO Biological Process
Reactome_2022,Signaling By Non-Receptor Tyrosine Kinases R-HSA-9006927,1/52,0.1624944201180422,0.2744838177669633,0,0,5.818261633011414,10.572430795578446,CCND1,Reactome Pathways
GO_Cellular_Component_2023,Ciliary Membrane (GO:0060170),1/38,0.1215003854533458,0.2750787119083505,0,0,8.025413473174668,16.916270230507074,SHANK2,GO Cellular Component
GO_Cellular_Component_2023,Keratin Filament (GO:0045095),1/39,0.1244929653895161,0.2750787119083505,0,0,7.813825608798115,16.280153066858286,KRT2,GO Cellular Component
GO_Cellular_Component_2023,Cyclin-Dependent Protein Kinase Holoenzyme Complex (GO:0000307),1/40,0.1274755006404551,0.2750787119083505,0,0,7.6130884041331806,15.6816761453018,CCND1,GO Cellular Component
GO_Cellular_Component_2023,cullin-RING Ubiquitin Ligase Complex (GO:0031461),2/174,0.1183205131217675,0.2750787119083505,0,0,3.481324876673714,7.43039403232467,PRAME;KLHL41,GO Cellular Component
GO_Cellular_Component_2023,Recycling Endosome (GO:0055037),2/159,0.1019237151090067,0.2750787119083505,0,0,3.816830727658753,8.715849901310131,MYL1;LTF,GO Cellular Component
GO_Cellular_Component_2023,Cul3-RING Ubiquitin Ligase Complex (GO:0031463),1/35,0.1124620438492114,0.2750787119083505,0,0,8.734855136084285,19.08687700448831,KLHL41,GO Cellular Component
GO_Cellular_Component_2023,Monoatomic Ion Channel Complex (GO:0034702),1/36,0.1154849581798632,0.2750787119083505,0,0,8.484861407249467,18.315549019302413,CHRND,GO Cellular Component
GO_Cellular_Component_2023,Tertiary Granule (GO:0070820),2/162,0.1051492316945055,0.2750787119083505,0,0,3.7446969696969696,8.434460652363063,FLG2;LTF,GO Cellular Component
GO_Cellular_Component_2023,Neuromuscular Junction (GO:0031594),1/39,0.1244929653895161,0.2750787119083505,0,0,7.813825608798115,16.280153066858286,CHRND,GO Cellular Component
Reactome_2022,Sensory Processing Of Sound By Outer Hair Cells Of Cochlea R-HSA-9662361,1/53,0.1653493578016362,0.2755822630027271,0,0,5.7060849598163035,10.269210993651246,XIRP2,Reactome Pathways
Reactome_2022,Ion Transport By P-type ATPases R-HSA-936837,1/53,0.1653493578016362,0.2755822630027271,0,0,5.7060849598163035,10.269210993651246,SLN,Reactome Pathways
Cancer_Cell_Line_Encyclopedia,ES2 OVARY,2/87,0.0354037728922168,0.2762106375796332,0,0,7.075579322638146,23.639063946311328,XIRP2;FADD,Cancer Cell Line Encyclopedia
Cancer_Cell_Line_Encyclopedia,HCC4006 LUNG,2/89,0.0369004388122103,0.2762106375796332,0,0,6.912225705329154,22.80710877288019,SLC34A2;SCGB3A1,Cancer Cell Line Encyclopedia
Cancer_Cell_Line_Encyclopedia,MDAMB175VII BREAST,3/215,0.0368610553464692,0.2762106375796332,0,0,4.293178519593614,14.170063716380218,SPRR3;BPIFB1;MUC5B,Cancer Cell Line Encyclopedia
Cancer_Cell_Line_Encyclopedia,HCC1143 BREAST,2/88,0.0361490718881948,0.2762106375796332,0,0,6.992952783650458,23.217330541087087,PPFIA1;HORMAD1,Cancer Cell Line Encyclopedia
Cancer_Cell_Line_Encyclopedia,SNU761 LIVER,3/210,0.0347467983411332,0.2762106375796332,0,0,4.39799331103679,14.775796710864627,SLN;CTTN;ANKRD1,Cancer Cell Line Encyclopedia
Cancer_Cell_Line_Encyclopedia,TE15 OESOPHAGUS,2/88,0.0361490718881948,0.2762106375796332,0,0,6.992952783650458,23.217330541087087,UPK1B;CKM,Cancer Cell Line Encyclopedia
GO_Biological_Process_2023,Positive Regulation Of Protein Transport (GO:0051222),1/70,0.2124416932869959,0.276342360924773,0,0,4.296560674886438,6.655749348765278,ANKRD1,GO Biological Process
GO_Biological_Process_2023,Sulfur Compound Biosynthetic Process (GO:0044272),1/70,0.2124416932869959,0.276342360924773,0,0,4.296560674886438,6.655749348765278,GSTM1,GO Biological Process
MSigDB_Hallmark_2020,Complement,2/200,0.1481287080780672,0.2777413276463761,0,0,3.0202020202020203,5.767600469255814,ACTN2;LTF,MSigDB Hallmark
MSigDB_Hallmark_2020,KRAS Signaling Up,2/200,0.1481287080780672,0.2777413276463761,0,0,3.0202020202020203,5.767600469255814,PIGR;ANO1,MSigDB Hallmark
Cancer_Cell_Line_Encyclopedia,KCIMOH1 PANCREAS,2/90,0.0376578251363587,0.2777946810783564,0,0,6.833333333333333,22.40796580046174,BPIFB1;XIRP2,Cancer Cell Line Encyclopedia
PanglaoDB_Augmented_2021,Mesothelial Cells,2/144,0.0862447392191091,0.2783352947525794,0,0,4.223218096457533,10.349275604725992,ANO1;DES,PanglaoDB
Cancer_Cell_Line_Encyclopedia,HCC1937 BREAST,2/92,0.0391904630653646,0.2786643834232543,0,0,6.680808080808081,21.641287598059307,CSRP3;HORMAD1,Cancer Cell Line Encyclopedia
Cancer_Cell_Line_Encyclopedia,TT THYROID,5/549,0.0388256512317949,0.2786643834232543,0,0,2.8285480859010272,9.189031010714432,C10ORF71;ACTN2;NEFM;ASB5;TRDN,Cancer Cell Line Encyclopedia
Cancer_Cell_Line_Encyclopedia,MDAMB415 BREAST,3/222,0.0399301133732621,0.2786643834232543,0,0,4.154478398314015,13.380014991648656,ANO1;BPIFB1;PPFIA1,Cancer Cell Line Encyclopedia
Cancer_Cell_Line_Encyclopedia,CAL12T LUNG,2/93,0.0399656188406631,0.2786643834232543,0,0,6.6070596070596075,21.272985843869264,SPRR3;UPK1B,Cancer Cell Line Encyclopedia
GO_Biological_Process_2023,Synapse Assembly (GO:0007416),1/71,0.2151287925157917,0.279101301869172,0,0,4.234968017057569,6.507106261492183,SHANK2,GO Biological Process
GO_Biological_Process_2023,Positive Regulation Of Secretion By Cell (GO:1903532),1/73,0.2204759193762641,0.2852877381955334,0,0,4.116915422885572,6.224639434669465,ANKRD1,GO Biological Process
GO_Biological_Process_2023,Cellular Component Assembly (GO:0022607),2/260,0.2213028105162001,0.2856080774463001,0,0,2.3107822410147993,3.485175691018378,TCAP;HORMAD1,GO Biological Process
Cancer_Cell_Line_Encyclopedia,OVCAR4 OVARY,2/95,0.0415333663112977,0.2856822088168992,0,0,6.464320625610948,20.56467278617517,SLC34A2;TNNC1,Cancer Cell Line Encyclopedia
Cancer_Cell_Line_Encyclopedia,M059K CENTRAL NERVOUS SYSTEM,2/96,0.0423258636601282,0.2872515280400702,0,0,6.395228884590587,20.223996482743463,ACTC1;ASB5,Cancer Cell Line Encyclopedia
Reactome_2022,Regulated Necrosis R-HSA-5218859,1/57,0.1766735309285739,0.2886822400793692,0,0,5.297441364605544,9.182858779101382,FADD,Reactome Pathways
Reactome_2022,Neurexins And Neuroligins R-HSA-6794361,1/57,0.1766735309285739,0.2886822400793692,0,0,5.297441364605544,9.182858779101382,SHANK2,Reactome Pathways
Reactome_2022,NCAM Signaling For Neurite Out-Growth R-HSA-375165,1/57,0.1766735309285739,0.2886822400793692,0,0,5.297441364605544,9.182858779101382,CACNA1S,Reactome Pathways
GO_Biological_Process_2023,Regulation Of Stress Fiber Assembly (GO:0051492),1/75,0.225787149721638,0.2898777729499154,0,0,4.00524405002017,5.960454154342527,PPFIA1,GO Biological Process
GO_Biological_Process_2023,Defense Response To Gram-negative Bacterium (GO:0050829),1/75,0.225787149721638,0.2898777729499154,0,0,4.00524405002017,5.960454154342527,LTF,GO Biological Process
GO_Biological_Process_2023,Positive Regulation Of Protein Secretion (GO:0050714),1/76,0.2284293779420443,0.2925082683777347,0,0,3.951641791044776,5.834710479551735,ANKRD1,GO Biological Process
GO_Cellular_Component_2023,Cortical Actin Cytoskeleton (GO:0030864),1/44,0.1393058574657912,0.2928994951844841,0,0,6.9035057271780635,13.607385194038669,ACTN2,GO Cellular Component
Reactome_2022,SCF(Skp2)-mediated Degradation Of P27/P21 R-HSA-187577,1/59,0.1822787126862081,0.2939979236874324,0,0,5.1142563046834795,8.705581055775474,CCND1,Reactome Pathways
Reactome_2022,O-linked Glycosylation Of Mucins R-HSA-913709,1/59,0.1822787126862081,0.2939979236874324,0,0,5.1142563046834795,8.705581055775474,MUC5B,Reactome Pathways
Cancer_Cell_Line_Encyclopedia,NCIH2172 LUNG,3/237,0.0469300847036268,0.2949063347425438,0,0,3.885207100591716,11.885222838208206,ACTC1;SPINK6;NTS,Cancer Cell Line Encyclopedia
Cancer_Cell_Line_Encyclopedia,MKN45 STOMACH,2/101,0.0463727216749037,0.2949063347425438,0,0,6.070707070707071,18.643407842694607,UPK1B;HORMAD1,Cancer Cell Line Encyclopedia
Cancer_Cell_Line_Encyclopedia,SCC25 UPPER AERODIGESTIVE TRACT,2/101,0.0463727216749037,0.2949063347425438,0,0,6.070707070707071,18.643407842694607,ANO1;FADD,Cancer Cell Line Encyclopedia
Cancer_Cell_Line_Encyclopedia,KLE ENDOMETRIUM,3/234,0.0454843419560352,0.2949063347425438,0,0,3.936263736263736,12.164578850221236,ACTA1;UPK1B;TNNC1,Cancer Cell Line Encyclopedia
Cancer_Cell_Line_Encyclopedia,HEL HAEMATOPOIETIC AND LYMPHOID TISSUE,4/393,0.044773117702094,0.2949063347425438,0,0,3.1399421593830334,9.753123083323302,CKM;XIRP2;STATH;LTF,Cancer Cell Line Encyclopedia
Cancer_Cell_Line_Encyclopedia,PECAPJ34CLONEC12 UPPER AERODIGESTIVE TRACT,2/99,0.0447372892518934,0.2949063347425438,0,0,6.19650109340831,19.252206144230232,SPRR3;NEFM,Cancer Cell Line Encyclopedia
GO_Biological_Process_2023,Positive Regulation Of Synaptic Transmission (GO:0050806),1/77,0.2310627209598121,0.2951137860963403,0,0,3.899450117831893,5.71295212171733,SHANK2,GO Biological Process
GO_Biological_Process_2023,Regulation Of Innate Immune Response (GO:0045088),1/78,0.2336872081737137,0.2963551689651902,0,0,3.84861407249467,5.595006511592121,FADD,GO Biological Process
GO_Biological_Process_2023,Positive Regulation Of Tumor Necrosis Factor Production (GO:0032760),1/78,0.2336872081737137,0.2963551689651902,0,0,3.84861407249467,5.595006511592121,FADD,GO Biological Process
GO_Biological_Process_2023,Positive Regulation Of Apoptotic Process (GO:0043065),2/270,0.2338380542139128,0.2963551689651902,0,0,2.223428312980552,3.2309225562584105,ANKRD1;FADD,GO Biological Process
Reactome_2022,FCGR3A-mediated Phagocytosis R-HSA-9664422,1/60,0.1850671870573581,0.2965820305406381,0,0,5.027321022008601,8.48127328991471,MYH2,Reactome Pathways
GO_Biological_Process_2023,Regulation Of Cyclin-Dependent Protein Serine/Threonine Kinase Activity (GO:0000079),1/79,0.2363028689515041,0.2971870265129887,0,0,3.799081515499426,5.480710580789464,CCND1,GO Biological Process
GO_Biological_Process_2023,Positive Regulation Of Catabolic Process (GO:0009896),1/79,0.2363028689515041,0.2971870265129887,0,0,3.799081515499426,5.480710580789464,ASB5,GO Biological Process
GO_Biological_Process_2023,Negative Regulation Of Cellular Component Organization (GO:0051129),1/79,0.2363028689515041,0.2971870265129887,0,0,3.799081515499426,5.480710580789464,SLN,GO Biological Process
GO_Biological_Process_2023,Positive Regulation Of Immune Response (GO:0050778),1/80,0.2389097325251075,0.2974305508456516,0,0,3.750802947288872,5.369910129778693,FADD,GO Biological Process
GO_Biological_Process_2023,Calcium Ion Transmembrane Transport (GO:0070588),1/80,0.2389097325251075,0.2974305508456516,0,0,3.750802947288872,5.369910129778693,CACNA1S,GO Biological Process
GO_Biological_Process_2023,Regulation Of Protein Localization To Plasma Membrane (GO:1903076),1/80,0.2389097325251075,0.2974305508456516,0,0,3.750802947288872,5.369910129778693,PPFIA1,GO Biological Process
GO_Biological_Process_2023,Wound Healing (GO:0042060),1/80,0.2389097325251075,0.2974305508456516,0,0,3.750802947288872,5.369910129778693,SPRR3,GO Biological Process
Reactome_2022,Post NMDA Receptor Activation Events R-HSA-438064,1/61,0.1878462919472579,0.2991182992790731,0,0,4.943283582089553,8.265818938373865,ACTN2,Reactome Pathways
GO_Biological_Process_2023,Regulation Of Interleukin-8 Production (GO:0032677),1/81,0.2415078280197289,0.2991541688787094,0,0,3.703731343283582,5.262459243103678,FADD,GO Biological Process
GO_Biological_Process_2023,Cellular Response To Interleukin-1 (GO:0071347),1/81,0.2415078280197289,0.2991541688787094,0,0,3.703731343283582,5.262459243103678,ANKRD1,GO Biological Process
Reactome_2022,Pre-NOTCH Transcription And Translation R-HSA-1912408,1/62,0.1906160583612696,0.2997107835869019,0,0,4.862001468069488,8.05873845423038,CCND1,Reactome Pathways
Reactome_2022,Regulation Of Actin Dynamics For Phagocytic Cup Formation R-HSA-2029482,1/62,0.1906160583612696,0.2997107835869019,0,0,4.862001468069488,8.05873845423038,MYH2,Reactome Pathways
Reactome_2022,Neddylation R-HSA-8951664,2/237,0.1927430459098933,0.3011610092342084,0,0,2.5399097356544167,4.181700646535226,ASB5;KLHL41,Reactome Pathways
GO_Biological_Process_2023,Positive Regulation Of Tumor Necrosis Factor Superfamily Cytokine Production (GO:1903557),1/82,0.2440971845344583,0.3016037894122505,0,0,3.657822001105583,5.158219748994968,FADD,GO Biological Process
GO_Biological_Process_2023,Phospholipase C-activating G Protein-Coupled Receptor Signaling Pathway (GO:0007200),1/83,0.2466778309689274,0.3032722460540679,0,0,3.6130323989807063,5.0570607239824845,ANO1,GO Biological Process
GO_Biological_Process_2023,Calcium Ion Transmembrane Import Into Cytosol (GO:0097553),1/83,0.2466778309689274,0.3032722460540679,0,0,3.6130323989807063,5.0570607239824845,CACNA1S,GO Biological Process
GO_Cellular_Component_2023,Cell-Cell Contact Zone (GO:0044291),1/47,0.1480747725504526,0.3035532837284279,0,0,6.45230369889682,12.32414469020009,DES,GO Cellular Component
GO_Biological_Process_2023,Regulation Of Kinase Activity (GO:0043549),1/85,0.2518131090886944,0.306528056248707,0,0,3.526652452025586,4.863493886554074,CSRP3,GO Biological Process
GO_Biological_Process_2023,Response To Interleukin-1 (GO:0070555),1/85,0.2518131090886944,0.306528056248707,0,0,3.526652452025586,4.863493886554074,ANKRD1,GO Biological Process
GO_Biological_Process_2023,Transmembrane Receptor Protein Tyrosine Kinase Signaling Pathway (GO:0007169),2/284,0.2514596742961155,0.306528056248707,0,0,2.111540941328175,2.914924504224156,FGF3;FGF4,GO Biological Process
GO_Biological_Process_2023,Regulation Of Osteoblast Differentiation (GO:0045667),1/85,0.2518131090886944,0.306528056248707,0,0,3.526652452025586,4.863493886554074,LTF,GO Biological Process
GO_Cellular_Component_2023,Voltage-Gated Calcium Channel Complex (GO:0005891),1/49,0.1538717517089819,0.3077435034179639,0,0,6.182835820895522,11.572016896560733,CACNA1S,GO Cellular Component
GO_Biological_Process_2023,Negative Regulation Of Binding (GO:0051100),1/86,0.2543677981624342,0.3088751834829558,0,0,3.4849868305531166,4.770856483616748,SLN,GO Biological Process
GO_Biological_Process_2023,Regulation Of Type II Interferon Production (GO:0032649),1/87,0.2569138921216141,0.311200365641169,0,0,3.4442901770218675,4.680839605090542,FADD,GO Biological Process
Cancer_Cell_Line_Encyclopedia,HS739T BREAST,2/107,0.051408525298376,0.3115111830580169,0,0,5.722077922077922,16.9828483697141,MYH1;MYH2,Cancer Cell Line Encyclopedia
Cancer_Cell_Line_Encyclopedia,OVCAR8 OVARY,2/107,0.051408525298376,0.3115111830580169,0,0,5.722077922077922,16.9828483697141,ACTC1;ANKRD1,Cancer Cell Line Encyclopedia
Cancer_Cell_Line_Encyclopedia,SNU1077 ENDOMETRIUM,2/106,0.05055599663343,0.3115111830580169,0,0,5.777389277389277,17.243621904768,SLN;MYL1,Cancer Cell Line Encyclopedia
Cancer_Cell_Line_Encyclopedia,TE10 OESOPHAGUS,2/108,0.0522662415522719,0.3129825523541933,0,0,5.66781017724414,16.72800099125925,UPK1B;PPFIA1,Cancer Cell Line Encyclopedia
OMIM_Disease,deafness,1/111,0.3155142948126637,0.3155142948126637,0,0,2.68955223880597,3.102536453488277,FGF3,OMIM Disease
Reactome_2022,Sensory Processing Of Sound By Inner Hair Cells Of Cochlea R-HSA-9662360,1/67,0.2043258918563289,0.316518955313634,0,0,4.492537313432836,7.134324690451876,XIRP2,Reactome Pathways
Reactome_2022,Diseases Of Metabolism R-HSA-5668914,2/247,0.2051042830432349,0.316518955313634,0,0,2.435003092145949,3.8576213396859873,SLC34A2;MUC5B,Reactome Pathways
GO_Cellular_Component_2023,Sarcolemma (GO:0042383),1/52,0.1624944201180422,0.3172510107066539,0,0,5.818261633011414,10.572430795578446,DES,GO Cellular Component
Cancer_Cell_Line_Encyclopedia,HS343T BREAST,2/110,0.0539970612527204,0.3173735163941958,0,0,5.562289562289562,16.235353475754195,MYH2;NEFM,Cancer Cell Line Encyclopedia
Cancer_Cell_Line_Encyclopedia,SNU308 BILIARY TRACT,2/111,0.0548700774905486,0.3173735163941958,0,0,5.510981373366694,15.99720572522421,NEFM;ADH7,Cancer Cell Line Encyclopedia
Cancer_Cell_Line_Encyclopedia,RT112 URINARY TRACT,2/111,0.0548700774905486,0.3173735163941958,0,0,5.510981373366694,15.99720572522421,SPRR3;UPK1B,Cancer Cell Line Encyclopedia
GO_Biological_Process_2023,Positive Regulation Of Intracellular Signal Transduction (GO:1902533),3/525,0.2644660871081745,0.3195631885890441,0,0,1.7161803713527852,2.282592404229224,FADD;NTS;LTF,GO Biological Process
Reactome_2022,RHOB GTPase Cycle R-HSA-9013026,1/69,0.2097455301816246,0.3197340399110132,0,0,4.359964881474978,6.809655813963362,ACTC1,Reactome Pathways
Reactome_2022,Diseases Associated With O-glycosylation Of Proteins R-HSA-3906995,1/69,0.2097455301816246,0.3197340399110132,0,0,4.359964881474978,6.809655813963362,MUC5B,Reactome Pathways
CellMarker_2024,Secretory Progenitor Cell Esophagus Human,1/73,0.2204759193762641,0.32091494931434,0,0,4.116915422885572,6.224639434669465,TMPRSS11B,CellMarker
Reactome_2022,Neutrophil Degranulation R-HSA-6798695,3/468,0.2129071239049947,0.3225865513712042,0,0,1.9322084367245655,2.9889317745983024,PIGR;FLG2;LTF,Reactome Pathways
Reactome_2022,Diseases Of Programmed Cell Death R-HSA-9645723,1/71,0.2151287925157917,0.3239891453551081,0,0,4.234968017057569,6.507106261492183,FADD,Reactome Pathways
GO_Biological_Process_2023,Positive Regulation Of Protein Catabolic Process (GO:0045732),1/92,0.269516428181171,0.3248694354359837,0,0,3.254223388551747,4.266696674846698,ASB5,GO Biological Process
CellMarker_2024,Lymphoid-primed Multipotent Progenitor cell(LMPP) Umbilical Cord Blood Human,1/75,0.225787149721638,0.32503424850038,0,0,4.00524405002017,5.960454154342527,PRAME,CellMarker
GO_Biological_Process_2023,Positive Regulation Of Protein Kinase B Signaling (GO:0051897),1/93,0.2720115461217471,0.3270772981415155,0,0,3.2186891628812457,4.190446069088838,NTS,GO Biological Process
Reactome_2022,Transport Of Small Molecules R-HSA-382551,4/706,0.2188317406527423,0.3273710214736688,0,0,1.7120726495726497,2.601412471750987,SLC34A2;ANO1;SLN;TRDN,Reactome Pathways
Reactome_2022,Signaling By Nuclear Receptors R-HSA-9006931,2/260,0.2213028105162001,0.3273710214736688,0,0,2.3107822410147993,3.485175691018378,CCND1;ADH7,Reactome Pathways
Reactome_2022,Extra-nuclear Estrogen Signaling R-HSA-9009391,1/73,0.2204759193762641,0.3273710214736688,0,0,4.116915422885572,6.224639434669465,CCND1,Reactome Pathways
Reactome_2022,Activation Of NMDA Receptors And Postsynaptic Events R-HSA-442755,1/74,0.2231360067399509,0.3281411863822808,0,0,4.060314864035984,6.090365906619958,ACTN2,Reactome Pathways
CellMarker_2024,Enterocyte Small Intestine Mouse,1/77,0.2310627209598121,0.3290132222362542,0,0,3.899450117831893,5.71295212171733,SLC34A2,CellMarker
Reactome_2022,Sensory Processing Of Sound R-HSA-9659379,1/75,0.225787149721638,0.3300981721076579,0,0,4.00524405002017,5.960454154342527,XIRP2,Reactome Pathways
GO_Biological_Process_2023,Cell Junction Assembly (GO:0034329),1/95,0.2769766167917756,0.3322371583414729,0,0,3.149888853604319,4.043897213448032,SHANK2,GO Biological Process
GO_Cellular_Component_2023,Caveola (GO:0005901),1/62,0.1906160583612696,0.3325641869281726,0,0,4.862001468069488,8.05873845423038,MYL1,GO Cellular Component
GO_Cellular_Component_2023,Specific Granule Lumen (GO:0035580),1/61,0.1878462919472579,0.3325641869281726,0,0,4.943283582089553,8.265818938373865,LTF,GO Cellular Component
GO_Cellular_Component_2023,Calcium Channel Complex (GO:0034704),1/59,0.1822787126862081,0.3325641869281726,0,0,5.1142563046834795,8.705581055775474,CACNA1S,GO Cellular Component
GO_Cellular_Component_2023,Serine/Threonine Protein Kinase Complex (GO:1902554),1/60,0.1850671870573581,0.3325641869281726,0,0,5.027321022008601,8.48127328991471,CCND1,GO Cellular Component
GO_Cellular_Component_2023,Azurophil Granule Membrane (GO:0035577),1/58,0.1794808377120325,0.3325641869281726,0,0,5.204241948153967,8.939257856797644,PIGR,GO Cellular Component
Cancer_Cell_Line_Encyclopedia,LUDLU1 LUNG,2/115,0.0584118449028136,0.3340632478149681,0,0,5.314829713059802,15.095373799581436,UPK1B;ADH7,Cancer Cell Line Encyclopedia
GO_Biological_Process_2023,Cellular Response To Transforming Growth Factor Beta Stimulus (GO:0071560),1/96,0.2794466250915336,0.3343863741993351,0,0,3.116575019638649,3.973458529296138,ANKRD1,GO Biological Process
Reactome_2022,PIP3 Activates AKT Signaling R-HSA-1257604,2/268,0.2313268257279563,0.3362308513487738,0,0,2.240373661426293,3.2797361858438188,FGF3;FGF4,Reactome Pathways
Reactome_2022,Pre-NOTCH Expression And Processing R-HSA-1912422,1/78,0.2336872081737137,0.3375755270735773,0,0,3.84861407249467,5.595006511592121,CCND1,Reactome Pathways
Reactome_2022,Disease R-HSA-1643685,8/1736,0.2354277838012705,0.3375755270735773,0,0,1.4046296296296297,2.03158755804559,SLC34A2;MYH2;CCND1;FADD;MUC5B;FGF3;FGF4;LTF,Reactome Pathways
Reactome_2022,Amyloid Fiber Formation R-HSA-977225,1/79,0.2363028689515041,0.3375755270735773,0,0,3.799081515499426,5.480710580789464,LTF,Reactome Pathways
PanglaoDB_Augmented_2021,Enteric Neurons,2/166,0.1094929994631386,0.338000128777515,0,0,3.6526237989652626,8.079219089116346,MYL1;NEFM,PanglaoDB
GO_Biological_Process_2023,Negative Regulation Of Macromolecule Biosynthetic Process (GO:0010558),1/98,0.2843617259878341,0.3386239877101503,0,0,3.0520080012309587,3.837924990994313,ANKRD1,GO Biological Process
GO_Biological_Process_2023,Positive Regulation Of Cold-Induced Thermogenesis (GO:0120162),1/98,0.2843617259878341,0.3386239877101503,0,0,3.0520080012309587,3.837924990994313,SLN,GO Biological Process
Reactome_2022,DDX58/IFIH1-mediated Induction Of Interferon-Alpha/Beta R-HSA-168928,1/81,0.2415078280197289,0.3430508920734785,0,0,3.703731343283582,5.262459243103678,FADD,Reactome Pathways
GO_Biological_Process_2023,Response To UV (GO:0009411),1/100,0.2892437892552286,0.3436076821754884,0,0,2.990049751243781,3.7091130169332223,CCND1,GO Biological Process
GO_Cellular_Component_2023,Platelet Alpha Granule Lumen (GO:0031093),1/66,0.2016023561335558,0.3444040250614912,0,0,4.561882893226177,7.305664108438629,ACTN2,GO Cellular Component
Reactome_2022,Cyclin E Associated Events During G1/S Transition R-HSA-69202,1/82,0.2440971845344583,0.3447700346531898,0,0,3.657822001105583,5.158219748994968,CCND1,Reactome Pathways
GO_Biological_Process_2023,Regulation Of Protein Secretion (GO:0050708),1/102,0.2940930337053904,0.3485285231172055,0,0,2.9305452933353036,3.5865745853618005,ANKRD1,GO Biological Process
Cancer_Cell_Line_Encyclopedia,SW1573 LUNG,2/121,0.0638689379780881,0.3495622519445897,0,0,5.04532722179781,13.87930235503482,MYH2;MYL2,Cancer Cell Line Encyclopedia
Cancer_Cell_Line_Encyclopedia,HCC1806 BREAST,2/120,0.0629476995414258,0.3495622519445897,0,0,5.08834103749358,14.071558132968308,UPK1B;TRDN,Cancer Cell Line Encyclopedia
Cancer_Cell_Line_Encyclopedia,MC116 HAEMATOPOIETIC AND LYMPHOID TISSUE,3/269,0.063733683584642,0.3495622519445897,0,0,3.4122614227877386,9.39409925579937,MYL2;NRAP;MYH7,Cancer Cell Line Encyclopedia
Cancer_Cell_Line_Encyclopedia,TE8 OESOPHAGUS,2/119,0.0620310950587665,0.3495622519445897,0,0,5.132090132090132,14.267823782476825,PPFIA1;FADD,Cancer Cell Line Encyclopedia
Reactome_2022,Cyclin A:Cdk2-associated Events At S Phase Entry R-HSA-69656,1/84,0.2492497962219355,0.3500699385139544,0,0,3.5693220643769106,4.958858029359107,CCND1,Reactome Pathways
GO_Biological_Process_2023,Inorganic Cation Import Across Plasma Membrane (GO:0098659),1/103,0.2965054168211053,0.3505447733640405,0,0,2.9016681299385425,3.52752832388744,CACNA1S,GO Biological Process
Cancer_Cell_Line_Encyclopedia,JHUEM1 ENDOMETRIUM,2/122,0.0647947693408217,0.3508567829199815,0,0,5.003030303030303,13.690944511015363,SLC34A2;TNNC1,Cancer Cell Line Encyclopedia
GO_Biological_Process_2023,Positive Regulation Of Kinase Activity (GO:0033674),1/104,0.2989096765967897,0.3525417956033908,0,0,2.873351688161136,3.4698992548600436,CSRP3,GO Biological Process
Cancer_Cell_Line_Encyclopedia,HCC38 BREAST,2/124,0.0666600478367522,0.357157519462178,0,0,4.920516641828117,13.325494626622934,ACTA1;HORMAD1,Cancer Cell Line Encyclopedia
Reactome_2022,Fcgamma Receptor (FCGR) Dependent Phagocytosis R-HSA-2029480,1/87,0.2569138921216141,0.3588182850860532,0,0,3.4442901770218675,4.680839605090542,MYH2,Reactome Pathways
GO_Biological_Process_2023,Protein-Containing Complex Assembly (GO:0065003),2/328,0.306935557057837,0.3611437461324907,0,0,1.8224577058932887,2.1525366261888177,TCAP;FADD,GO Biological Process
GO_Biological_Process_2023,Positive Regulation Of Metabolic Process (GO:0009893),1/108,0.30844602025895,0.3611968835811457,0,0,2.7653787139071,3.2526617438144703,SLN,GO Biological Process
GO_Biological_Process_2023,Response To Tumor Necrosis Factor (GO:0034612),1/108,0.30844602025895,0.3611968835811457,0,0,2.7653787139071,3.2526617438144703,ANKRD1,GO Biological Process
GO_Biological_Process_2023,Negative Regulation Of Developmental Process (GO:0051093),1/109,0.3108100659045125,0.363102754717831,0,0,2.7396351575456053,3.20146442543485,PRAME,GO Biological Process
GO_Biological_Process_2023,Mitotic Cell Cycle Phase Transition (GO:0044772),1/111,0.3155142948126637,0.3668597814684981,0,0,2.68955223880597,3.102536453488277,CCND1,GO Biological Process
GO_Biological_Process_2023,Cytoskeleton Organization (GO:0007010),1/111,0.3155142948126637,0.3668597814684981,0,0,2.68955223880597,3.102536453488277,DES,GO Biological Process
KEGG_2021_Human,Thyroid hormone signaling pathway,2/121,0.0638689379780881,0.3704398402729109,0,0,5.04532722179781,13.87930235503482,CCND1;MYH7,KEGG Pathways
Cancer_Cell_Line_Encyclopedia,NCIH1573 LUNG,2/128,0.0704439388843971,0.3734996342933141,0,0,4.763347763347763,12.636866663127067,UPK1B;HORMAD1,Cancer Cell Line Encyclopedia
CellMarker_2024,Epiblast Cell Embryo Human,1/92,0.269516428181171,0.3756026818269511,0,0,3.254223388551747,4.266696674846698,FGF4,CellMarker
CellMarker_2024,Alpha Cell Pancreatic Islet Human,1/91,0.267012884576819,0.3756026818269511,0,0,3.290547263681592,4.345030659440961,KLHL41,CellMarker
CellMarker_2024,Enteroendocrine Precursor Cell Intestinal Crypt Mouse,2/301,0.2729115937452268,0.3763307240065759,0,0,1.9897638593290767,2.5839220096525004,PIGR;GSTM1,CellMarker
Cancer_Cell_Line_Encyclopedia,NCCSTCK140 STOMACH,3/283,0.0718515409083242,0.377035405384918,0,0,3.2393406593406593,8.52968028944922,TMPRSS11B;SPRR3;TNNC1,Cancer Cell Line Encyclopedia
CellMarker_2024,Primitive Endoderm Cell Embryo Human,1/95,0.2769766167917756,0.3779576749971104,0,0,3.149888853604319,4.043897213448032,ANKRD1,CellMarker
GO_Biological_Process_2023,Cellular Response To Molecule Of Bacterial Origin (GO:0071219),1/117,0.3294379736603339,0.3821480494459873,0,0,2.549665465774575,2.8310648699590057,ANKRD1,GO Biological Process
CellMarker_2024,Basal Cell Lung Human,1/99,0.2868068736128543,0.3833846984008562,0,0,3.020712762717027,3.772707738284747,ADH7,CellMarker
CellMarker_2024,Neutrophil Kidney Mouse,1/98,0.2843617259878341,0.3833846984008562,0,0,3.0520080012309587,3.837924990994313,CSRP3,CellMarker
PanglaoDB_Augmented_2021,Podocytes,2/184,0.1295968548476543,0.3833906955909775,0,0,3.288378288378288,6.719231365186108,DES;CTTN,PanglaoDB
Reactome_2022,Transcriptional Regulation By RUNX3 R-HSA-8878159,1/95,0.2769766167917756,0.3846897455441327,0,0,3.149888853604319,4.043897213448032,CCND1,Reactome Pathways
CellMarker_2024,CD141+CLEC9A+ Dendritic Cell Blood Human,1/102,0.2940930337053904,0.3852618741540615,0,0,2.9305452933353036,3.5865745853618005,CCND1,CellMarker
CellMarker_2024,Trophectoderm Cell Embryo Human,1/101,0.2916725002039585,0.3852618741540615,0,0,2.96,3.6470860951483375,SLC34A2,CellMarker
Reactome_2022,Antigen Processing: Ubiquitination And Proteasome Degradation R-HSA-983168,2/307,0.2804841113216522,0.3852803726945771,0,0,1.9500248385494288,2.47894606523181,ASB5;KLHL41,Reactome Pathways
Reactome_2022,Intracellular Signaling By Second Messengers R-HSA-9006925,2/306,0.2792222425927233,0.3852803726945771,0,0,1.9565390749601277,2.4960493362202314,FGF3;FGF4,Reactome Pathways
GO_Biological_Process_2023,Cellular Response To Tumor Necrosis Factor (GO:0071356),1/119,0.3340168916085865,0.3865500647019558,0,0,2.506197824437137,2.748205593395661,ANKRD1,GO Biological Process
GO_Cellular_Component_2023,Coated Vesicle (GO:0030135),1/79,0.2363028689515041,0.3875367050804668,0,0,3.799081515499426,5.480710580789464,MYL1,GO Cellular Component
GO_Cellular_Component_2023,Clathrin-Coated Vesicle (GO:0030136),1/78,0.2336872081737137,0.3875367050804668,0,0,3.84861407249467,5.595006511592121,MYL1,GO Cellular Component
KEGG_2021_Human,Apelin signaling pathway,2/137,0.0792061519699792,0.3884532700193943,0,0,4.443771043771044,11.26807604276484,CCND1;MYL2,KEGG Pathways
KEGG_2021_Human,MAPK signaling pathway,3/294,0.0785412242491328,0.3884532700193943,0,0,3.115146708961142,7.9253433128807345,CACNA1S;FGF3;FGF4,KEGG Pathways
KEGG_2021_Human,Proteoglycans in cancer,2/205,0.1540283896658356,0.3884532700193943,0,0,2.9450664278250485,5.509095287366252,CCND1;CTTN,KEGG Pathways
KEGG_2021_Human,PI3K-Akt signaling pathway,3/354,0.1194324796850057,0.3884532700193943,0,0,2.5747534516765285,5.471361617750433,CCND1;FGF3;FGF4,KEGG Pathways
KEGG_2021_Human,Measles,2/139,0.081197907119681,0.3884532700193943,0,0,4.378456093784561,10.993715691297735,CCND1;FADD,KEGG Pathways
KEGG_2021_Human,Rap1 signaling pathway,2/210,0.1599739904290904,0.3884532700193943,0,0,2.8735431235431235,5.266469024106059,FGF3;FGF4,KEGG Pathways
KEGG_2021_Human,Glycolysis / Gluconeogenesis,1/67,0.2043258918563289,0.3884532700193943,0,0,4.492537313432836,7.134324690451876,ADH7,KEGG Pathways
KEGG_2021_Human,Oxytocin signaling pathway,2/154,0.096612041521928,0.3884532700193943,0,0,3.9433811802232857,9.21588644849718,CCND1;CACNA1S,KEGG Pathways
KEGG_2021_Human,cGMP-PKG signaling pathway,2/167,0.110586417525858,0.3884532700193943,0,0,3.6303030303030304,7.99377481675613,CACNA1S;MYH7,KEGG Pathways
KEGG_2021_Human,Arginine and proline metabolism,1/50,0.1567556490806558,0.3884532700193943,0,0,6.0563508985683825,11.222824361971773,CKM,KEGG Pathways
KEGG_2021_Human,Hepatitis C,2/157,0.0997892501389161,0.3884532700193943,0,0,3.866471163245357,8.911036044231967,CCND1;FADD,KEGG Pathways
KEGG_2021_Human,Pentose and glucuronate interconversions,1/34,0.1094289509220514,0.3884532700193943,0,0,9.0,19.912318113121092,UGT1A7,KEGG Pathways
KEGG_2021_Human,Salmonella infection,2/249,0.2075877522594921,0.3884532700193943,0,0,2.4150410992516256,3.796930336193201,MYL2;FADD,KEGG Pathways
KEGG_2021_Human,Hepatocellular carcinoma,2/168,0.1116827618686244,0.3884532700193943,0,0,3.608251186564439,7.909621843837107,GSTM1;CCND1,KEGG Pathways
KEGG_2021_Human,Tyrosine metabolism,1/36,0.1154849581798632,0.3884532700193943,0,0,8.484861407249467,18.315549019302413,ADH7,KEGG Pathways
KEGG_2021_Human,Cushing syndrome,2/155,0.0976678008042139,0.3884532700193943,0,0,3.917409387997623,9.112612479276567,CCND1;CACNA1S,KEGG Pathways
KEGG_2021_Human,Thyroid cancer,1/37,0.1184977275216925,0.3884532700193943,0,0,8.248756218905474,17.593454526083946,CCND1,KEGG Pathways
KEGG_2021_Human,Ascorbate and aldarate metabolism,1/30,0.0971941163755111,0.3884532700193943,0,0,10.243437982501286,23.87791592101611,UGT1A7,KEGG Pathways
KEGG_2021_Human,Bacterial invasion of epithelial cells,1/77,0.2310627209598121,0.3884532700193943,0,0,3.899450117831893,5.71295212171733,CTTN,KEGG Pathways
KEGG_2021_Human,p53 signaling pathway,1/73,0.2204759193762641,0.3884532700193943,0,0,4.116915422885572,6.224639434669465,CCND1,KEGG Pathways
KEGG_2021_Human,Chronic myeloid leukemia,1/76,0.2284293779420443,0.3884532700193943,0,0,3.951641791044776,5.834710479551735,CCND1,KEGG Pathways
KEGG_2021_Human,Shigellosis,2/246,0.2038638598708799,0.3884532700193943,0,0,2.4451068057625434,3.88846034985665,CTTN;MYL2,KEGG Pathways
KEGG_2021_Human,Glutathione metabolism,1/57,0.1766735309285739,0.3884532700193943,0,0,5.297441364605544,9.182858779101382,GSTM1,KEGG Pathways
KEGG_2021_Human,Human cytomegalovirus infection,2/225,0.1780551191546402,0.3884532700193943,0,0,2.678217149069167,4.621697879137476,CCND1;FADD,KEGG Pathways
KEGG_2021_Human,Endometrial cancer,1/58,0.1794808377120325,0.3884532700193943,0,0,5.204241948153967,8.939257856797644,CCND1,KEGG Pathways
KEGG_2021_Human,Mineral absorption,1/60,0.1850671870573581,0.3884532700193943,0,0,5.027321022008601,8.48127328991471,SLC34A2,KEGG Pathways
KEGG_2021_Human,Ras signaling pathway,2/232,0.1866018988607176,0.3884532700193943,0,0,2.595783926218709,4.3577444666189615,FGF3;FGF4,KEGG Pathways
KEGG_2021_Human,Steroid hormone biosynthesis,1/61,0.1878462919472579,0.3884532700193943,0,0,4.943283582089553,8.265818938373865,UGT1A7,KEGG Pathways
KEGG_2021_Human,Lysine degradation,1/63,0.1933765172474068,0.3884532700193943,0,0,4.783341357727491,7.859585311378846,SMYD1,KEGG Pathways
KEGG_2021_Human,Hedgehog signaling pathway,1/56,0.1738567610280003,0.3884532700193943,0,0,5.394029850746269,9.436982152284866,CCND1,KEGG Pathways
KEGG_2021_Human,GnRH secretion,1/64,0.1961276993632877,0.3884532700193943,0,0,4.707178393745558,7.667943257971954,CACNA1S,KEGG Pathways
KEGG_2021_Human,Acute myeloid leukemia,1/67,0.2043258918563289,0.3884532700193943,0,0,4.492537313432836,7.134324690451876,CCND1,KEGG Pathways
KEGG_2021_Human,Pancreatic cancer,1/76,0.2284293779420443,0.3884532700193943,0,0,3.951641791044776,5.834710479551735,CCND1,KEGG Pathways
KEGG_2021_Human,Renin secretion,1/69,0.2097455301816246,0.3884532700193943,0,0,4.359964881474978,6.809655813963362,CACNA1S,KEGG Pathways
KEGG_2021_Human,Prolactin signaling pathway,1/70,0.2124416932869959,0.3884532700193943,0,0,4.296560674886438,6.655749348765278,CCND1,KEGG Pathways
KEGG_2021_Human,RIG-I-like receptor signaling pathway,1/70,0.2124416932869959,0.3884532700193943,0,0,4.296560674886438,6.655749348765278,FADD,KEGG Pathways
KEGG_2021_Human,Non-small cell lung cancer,1/72,0.2178068579126931,0.3884532700193943,0,0,4.175110363674585,6.363480189334428,CCND1,KEGG Pathways
KEGG_2021_Human,Pathways of neurodegeneration,3/475,0.2191191622440095,0.3884532700193943,0,0,1.9028683181225552,2.8888197041502104,NEFM;CACNA1S;FADD,KEGG Pathways
KEGG_2021_Human,Glioma,1/75,0.225787149721638,0.3884532700193943,0,0,4.00524405002017,5.960454154342527,CCND1,KEGG Pathways
KEGG_2021_Human,Cortisol synthesis and secretion,1/65,0.1988696354697893,0.3884532700193943,0,0,4.63339552238806,7.483423829325053,CACNA1S,KEGG Pathways
KEGG_2021_Human,Bladder cancer,1/41,0.1304480244280874,0.3884532700193943,0,0,7.422388059701492,15.117774608767611,CCND1,KEGG Pathways
KEGG_2021_Human,Fatty acid degradation,1/43,0.1363631698897331,0.3884532700193943,0,0,7.068230277185501,14.082979394345454,ADH7,KEGG Pathways
KEGG_2021_Human,Kaposi sarcoma-associated herpesvirus infection,2/193,0.1399525174977682,0.3884532700193943,0,0,3.1320006346184357,6.158929145691244,CCND1;FADD,KEGG Pathways
KEGG_2021_Human,Pathogenic Escherichia coli infection,2/197,0.1446122913041299,0.3884532700193943,0,0,3.0671328671328673,5.930911668379534,CTTN;FADD,KEGG Pathways
KEGG_2021_Human,Pyruvate metabolism,1/47,0.1480747725504526,0.3884532700193943,0,0,6.45230369889682,12.32414469020009,ADH7,KEGG Pathways
KEGG_2021_Human,Focal adhesion,2/201,0.1493048158767514,0.3884532700193943,0,0,3.0048728490939545,5.714562971156946,CCND1;MYL2,KEGG Pathways
KEGG_2021_Human,Epstein-Barr virus infection,2/202,0.1504828640773471,0.3884532700193943,0,0,2.9896969696969697,5.6622052121408615,CCND1;FADD,KEGG Pathways
KEGG_2021_Human,Porphyrin and chlorophyll metabolism,1/43,0.1363631698897331,0.3884532700193943,0,0,7.068230277185501,14.082979394345454,UGT1A7,KEGG Pathways
KEGG_2021_Human,Intestinal immune network for IgA production,1/48,0.1509781369528721,0.3884532700193943,0,0,6.314703080342966,11.938705459864398,PIGR,KEGG Pathways
Reactome_2022,SLC Transporter Disorders R-HSA-5619102,1/99,0.2868068736128543,0.3918126688700195,0,0,3.020712762717027,3.772707738284747,SLC34A2,Reactome Pathways
GO_Cellular_Component_2023,Plasma Membrane Raft (GO:0044853),1/82,0.2440971845344583,0.3924699829769722,0,0,3.657822001105583,5.158219748994968,MYL1,GO Cellular Component
GO_Biological_Process_2023,Receptor-Mediated Endocytosis (GO:0006898),1/122,0.3408275630320894,0.3925887583523833,0,0,2.443690637720489,2.6303363315472215,CTTN,GO Biological Process
GO_Biological_Process_2023,Regulation Of Protein Catabolic Process (GO:0042176),1/122,0.3408275630320894,0.3925887583523833,0,0,2.443690637720489,2.6303363315472215,ASB5,GO Biological Process
GO_Biological_Process_2023,Organonitrogen Compound Biosynthetic Process (GO:1901566),1/123,0.3430825006999872,0.394264971666885,0,0,2.4235380474675803,2.5926630358302263,GSTM1,GO Biological Process
GO_Biological_Process_2023,Cellular Response To Lipopolysaccharide (GO:0071222),1/124,0.3453298375705027,0.3950060555040786,0,0,2.403713141609028,2.5557606599694376,ANKRD1,GO Biological Process
GO_Biological_Process_2023,Positive Regulation Of Defense Response (GO:0031349),1/124,0.3453298375705027,0.3950060555040786,0,0,2.403713141609028,2.5557606599694376,FADD,GO Biological Process
GO_Biological_Process_2023,Protein-Containing Complex Organization (GO:0043933),1/126,0.3498018098550549,0.3991951209688473,0,0,2.3650149253731345,2.4841845803115867,TCAP,GO Biological Process
GO_Biological_Process_2023,Protein Modification By Small Protein Conjugation (GO:0032446),2/364,0.3518309918305466,0.4005835542089134,0,0,1.6382052569897874,1.7112763467064298,ASB5;KLHL41,GO Biological Process
Reactome_2022,Toll Like Receptor 3 (TLR3) Cascade R-HSA-168164,1/103,0.2965054168211053,0.4017603180064378,0,0,2.9016681299385425,3.52752832388744,FADD,Reactome Pathways
Reactome_2022,Transport Of Inorganic Cations/Anions And Amino Acids/Oligopeptides R-HSA-425393,1/104,0.2989096765967897,0.4017603180064378,0,0,2.873351688161136,3.4698992548600436,SLC34A2,Reactome Pathways
Reactome_2022,Phase I - Functionalization Of Compounds R-HSA-211945,1/104,0.2989096765967897,0.4017603180064378,0,0,2.873351688161136,3.4698992548600436,ADH7,Reactome Pathways
Reactome_2022,O-linked Glycosylation R-HSA-5173105,1/107,0.3060739851180765,0.4048597686747044,0,0,2.7916079977471133,3.305064059494782,MUC5B,Reactome Pathways
Reactome_2022,Interleukin-4 And Interleukin-13 Signaling R-HSA-6785807,1/107,0.3060739851180765,0.4048597686747044,0,0,2.7916079977471133,3.305064059494782,CCND1,Reactome Pathways
Reactome_2022,MyD88-independent TLR4 Cascade R-HSA-166166,1/107,0.3060739851180765,0.4048597686747044,0,0,2.7916079977471133,3.305064059494782,FADD,Reactome Pathways
GO_Biological_Process_2023,Circulatory System Development (GO:0072359),1/132,0.3630379157889702,0.4114429712274996,0,0,2.2560100262048537,2.2858976446917425,MYL2,GO Biological Process
GO_Biological_Process_2023,Plasma Membrane Bounded Cell Projection Organization (GO:0120036),1/132,0.3630379157889702,0.4114429712274996,0,0,2.2560100262048537,2.2858976446917425,CTTN,GO Biological Process
GO_Cellular_Component_2023,Platelet Alpha Granule (GO:0031091),1/89,0.2619804083635212,0.4131229516501681,0,0,3.3656716417910446,4.508268547912052,ACTN2,GO Cellular Component
Cancer_Cell_Line_Encyclopedia,SHP77 LUNG,3/296,0.0797861962231149,0.4143997334445461,0,0,3.0935678655815173,7.821791745023312,CKM;NEFM;NTS,Cancer Cell Line Encyclopedia
KEGG_2021_Human,Insulin secretion,1/86,0.2543677981624342,0.4155868251667939,0,0,3.4849868305531166,4.770856483616748,CACNA1S,KEGG Pathways
KEGG_2021_Human,Colorectal cancer,1/86,0.2543677981624342,0.4155868251667939,0,0,3.4849868305531166,4.770856483616748,CCND1,KEGG Pathways
Cancer_Cell_Line_Encyclopedia,U2OS BONE,2/139,0.081197907119681,0.4174720679183598,0,0,4.378456093784561,10.993715691297735,TNNC1;MYL2,Cancer Cell Line Encyclopedia
CellMarker_2024,Natural Killer Cell Spleen Mouse,1/114,0.322511377110375,0.4183068356580112,0,0,2.6177519482234843,2.962292254323321,CSRP3,CellMarker
GO_Biological_Process_2023,Regulation Of Protein Kinase B Signaling (GO:0051896),1/136,0.3717141237284094,0.4188986460708375,0,0,2.1887230514096188,2.1660264414981336,NTS,GO Biological Process
GO_Biological_Process_2023,Negative Regulation Of Programmed Cell Death (GO:0043069),2/381,0.3727174023167207,0.4188986460708375,0,0,1.5633645158711122,1.542938816138261,PRAME;LTF,GO Biological Process
GO_Biological_Process_2023,Protein Localization To Organelle (GO:0033365),1/137,0.3738649173857373,0.4188986460708375,0,0,2.1725197541703247,2.137456871865443,CSRP3,GO Biological Process
GO_Biological_Process_2023,Protein Localization To Plasma Membrane (GO:0072659),1/137,0.3738649173857373,0.4188986460708375,0,0,2.1725197541703247,2.137456871865443,ACTN2,GO Biological Process
GO_Biological_Process_2023,Negative Regulation Of Cellular Biosynthetic Process (GO:0031327),1/137,0.3738649173857373,0.4188986460708375,0,0,2.1725197541703247,2.137456871865443,ANKRD1,GO Biological Process
KEGG_2021_Human,Bile secretion,1/90,0.264500887362541,0.4203027799185584,0,0,3.327687405668288,4.425526996612212,UGT1A7,KEGG Pathways
KEGG_2021_Human,GABAergic synapse,1/89,0.2619804083635212,0.4203027799185584,0,0,3.3656716417910446,4.508268547912052,CACNA1S,KEGG Pathways
KEGG_2021_Human,Small cell lung cancer,1/92,0.269516428181171,0.4207111913349689,0,0,3.254223388551747,4.266696674846698,CCND1,KEGG Pathways
KEGG_2021_Human,GnRH signaling pathway,1/93,0.2720115461217471,0.4207111913349689,0,0,3.2186891628812457,4.190446069088838,CACNA1S,KEGG Pathways
KEGG_2021_Human,"Parathyroid hormone synthesis, secretion and action",1/106,0.3036939339663183,0.4212917091590983,0,0,2.8183368869936034,3.3587103743546707,SLC34A2,KEGG Pathways
KEGG_2021_Human,Serotonergic synapse,1/113,0.3201868828356762,0.4212917091590983,0,0,2.6412579957356077,3.007997843258375,CACNA1S,KEGG Pathways
KEGG_2021_Human,Prostate cancer,1/97,0.2819083189659991,0.4212917091590983,0,0,3.083955223880597,3.9048219816902465,CCND1,KEGG Pathways
KEGG_2021_Human,Leukocyte transendothelial migration,1/114,0.322511377110375,0.4212917091590983,0,0,2.6177519482234843,2.962292254323321,MYL2,KEGG Pathways
KEGG_2021_Human,Glutamatergic synapse,1/114,0.322511377110375,0.4212917091590983,0,0,2.6177519482234843,2.962292254323321,SHANK2,KEGG Pathways
KEGG_2021_Human,Cholinergic synapse,1/113,0.3201868828356762,0.4212917091590983,0,0,2.6412579957356077,3.007997843258375,CACNA1S,KEGG Pathways
KEGG_2021_Human,TNF signaling pathway,1/112,0.3178545308175756,0.4212917091590983,0,0,2.6651875756353367,3.0547352592063763,FADD,KEGG Pathways
KEGG_2021_Human,Neuroactive ligand-receptor interaction,2/341,0.3232324320272392,0.4212917091590983,0,0,1.751407884151247,1.9780113600998892,CHRND;NTS,KEGG Pathways
KEGG_2021_Human,Human papillomavirus infection,2/331,0.3107030873800915,0.4212917091590983,0,0,1.805563231095146,2.1105545047309757,CCND1;FADD,KEGG Pathways
KEGG_2021_Human,Staphylococcus aureus infection,1/95,0.2769766167917756,0.4212917091590983,0,0,3.149888853604319,4.043897213448032,KRT24,KEGG Pathways
KEGG_2021_Human,Toll-like receptor signaling pathway,1/104,0.2989096765967897,0.4212917091590983,0,0,2.873351688161136,3.4698992548600436,FADD,KEGG Pathways
KEGG_2021_Human,AGE-RAGE signaling pathway in diabetic complications,1/100,0.2892437892552286,0.4212917091590983,0,0,2.990049751243781,3.7091130169332223,CCND1,KEGG Pathways
KEGG_2021_Human,Aldosterone synthesis and secretion,1/98,0.2843617259878341,0.4212917091590983,0,0,3.0520080012309587,3.837924990994313,CACNA1S,KEGG Pathways
KEGG_2021_Human,Chagas disease,1/102,0.2940930337053904,0.4212917091590983,0,0,2.9305452933353036,3.5865745853618005,FADD,KEGG Pathways
GO_Cellular_Component_2023,Neuron Projection (GO:0043005),3/557,0.2941158960635533,0.4231140960914276,0,0,1.614384893085254,1.9756541804213004,CHRND;NEFM;SHANK2,GO Cellular Component
GO_Cellular_Component_2023,Secretory Granule Lumen (GO:0034774),2/316,0.2918339565863437,0.4231140960914276,0,0,1.8932638486778617,2.3316874887592887,ACTN2;LTF,GO Cellular Component
GO_Cellular_Component_2023,Phagocytic Vesicle (GO:0045335),1/100,0.2892437892552286,0.4231140960914276,0,0,2.990049751243781,3.7091130169332223,LTF,GO Cellular Component
GO_Cellular_Component_2023,Golgi Lumen (GO:0005796),1/100,0.2892437892552286,0.4231140960914276,0,0,2.990049751243781,3.7091130169332223,MUC5B,GO Cellular Component
GO_Cellular_Component_2023,Early Endosome (GO:0005769),2/307,0.2804841113216522,0.4231140960914276,0,0,1.9500248385494288,2.47894606523181,MYL1;LTF,GO Cellular Component
Cancer_Cell_Line_Encyclopedia,LC1F LUNG,2/142,0.0842146287592889,0.4244083766185948,0,0,4.283982683982684,10.600229496065,HORMAD1;ADH7,Cancer Cell Line Encyclopedia
Cancer_Cell_Line_Encyclopedia,LAMA84 HAEMATOPOIETIC AND LYMPHOID TISSUE,3/302,0.0835729923599678,0.4244083766185948,0,0,3.0305634165165936,7.521964072452514,CKM;KRT2;TRDN,Cancer Cell Line Encyclopedia
GO_Biological_Process_2023,Positive Regulation Of Multicellular Organismal Process (GO:0051240),2/387,0.3800286780807754,0.4248393158590074,0,0,1.5385281385281386,1.488539144558718,SLN;CACNA1S,GO Biological Process
Cancer_Cell_Line_Encyclopedia,HUH28 BILIARY TRACT,2/143,0.0852278120842602,0.4253034936361611,0,0,4.2533849129593815,10.47365183101726,MYL2;ASB5,Cancer Cell Line Encyclopedia
KEGG_2021_Human,AMPK signaling pathway,1/120,0.3362947839548036,0.4286834608654639,0,0,2.4850119152138466,2.708084403381932,CCND1,KEGG Pathways
KEGG_2021_Human,"Growth hormone synthesis, secretion and action",1/119,0.3340168916085865,0.4286834608654639,0,0,2.506197824437137,2.748205593395661,CACNA1S,KEGG Pathways
GO_Biological_Process_2023,Protein Localization To Cell Periphery (GO:1990778),1/142,0.3845105435747704,0.4288771447564746,0,0,2.09495077802477,2.0023205787480167,ACTN2,GO Biological Process
GO_Cellular_Component_2023,Bounding Membrane Of Organelle (GO:0098588),4/819,0.3034918739596144,0.4290747183566963,0,0,1.4660276073619631,1.7480919688702192,SLN;KLHL41;SHANK2;TRDN,GO Cellular Component
GO_Biological_Process_2023,Positive Regulation Of Transferase Activity (GO:0051347),1/143,0.3866181680863014,0.4302545301727914,0,0,2.080092495270128,1.9767487549555067,CSRP3,GO Biological Process
Reactome_2022,PPARA Activates Gene Expression R-HSA-1989781,1/116,0.3271368965727831,0.4304432849641884,0,0,2.571966255678131,2.873854785957021,ANKRD1,Reactome Pathways
Cancer_Cell_Line_Encyclopedia,NIHOVCAR3 OVARY,2/145,0.0872653739207903,0.4312434497639057,0,0,4.193473193473194,10.227048831978788,SLC34A2;UPK1B,Cancer Cell Line Encyclopedia
Reactome_2022,Regulation Of Lipid Metabolism By PPARalpha R-HSA-400206,1/118,0.3317312967688441,0.4326643673686354,0,0,2.5277458859548414,2.7891906046327266,ANKRD1,Reactome Pathways
Reactome_2022,Transcriptional Regulation By RUNX2 R-HSA-8878166,1/119,0.3340168916085865,0.4326643673686354,0,0,2.506197824437137,2.748205593395661,CCND1,Reactome Pathways
Reactome_2022,Estrogen-dependent Gene Expression R-HSA-9018519,1/119,0.3340168916085865,0.4326643673686354,0,0,2.506197824437137,2.748205593395661,CCND1,Reactome Pathways
Cancer_Cell_Line_Encyclopedia,HLE LIVER,2/147,0.0893176219747717,0.4329778055729412,0,0,4.13521421107628,9.988843467310408,XIRP2;ASB5,Cancer Cell Line Encyclopedia
Cancer_Cell_Line_Encyclopedia,HS742T BREAST,2/147,0.0893176219747717,0.4329778055729412,0,0,4.13521421107628,9.988843467310408,MYH1;MYH2,Cancer Cell Line Encyclopedia
GO_Biological_Process_2023,Neuron Projection Morphogenesis (GO:0048812),1/146,0.392898467759846,0.4333309722720449,0,0,2.0367472979927945,1.902737579189131,CTTN,GO Biological Process
GO_Biological_Process_2023,Negative Regulation Of Response To External Stimulus (GO:0032102),1/146,0.392898467759846,0.4333309722720449,0,0,2.0367472979927945,1.902737579189131,LTF,GO Biological Process
GO_Biological_Process_2023,Regulation Of Cold-Induced Thermogenesis (GO:0120161),1/146,0.392898467759846,0.4333309722720449,0,0,2.0367472979927945,1.902737579189131,SLN,GO Biological Process
GO_Biological_Process_2023,Positive Regulation Of Protein Kinase Activity (GO:0045860),1/145,0.3908121065738288,0.4333309722720449,0,0,2.050995024875622,1.9269680338127704,LTF,GO Biological Process
Reactome_2022,Cell-Cell Communication R-HSA-1500931,1/120,0.3362947839548036,0.4333695669520665,0,0,2.4850119152138466,2.708084403381932,ACTN2,Reactome Pathways
Cancer_Cell_Line_Encyclopedia,NCIH2342 LUNG,2/148,0.0903491638080718,0.4338464563991375,0,0,4.106683271066832,9.872768494745928,SLC34A2;CACNA1S,Cancer Cell Line Encyclopedia
Cancer_Cell_Line_Encyclopedia,HS737T BONE,2/149,0.0913842701503702,0.4347158271639107,0,0,4.078540507111936,9.758650108286272,ACTC1;ASB5,Cancer Cell Line Encyclopedia
KEGG_2021_Human,Cell cycle,1/124,0.3453298375705027,0.4354158821541121,0,0,2.403713141609028,2.5557606599694376,CCND1,KEGG Pathways
GO_Biological_Process_2023,Positive Regulation Of Transcription By RNA Polymerase II (GO:0045944),4/938,0.3961132617691384,0.4359014242236277,0,0,1.271279443254818,1.1772748043916146,MYOG;CSRP3;MYF6;FADD,GO Biological Process
Human_Gene_Atlas,Tonsil,1/26,0.0847937037877674,0.4381008029034652,0,0,11.884776119402986,29.326088999262875,LCE3D,Human Gene Atlas
GO_Biological_Process_2023,Cellular Response To Oxygen-Containing Compound (GO:1901701),2/406,0.4029473475126239,0.4424343927031706,0,0,1.4647464746474648,1.331380395453909,MYOG;ANKRD1,GO Biological Process
GO_Biological_Process_2023,Cellular Response To Organic Cyclic Compound (GO:0071407),1/152,0.405269596460818,0.4439953579004073,0,0,1.955223880597015,1.765963611360334,MYOG,GO Biological Process
KEGG_2021_Human,Alzheimer disease,2/369,0.3579988119038695,0.4453048519249489,0,0,1.6154735364544628,1.6594557910092222,CACNA1S;FADD,KEGG Pathways
KEGG_2021_Human,FoxO signaling pathway,1/131,0.3608504834564241,0.4453048519249489,0,0,2.2734787600459243,2.3173377567270332,CCND1,KEGG Pathways
Cancer_Cell_Line_Encyclopedia,UMUC1 URINARY TRACT,2/152,0.0945106244191516,0.4454250724939647,0,0,3.996363636363637,9.42759375407852,SPRR3;UPK1B,Cancer Cell Line Encyclopedia
CellMarker_2024,Microglial Cell Brain Human,2/360,0.3468829884534076,0.4455065832097686,0,0,1.6568478076857964,1.7542170502406411,CCND1;TCAP,CellMarker
Reactome_2022,Platelet Degranulation R-HSA-114608,1/125,0.3475695989391967,0.4456020499220471,0,0,2.3842079922965818,2.5196079970174883,ACTN2,Reactome Pathways
Cancer_Cell_Line_Encyclopedia,COV644 OVARY,2/153,0.0955596379528362,0.4456919390552719,0,0,3.9696969696969697,9.32086732193852,UPK1B;MYL2,Cancer Cell Line Encyclopedia
Cancer_Cell_Line_Encyclopedia,SW1088 CENTRAL NERVOUS SYSTEM,1/30,0.0971941163755111,0.4456919390552719,0,0,10.243437982501286,23.87791592101611,ASB5,Cancer Cell Line Encyclopedia
Cancer_Cell_Line_Encyclopedia,CMK HAEMATOPOIETIC AND LYMPHOID TISSUE,3/322,0.0967404422942092,0.4456919390552719,0,0,2.8376657824933686,6.628003333245397,TMPRSS11B;CKM;XIRP2,Cancer Cell Line Encyclopedia
KEGG_2021_Human,Vascular smooth muscle contraction,1/133,0.3652179715143838,0.4459503652175634,0,0,2.2388059701492535,2.255061764352553,CACNA1S,KEGG Pathways
GO_Biological_Process_2023,Cellular Response To Growth Factor Stimulus (GO:0071363),1/155,0.4113616791408475,0.4486754597708801,0,0,1.9168443496801704,1.7026992020024727,ANKRD1,GO Biological Process
GO_Biological_Process_2023,Positive Regulation Of Response To External Stimulus (GO:0032103),1/155,0.4113616791408475,0.4486754597708801,0,0,1.9168443496801704,1.7026992020024727,FADD,GO Biological Process
KEGG_2021_Human,Estrogen signaling pathway,1/137,0.3738649173857373,0.4517534418410993,0,0,2.1725197541703247,2.137456871865443,KRT24,KEGG Pathways
KEGG_2021_Human,Fluid shear stress and atherosclerosis,1/139,0.3781447641128622,0.4522143570834229,0,0,2.1408176508760546,2.081898458904531,GSTM1,KEGG Pathways
Reactome_2022,G1/S Transition R-HSA-69206,1/129,0.3564533906915221,0.4546599371065333,0,0,2.3092350746268657,2.3820955726224886,CCND1,Reactome Pathways
KEGG_2021_Human,Apoptosis,1/142,0.3845105435747704,0.45513492912932,0,0,2.09495077802477,2.0023205787480167,FADD,KEGG Pathways
Reactome_2022,Response To Elevated Platelet Cytosolic Ca2+ R-HSA-76005,1/130,0.3586556499988897,0.4551467639579819,0,0,2.291218326969802,2.349398186898102,ACTN2,Reactome Pathways
Cancer_Cell_Line_Encyclopedia,NCIH446 LUNG,3/327,0.100158557522855,0.4551848730279753,0,0,2.793162393162393,6.427068827073699,MYBPC1;SLN;NTS,Cancer Cell Line Encyclopedia
GO_Biological_Process_2023,Response To Lipopolysaccharide (GO:0032496),1/159,0.4193889021802698,0.4564210348231192,0,0,1.867938787077272,1.623157778608152,ANKRD1,GO Biological Process
Cancer_Cell_Line_Encyclopedia,NCIH854 LUNG,3/332,0.1036253071411583,0.4626779064460491,0,0,2.7500116904372223,6.234204181212868,BPIFB1;NTS;MUC5B,Cancer Cell Line Encyclopedia
Cancer_Cell_Line_Encyclopedia,SNUC5 LARGE INTESTINE,1/32,0.103332094120948,0.4626779064460491,0,0,9.581608088589311,21.748403627067045,ANKRD1,Cancer Cell Line Encyclopedia
KEGG_2021_Human,Retrograde endocannabinoid signaling,1/148,0.3970500913955824,0.4652304101200763,0,0,2.0088333840999084,1.8555449964792912,CACNA1S,KEGG Pathways
Reactome_2022,Class I MHC Mediated Antigen Processing And Presentation R-HSA-983169,2/378,0.3690494307976352,0.4659715035323677,0,0,1.576079948420374,1.571075398295649,ASB5;KLHL41,Reactome Pathways
Cancer_Cell_Line_Encyclopedia,EFM192A BREAST,2/163,0.1062306233388311,0.468335602745694,0,0,3.7212497647280256,8.3435735768074,ACTA1;BPIFB1,Cancer Cell Line Encyclopedia
Cancer_Cell_Line_Encyclopedia,ONCODG1 OVARY,2/164,0.1073150701434955,0.468335602745694,0,0,3.698092031425365,8.254090345436586,SLC34A2;UPK1B,Cancer Cell Line Encyclopedia
Cancer_Cell_Line_Encyclopedia,JEKO1 HAEMATOPOIETIC AND LYMPHOID TISSUE,3/338,0.1078482634074927,0.468335602745694,0,0,2.699931113662457,6.012827610200877,C10ORF71;MYBPC2;MYF6,Cancer Cell Line Encyclopedia
Cancer_Cell_Line_Encyclopedia,HCT15 LARGE INTESTINE,1/34,0.1094289509220514,0.468335602745694,0,0,9.0,19.912318113121092,TNNC1,Cancer Cell Line Encyclopedia
Cancer_Cell_Line_Encyclopedia,EFM19 BREAST,2/166,0.1094929994631386,0.468335602745694,0,0,3.6526237989652626,8.079219089116346,ACTA1;BPIFB1,Cancer Cell Line Encyclopedia
PanglaoDB_Augmented_2021,Myoepithelial Cells,1/115,0.3248280397013026,0.4703944588107802,0,0,2.5946582875098194,2.9175877592275032,ANO1,PanglaoDB
PanglaoDB_Augmented_2021,Choroid Plexus Cells,1/117,0.3294379736603339,0.4703944588107802,0,0,2.549665465774575,2.8310648699590057,SHANK2,PanglaoDB
PanglaoDB_Augmented_2021,Foveolar Cells,1/114,0.322511377110375,0.4703944588107802,0,0,2.6177519482234843,2.962292254323321,PIGR,PanglaoDB
PanglaoDB_Augmented_2021,Stromal Cells,1/124,0.3453298375705027,0.4703944588107802,0,0,2.403713141609028,2.5557606599694376,DES,PanglaoDB
PanglaoDB_Augmented_2021,Parietal Cells,1/111,0.3155142948126637,0.4703944588107802,0,0,2.68955223880597,3.102536453488277,SHANK2,PanglaoDB
PanglaoDB_Augmented_2021,Acinar Cells,1/124,0.3453298375705027,0.4703944588107802,0,0,2.403713141609028,2.5557606599694376,PIGR,PanglaoDB
PanglaoDB_Augmented_2021,GABAergic Neurons,1/113,0.3201868828356762,0.4703944588107802,0,0,2.6412579957356077,3.007997843258375,MYBPC1,PanglaoDB
PanglaoDB_Augmented_2021,Epiblast Cells,1/109,0.3108100659045125,0.4703944588107802,0,0,2.7396351575456053,3.20146442543485,FGF4,PanglaoDB
PanglaoDB_Augmented_2021,Urothelial Cells,1/106,0.3036939339663183,0.4703944588107802,0,0,2.8183368869936034,3.3587103743546707,UPK1B,PanglaoDB
PanglaoDB_Augmented_2021,Sertoli Cells,1/158,0.4173922662687204,0.4703944588107802,0,0,1.8799315524289384,1.6425503635540326,DES,PanglaoDB
PanglaoDB_Augmented_2021,Paneth Cells,1/132,0.3630379157889702,0.4703944588107802,0,0,2.2560100262048537,2.2858976446917425,PIGR,PanglaoDB
PanglaoDB_Augmented_2021,Neutrophils,1/151,0.4032251300175344,0.4703944588107802,0,0,1.968358208955224,1.7877814948129414,LTF,PanglaoDB
PanglaoDB_Augmented_2021,Photoreceptor Cells,1/149,0.3991154006070643,0.4703944588107802,0,0,1.9951593384429205,1.8325631883698288,NEFM,PanglaoDB
PanglaoDB_Augmented_2021,Loop Of Henle Cells,1/147,0.394977788225234,0.4703944588107802,0,0,2.022694745450828,1.8789332294002392,ANO1,PanglaoDB
PanglaoDB_Augmented_2021,Neuroblasts,1/146,0.392898467759846,0.4703944588107802,0,0,2.0367472979927945,1.902737579189131,NEFM,PanglaoDB
PanglaoDB_Augmented_2021,Leydig Cells,1/145,0.3908121065738288,0.4703944588107802,0,0,2.050995024875622,1.9269680338127704,ANO1,PanglaoDB
PanglaoDB_Augmented_2021,Trigeminal Neurons,1/144,0.3887186811770662,0.4703944588107802,0,0,2.0654420206659014,1.9516348881046108,NEFM,PanglaoDB
PanglaoDB_Augmented_2021,Luminal Epithelial Cells,1/140,0.380273865433981,0.4703944588107802,0,0,2.1253087082572746,2.054883601848658,LTF,PanglaoDB
PanglaoDB_Augmented_2021,Enteroendocrine Cells,1/139,0.3781447641128622,0.4703944588107802,0,0,2.1408176508760546,2.081898458904531,NTS,PanglaoDB
PanglaoDB_Augmented_2021,Satellite Cells,1/139,0.3781447641128622,0.4703944588107802,0,0,2.1408176508760546,2.081898458904531,ASB5,PanglaoDB
PanglaoDB_Augmented_2021,Alpha Cells,1/136,0.3717141237284094,0.4703944588107802,0,0,2.1887230514096188,2.1660264414981336,KLHL41,PanglaoDB
PanglaoDB_Augmented_2021,Hepatic Stellate Cells,1/132,0.3630379157889702,0.4703944588107802,0,0,2.2560100262048537,2.2858976446917425,DES,PanglaoDB
PanglaoDB_Augmented_2021,Pericytes,1/155,0.4113616791408475,0.4703944588107802,0,0,1.9168443496801704,1.7026992020024727,DES,PanglaoDB
PanglaoDB_Augmented_2021,Granulosa Cells,1/112,0.3178545308175756,0.4703944588107802,0,0,2.6651875756353367,3.0547352592063763,CTTN,PanglaoDB
PanglaoDB_Augmented_2021,Airway Smooth Muscle Cells,1/99,0.2868068736128543,0.4703944588107802,0,0,3.020712762717027,3.772707738284747,DES,PanglaoDB
PanglaoDB_Augmented_2021,Trophoblast Stem Cells,1/99,0.2868068736128543,0.4703944588107802,0,0,3.020712762717027,3.772707738284747,CCND1,PanglaoDB
PanglaoDB_Augmented_2021,Principal Cells,1/136,0.3717141237284094,0.4703944588107802,0,0,2.1887230514096188,2.1660264414981336,ANO1,PanglaoDB
PanglaoDB_Augmented_2021,Mammary Epithelial Cells,1/134,0.3673906750930223,0.4703944588107802,0,0,2.2218606217035126,2.2248145572404026,ANO1,PanglaoDB
PanglaoDB_Augmented_2021,Melanocytes,1/133,0.3652179715143838,0.4703944588107802,0,0,2.2388059701492535,2.255061764352553,CCND1,PanglaoDB
PanglaoDB_Augmented_2021,Pluripotent Stem Cells,1/112,0.3178545308175756,0.4703944588107802,0,0,2.6651875756353367,3.0547352592063763,FGF4,PanglaoDB
PanglaoDB_Augmented_2021,Anterior Pituitary Gland Cells,1/133,0.3652179715143838,0.4703944588107802,0,0,2.2388059701492535,2.255061764352553,NEFM,PanglaoDB
PanglaoDB_Augmented_2021,Myofibroblasts,1/100,0.2892437892552286,0.4703944588107802,0,0,2.990049751243781,3.7091130169332223,DES,PanglaoDB
PanglaoDB_Augmented_2021,Purkinje Fiber Cells,1/102,0.2940930337053904,0.4703944588107802,0,0,2.9305452933353036,3.5865745853618005,NEFM,PanglaoDB
PanglaoDB_Augmented_2021,Cholinergic Neurons,1/102,0.2940930337053904,0.4703944588107802,0,0,2.9305452933353036,3.5865745853618005,NEFM,PanglaoDB
PanglaoDB_Augmented_2021,Pulmonary Alveolar Type I Cells,1/131,0.3608504834564241,0.4703944588107802,0,0,2.2734787600459243,2.3173377567270332,ANO1,PanglaoDB
PanglaoDB_Augmented_2021,Spermatozoa,1/108,0.30844602025895,0.4703944588107802,0,0,2.7653787139071,3.2526617438144703,PIGR,PanglaoDB
PanglaoDB_Augmented_2021,Merkel Cells,1/111,0.3155142948126637,0.4703944588107802,0,0,2.68955223880597,3.102536453488277,NTS,PanglaoDB
PanglaoDB_Augmented_2021,Keratinocytes,1/127,0.3520264954917118,0.4703944588107802,0,0,2.3461265103056146,2.4494706496911953,LCE3D,PanglaoDB
PanglaoDB_Augmented_2021,Purkinje Neurons,1/155,0.4113616791408475,0.4703944588107802,0,0,1.9168443496801704,1.7026992020024727,SHANK2,PanglaoDB
GO_Biological_Process_2023,Membrane Organization (GO:0061024),1/167,0.435121140131485,0.4714609276589496,0,0,1.7771983456212912,1.4788614875015953,TRDN,GO Biological Process
GO_Biological_Process_2023,Regulation Of Cytokine Production (GO:0001817),1/167,0.435121140131485,0.4714609276589496,0,0,1.7771983456212912,1.4788614875015953,LTF,GO Biological Process
Cancer_Cell_Line_Encyclopedia,F36P HAEMATOPOIETIC AND LYMPHOID TISSUE,3/343,0.1114186461045775,0.4726007572269164,0,0,2.6595475113122173,5.836272189481673,CKM;ACTN2;TRDN,Cancer Cell Line Encyclopedia
Reactome_2022,Death Receptor Signaling R-HSA-73887,1/139,0.3781447641128622,0.4750562363226913,0,0,2.1408176508760546,2.081898458904531,FADD,Reactome Pathways
Reactome_2022,Toll Like Receptor 4 (TLR4) Cascade R-HSA-166016,1/140,0.380273865433981,0.4753423317924762,0,0,2.1253087082572746,2.054883601848658,FADD,Reactome Pathways
Reactome_2022,C-type Lectin Receptors (CLRs) R-HSA-5621481,1/141,0.3823957839391759,0.4756166466905172,0,0,2.1100213219616206,2.0283616465858976,MUC5B,Reactome Pathways
Reactome_2022,Clathrin-mediated Endocytosis R-HSA-8856828,1/142,0.3845105435747704,0.4758793856123395,0,0,2.09495077802477,2.0023205787480167,CTTN,Reactome Pathways
Reactome_2022,Diseases Of Glycosylation R-HSA-3781865,1/143,0.3866181680863014,0.4761307488747554,0,0,2.080092495270128,1.9767487549555067,MUC5B,Reactome Pathways
PanglaoDB_Augmented_2021,Retinal Ganglion Cells,1/164,0.4292713940678356,0.4762229527940051,0,0,1.8101822177456277,1.530809446504339,NEFM,PanglaoDB
KEGG_2021_Human,Cellular senescence,1/156,0.4133786773726703,0.4766130439472488,0,0,1.9043813192103995,1.6823137212059245,CCND1,KEGG Pathways
KEGG_2021_Human,Necroptosis,1/159,0.4193889021802698,0.4766130439472488,0,0,1.867938787077272,1.623157778608152,FADD,KEGG Pathways
KEGG_2021_Human,Hepatitis B,1/162,0.4253384454985778,0.4766130439472488,0,0,1.832854361731714,1.5668523633105669,FADD,KEGG Pathways
KEGG_2021_Human,JAK-STAT signaling pathway,1/162,0.4253384454985778,0.4766130439472488,0,0,1.832854361731714,1.5668523633105669,CCND1,KEGG Pathways
KEGG_2021_Human,Hippo signaling pathway,1/163,0.4273082462975334,0.4766130439472488,0,0,1.8214483139856277,1.548685769428787,CCND1,KEGG Pathways
KEGG_2021_Human,Wnt signaling pathway,1/166,0.4331778189740353,0.4785583523903628,0,0,1.7880597014925372,1.495903205296807,CCND1,KEGG Pathways
GO_Cellular_Component_2023,Cytoplasmic Side Of Plasma Membrane (GO:0009898),1/124,0.3453298375705027,0.4799499437420547,0,0,2.403713141609028,2.5557606599694376,FADD,GO Cellular Component
Cancer_Cell_Line_Encyclopedia,CAL33 UPPER AERODIGESTIVE TRACT,2/172,0.1160967693498466,0.4804329723501784,0,0,3.5226381461675578,7.585406686723329,PIGR;BPIFB1,Cancer Cell Line Encyclopedia
Cancer_Cell_Line_Encyclopedia,OAW28 OVARY,2/171,0.1149890358041339,0.4804329723501784,0,0,3.54366146673839,7.664650929962913,SLC34A2;TNNC1,Cancer Cell Line Encyclopedia
Cancer_Cell_Line_Encyclopedia,PANC0403 PANCREAS,1/36,0.1154849581798632,0.4804329723501784,0,0,8.484861407249467,18.315549019302413,SPRR3,Cancer Cell Line Encyclopedia
Cancer_Cell_Line_Encyclopedia,EPLC272H LUNG,2/173,0.1172072720839438,0.4811169475058663,0,0,3.501860712387028,7.507328759776381,ANO1;SPRR2G,Cancer Cell Line Encyclopedia
Reactome_2022,RHOA GTPase Cycle R-HSA-8980692,1/147,0.394977788225234,0.4816802295429683,0,0,2.022694745450828,1.8789332294002392,ACTC1,Reactome Pathways
Reactome_2022,Mitotic G1 Phase And G1/S Transition R-HSA-453279,1/147,0.394977788225234,0.4816802295429683,0,0,2.022694745450828,1.8789332294002392,CCND1,Reactome Pathways
Cancer_Cell_Line_Encyclopedia,SNU119 OVARY,2/174,0.1183205131217675,0.4818011294318373,0,0,3.481324876673714,7.43039403232467,SLC34A2;TNNC1,Cancer Cell Line Encyclopedia
MSigDB_Hallmark_2020,Androgen Response,1/100,0.2892437892552286,0.4820729820920477,0,0,2.990049751243781,3.7091130169332223,CCND1,MSigDB Hallmark
Cancer_Cell_Line_Encyclopedia,JHH1 LIVER,2/175,0.119436461731878,0.4824853890597295,0,0,3.4610264494657557,7.3545799700984755,SLC34A2;TNNC1,Cancer Cell Line Encyclopedia
Cancer_Cell_Line_Encyclopedia,LK2 LUNG,2/176,0.1205550873706175,0.4831696021389315,0,0,3.4409613375130617,7.279864602503267,HORMAD1;FGF3,Cancer Cell Line Encyclopedia
PanglaoDB_Augmented_2021,Hematopoietic Stem Cells,1/178,0.4560691573777154,0.4832971667733999,0,0,1.6658234252466482,1.3078559954556657,LTF,PanglaoDB
PanglaoDB_Augmented_2021,Embryonic Stem Cells,1/176,0.452318214473226,0.4832971667733999,0,0,1.6850319829424307,1.3368526995994825,FGF4,PanglaoDB
PanglaoDB_Augmented_2021,Cajal-Retzius Cells,1/174,0.4485417880231733,0.4832971667733999,0,0,1.7046846691398498,1.366736778801809,NEFM,PanglaoDB
KEGG_2021_Human,Influenza A,1/172,0.4447397074859672,0.4866962836638887,0,0,1.7247970672951034,1.3975445842988603,FADD,KEGG Pathways
Cancer_Cell_Line_Encyclopedia,NCIH838 LUNG,2/178,0.1228002483332954,0.48832286251287,0,0,3.4015151515151514,7.133644789506456,TNNC1;HORMAD1,Cancer Cell Line Encyclopedia
PanglaoDB_Augmented_2021,Endothelial Cells (Aorta),1/185,0.4689992102570889,0.4896903518860782,0,0,1.6018818948734588,1.2128715956754317,ADH7,PanglaoDB
Cancer_Cell_Line_Encyclopedia,G402 SOFT TISSUE,2/183,0.1284578926016822,0.4942430276177011,0,0,3.306713544282605,6.785885798364203,SLC34A2;SLN,Cancer Cell Line Encyclopedia
Cancer_Cell_Line_Encyclopedia,A2780 OVARY,2/185,0.1307382267196798,0.4942430276177011,0,0,3.2702434177844015,6.653500641117103,XIRP2;NTS,Cancer Cell Line Encyclopedia
Cancer_Cell_Line_Encyclopedia,DMS454 LUNG,3/370,0.1314610973835774,0.4942430276177011,0,0,2.4604904632152587,4.992444170554841,KRT24;NEFM;NTS,Cancer Cell Line Encyclopedia
Cancer_Cell_Line_Encyclopedia,DMS114 LUNG,2/186,0.1318819793725713,0.4942430276177011,0,0,3.2523056653491436,6.588676446195124,PPFIA1;FADD,Cancer Cell Line Encyclopedia
Cancer_Cell_Line_Encyclopedia,HUG1N STOMACH,2/182,0.1273213690399559,0.4942430276177011,0,0,3.3252525252525253,6.853481536772197,PIGR;MUC5B,Cancer Cell Line Encyclopedia
Cancer_Cell_Line_Encyclopedia,DU4475 BREAST,4/568,0.1276452802441199,0.4942430276177011,0,0,2.146276595744681,4.418110608800723,CHRND;SCGB3A1;TCAP;CACNA1S,Cancer Cell Line Encyclopedia
Cancer_Cell_Line_Encyclopedia,COLO775 HAEMATOPOIETIC AND LYMPHOID TISSUE,3/365,0.1276563729664973,0.4942430276177011,0,0,2.4951126221844455,5.135972785000153,MYBPC2;MYBPH;LTF,Cancer Cell Line Encyclopedia
Cancer_Cell_Line_Encyclopedia,CAOV4 OVARY,2/187,0.1330280840542732,0.4942430276177011,0,0,3.2345618345618345,6.524742007573422,SLC34A2;UPK1B,Cancer Cell Line Encyclopedia
Cancer_Cell_Line_Encyclopedia,DMS273 LUNG,2/187,0.1330280840542732,0.4942430276177011,0,0,3.2345618345618345,6.524742007573422,SLN;NEFM,Cancer Cell Line Encyclopedia
GO_Biological_Process_2023,Positive Regulation Of ERK1 And ERK2 Cascade (GO:0070374),1/179,0.4579351254444111,0.495092142201962,0,0,1.6563810162669796,1.2936795422566587,FGF4,GO Biological Process
MSigDB_Hallmark_2020,G2-M Checkpoint,1/200,0.4956952821636893,0.4956952821636893,0,0,1.4800120003000077,1.0386633811930914,CCND1,MSigDB Hallmark
MSigDB_Hallmark_2020,TNF-alpha Signaling via NF-kB,1/200,0.4956952821636893,0.4956952821636893,0,0,1.4800120003000077,1.0386633811930914,CCND1,MSigDB Hallmark
MSigDB_Hallmark_2020,Xenobiotic Metabolism,1/200,0.4956952821636893,0.4956952821636893,0,0,1.4800120003000077,1.0386633811930914,ADH7,MSigDB Hallmark
MSigDB_Hallmark_2020,Mitotic Spindle,1/199,0.4939574500364587,0.4956952821636893,0,0,1.4875621890547264,1.0491863871192704,CTTN,MSigDB Hallmark
MSigDB_Hallmark_2020,Fatty Acid Metabolism,1/158,0.4173922662687204,0.4956952821636893,0,0,1.8799315524289384,1.6425503635540326,ADH7,MSigDB Hallmark
MSigDB_Hallmark_2020,Estrogen Response Early,1/200,0.4956952821636893,0.4956952821636893,0,0,1.4800120003000077,1.0386633811930914,CCND1,MSigDB Hallmark
KEGG_2021_Human,Tuberculosis,1/180,0.4597947860715584,0.4958443203190143,0,0,1.6470441090636203,1.2797121069743127,FADD,KEGG Pathways
KEGG_2021_Human,NOD-like receptor signaling pathway,1/181,0.4616481602970133,0.4958443203190143,0,0,1.6378109452736318,1.2659496320185928,FADD,KEGG Pathways
CellMarker_2024,Monocyte Spleen Mouse,1/145,0.3908121065738288,0.4970522908851609,0,0,2.050995024875622,1.9269680338127704,CCND1,CellMarker
GO_Cellular_Component_2023,Asymmetric Synapse (GO:0032279),1/133,0.3652179715143838,0.4991312277363246,0,0,2.2388059701492535,2.255061764352553,SHANK2,GO Cellular Component
Cancer_Cell_Line_Encyclopedia,NCIH2126 LUNG,2/190,0.1364802257051114,0.5010325057489662,0,0,3.1824629271437783,6.338115327368072,BPIFB1;MUC5B,Cancer Cell Line Encyclopedia
Cancer_Cell_Line_Encyclopedia,SKBR3 BREAST,2/191,0.1376354546502338,0.5010325057489662,0,0,3.1654641654641655,6.277579883549609,ACTA1;KRT24,Cancer Cell Line Encyclopedia
Cancer_Cell_Line_Encyclopedia,HCC1599 BREAST,2/192,0.1387928945198511,0.5010325057489662,0,0,3.1486443381180225,6.217856013284266,SLC34A2;HORMAD1,Cancer Cell Line Encyclopedia
Cancer_Cell_Line_Encyclopedia,RERFLCKJ LUNG,2/192,0.1387928945198511,0.5010325057489662,0,0,3.1486443381180225,6.217856013284266,BPIFB1;MUC5B,Cancer Cell Line Encyclopedia
Cancer_Cell_Line_Encyclopedia,BICR22 UPPER AERODIGESTIVE TRACT,2/195,0.1422782026803828,0.5029139247521864,0,0,3.0992306484534464,6.043409776008359,PPFIA1;HORMAD1,Cancer Cell Line Encyclopedia
Cancer_Cell_Line_Encyclopedia,DLD1 LARGE INTESTINE,1/45,0.1422386653344871,0.5029139247521864,0,0,6.746268656716418,13.156902962469523,TNNC1,Cancer Cell Line Encyclopedia
Cancer_Cell_Line_Encyclopedia,HS274T BREAST,2/194,0.1411142960380862,0.5029139247521864,0,0,3.115530303030303,6.1007850390901215,ANKRD1;RPTN,Cancer Cell Line Encyclopedia
Cancer_Cell_Line_Encyclopedia,MFE280 ENDOMETRIUM,2/196,0.1434442101464627,0.5035386411348243,0,0,3.08309903155264,5.9867897521058895,TCAP;FGF4,Cancer Cell Line Encyclopedia
Cancer_Cell_Line_Encyclopedia,KYM1 SOFT TISSUE,3/388,0.1454840036786354,0.5072010813179824,0,0,2.343296703296703,4.517147603854731,SPINK6;STATH;TRDN,Cancer Cell Line Encyclopedia
GO_Biological_Process_2023,Negative Regulation Of Macromolecule Metabolic Process (GO:0010605),1/186,0.4708214649161071,0.50791024552219,0,0,1.5931423961274709,1.2000764289726324,NTS,GO Biological Process
Reactome_2022,Toll-like Receptor Cascades R-HSA-168898,1/162,0.4253384454985778,0.5112240931473291,0,0,1.832854361731714,1.5668523633105669,FADD,Reactome Pathways
Reactome_2022,Diseases Of Signal Transduction By Growth Factor Receptors And Second Messengers R-HSA-5663202,2/424,0.4242993022261208,0.5112240931473291,0,0,1.4009765905500502,1.2010798866979364,FGF3;FGF4,Reactome Pathways
Reactome_2022,S Phase R-HSA-69242,1/161,0.4233619693842393,0.5112240931473291,0,0,1.8444029850746269,1.5853155409760311,CCND1,Reactome Pathways
GO_Cellular_Component_2023,Mitotic Spindle (GO:0072686),1/143,0.3866181680863014,0.5113337061786567,0,0,2.080092495270128,1.9767487549555067,MYF6,GO Cellular Component
GO_Cellular_Component_2023,Intracellular Non-Membrane-Bounded Organelle (GO:0043232),5/1195,0.3837929983232392,0.5113337061786567,0,0,1.2499666533279978,1.1970329887571054,CTTN;ACTN2;MYL2;HORMAD1;KLHL41,GO Cellular Component
CellMarker_2024,Mitotic Arrest Phase Fetal Germ Cell Fetal Gonad Human,4/956,0.4100939463446053,0.5131391054813981,0,0,1.2460609243697478,1.1107000901949673,DES;NRAP;PPFIA1;PRAME,CellMarker
CellMarker_2024,Ciliated Epithelial Cell Esophagus Human,2/413,0.4112947028667694,0.5131391054813981,0,0,1.4392833443928337,1.2787244979815755,BPIFB1;SHANK2,CellMarker
Cancer_Cell_Line_Encyclopedia,OCUM1 STOMACH,2/201,0.1493048158767514,0.5169806209609966,0,0,3.0048728490939545,5.714562971156946,MYBPC1;FGF3,Cancer Cell Line Encyclopedia
GO_Biological_Process_2023,Neuron Projection Development (GO:0031175),1/192,0.4816263095940141,0.5184318136022903,0,0,1.5426271782449013,1.127022987296746,CTTN,GO Biological Process
Cancer_Cell_Line_Encyclopedia,PANC0813 PANCREAS,1/48,0.1509781369528721,0.5192423764122427,0,0,6.314703080342966,11.938705459864398,MYH7,Cancer Cell Line Encyclopedia
Cancer_Cell_Line_Encyclopedia,CL40 LARGE INTESTINE,2/210,0.1599739904290904,0.5219911393847019,0,0,2.8735431235431235,5.266469024106059,SPRR3;TNNC1,Cancer Cell Line Encyclopedia
Cancer_Cell_Line_Encyclopedia,SUPHD1 HAEMATOPOIETIC AND LYMPHOID TISSUE,3/406,0.1599815672770402,0.5219911393847019,0,0,2.236571864859706,4.098957819910788,TMPRSS11B;LCE3D;MYBPC2,Cancer Cell Line Encyclopedia
Cancer_Cell_Line_Encyclopedia,EFO27 OVARY,1/51,0.1596298612054366,0.5219911393847019,0,0,5.9349253731343286,10.889979796219908,SPINK6,Cancer Cell Line Encyclopedia
Cancer_Cell_Line_Encyclopedia,RPMI8226 HAEMATOPOIETIC AND LYMPHOID TISSUE,2/208,0.1575904443843078,0.5219911393847019,0,0,2.901735804648426,5.361698975874679,MYL1;LTF,Cancer Cell Line Encyclopedia
Cancer_Cell_Line_Encyclopedia,DV90 LUNG,2/206,0.1552139388723913,0.5219911393847019,0,0,2.93048128342246,5.4593426357925114,SPINK7;SPINK6,Cancer Cell Line Encyclopedia
Cancer_Cell_Line_Encyclopedia,SF295 CENTRAL NERVOUS SYSTEM,1/49,0.1538717517089819,0.5219911393847019,0,0,6.182835820895522,11.572016896560733,SLN,Cancer Cell Line Encyclopedia
Cancer_Cell_Line_Encyclopedia,NCIH69 LUNG,3/405,0.1591644884568328,0.5219911393847019,0,0,2.2422502870264065,4.120845904081871,SLN;CKM;NTS,Cancer Cell Line Encyclopedia
Cancer_Cell_Line_Encyclopedia,NAMALWA HAEMATOPOIETIC AND LYMPHOID TISSUE,2/210,0.1599739904290904,0.5219911393847019,0,0,2.8735431235431235,5.266469024106059,FLG2;C10ORF71,Cancer Cell Line Encyclopedia
GO_Biological_Process_2023,Regulation Of Programmed Cell Death (GO:0043067),1/195,0.486946921711031,0.5230170640599964,0,0,1.518541314048315,1.0927425606592966,ACTN2,GO Biological Process
GO_Cellular_Component_2023,Postsynaptic Density (GO:0014069),1/151,0.4032251300175344,0.5248327089117115,0,0,1.968358208955224,1.7877814948129414,SHANK2,GO Cellular Component
GO_Biological_Process_2023,Negative Regulation Of Apoptotic Process (GO:0043066),2/482,0.4903274936767495,0.5255031617013859,0,0,1.228030303030303,0.8751947936254124,PRAME;LTF,GO Biological Process
GO_Cellular_Component_2023,Azurophil Granule (GO:0042582),1/155,0.4113616791408475,0.5270571513992108,0,0,1.9168443496801704,1.7026992020024727,PIGR,GO Cellular Component
CellMarker_2024,Migration Phase Fetal Germ Cell Fetal Gonad Human,1/165,0.431227910938908,0.5279519283457659,0,0,1.7990535129231888,1.5132172515058324,ACTC1,CellMarker
CellMarker_2024,Neural Progenitor Cell Embryonic Prefrontal Cortex Human,1/163,0.4273082462975334,0.5279519283457659,0,0,1.8214483139856277,1.548685769428787,CSRP3,CellMarker
GO_Biological_Process_2023,Anterograde Trans-Synaptic Signaling (GO:0098916),1/199,0.4939574500364587,0.5282451689110069,0,0,1.4875621890547264,1.0491863871192704,CHRND,GO Biological Process
GO_Cellular_Component_2023,Specific Granule (GO:0042581),1/159,0.4193889021802698,0.5290752304428019,0,0,1.867938787077272,1.623157778608152,LTF,GO Cellular Component
Cancer_Cell_Line_Encyclopedia,HS822T BONE,2/214,0.1647614035071234,0.5307819897792775,0,0,2.8187535734705547,5.0829368052682575,ACTC1;ASB5,Cancer Cell Line Encyclopedia
Cancer_Cell_Line_Encyclopedia,JURLMK1 HAEMATOPOIETIC AND LYMPHOID TISSUE,2/214,0.1647614035071234,0.5307819897792775,0,0,2.8187535734705547,5.0829368052682575,KRT2;TRDN,Cancer Cell Line Encyclopedia
Cancer_Cell_Line_Encyclopedia,IM95 STOMACH,2/224,0.1768393766423893,0.531138060438515,0,0,2.69041769041769,4.6611847944402935,PIGR;SPINK7,Cancer Cell Line Encyclopedia
Cancer_Cell_Line_Encyclopedia,CHL1 SKIN,2/223,0.1756250087773634,0.531138060438515,0,0,2.7027286439051146,4.701137524712514,SLN;NTS,Cancer Cell Line Encyclopedia
Cancer_Cell_Line_Encyclopedia,HEP3B217 LIVER,2/221,0.1732004892095508,0.531138060438515,0,0,2.7276878372768785,4.782469973696842,CKM;NTS,Cancer Cell Line Encyclopedia
Cancer_Cell_Line_Encyclopedia,GI1 CENTRAL NERVOUS SYSTEM,1/55,0.1710304965594594,0.531138060438515,0,0,5.494195688225539,9.702273765685264,ASB5,Cancer Cell Line Encyclopedia
Cancer_Cell_Line_Encyclopedia,639V URINARY TRACT,1/57,0.1766735309285739,0.531138060438515,0,0,5.297441364605544,9.182858779101382,SPINK6,Cancer Cell Line Encyclopedia
Cancer_Cell_Line_Encyclopedia,SW1783 CENTRAL NERVOUS SYSTEM,1/58,0.1794808377120325,0.531138060438515,0,0,5.204241948153967,8.939257856797644,SPINK6,Cancer Cell Line Encyclopedia
Cancer_Cell_Line_Encyclopedia,HCC78 LUNG,1/58,0.1794808377120325,0.531138060438515,0,0,5.204241948153967,8.939257856797644,SLC34A2,Cancer Cell Line Encyclopedia
Cancer_Cell_Line_Encyclopedia,NCIH1975 LUNG,1/58,0.1794808377120325,0.531138060438515,0,0,5.204241948153967,8.939257856797644,CSRP3,Cancer Cell Line Encyclopedia
Cancer_Cell_Line_Encyclopedia,SNU213 PANCREAS,1/54,0.168194706014656,0.531138060438515,0,0,5.598141368628555,9.979431577576143,PIGR,Cancer Cell Line Encyclopedia
Cancer_Cell_Line_Encyclopedia,RERFLCMS LUNG,1/55,0.1710304965594594,0.531138060438515,0,0,5.494195688225539,9.702273765685264,NEFM,Cancer Cell Line Encyclopedia
Cancer_Cell_Line_Encyclopedia,NCIH727 LUNG,2/215,0.1659623462835603,0.531138060438515,0,0,2.8053777208706787,5.038442525000758,NEFM;NTS,Cancer Cell Line Encyclopedia
Cancer_Cell_Line_Encyclopedia,GMS10 CENTRAL NERVOUS SYSTEM,1/54,0.168194706014656,0.531138060438515,0,0,5.598141368628555,9.979431577576143,ACTA1,Cancer Cell Line Encyclopedia
Cancer_Cell_Line_Encyclopedia,SNU8 OVARY,1/58,0.1794808377120325,0.531138060438515,0,0,5.204241948153967,8.939257856797644,SLC34A2,Cancer Cell Line Encyclopedia
Cancer_Cell_Line_Encyclopedia,NCIH520 LUNG,2/221,0.1732004892095508,0.531138060438515,0,0,2.7276878372768785,4.782469973696842,FGF3;FGF4,Cancer Cell Line Encyclopedia
KEGG_2021_Human,Viral carcinogenesis,1/203,0.5008735735633018,0.533039766360945,0,0,1.4578099601004877,1.0079320775640024,CCND1,KEGG Pathways
Cancer_Cell_Line_Encyclopedia,786O KIDNEY,1/59,0.1822787126862081,0.5332176135475858,0,0,5.1142563046834795,8.705581055775474,SLN,Cancer Cell Line Encyclopedia
Cancer_Cell_Line_Encyclopedia,SKMEL2 SKIN,2/228,0.1817103659917317,0.5332176135475858,0,0,2.642263341378386,4.505960683076567,MYL1;PPFIA1,Cancer Cell Line Encyclopedia
GO_Cellular_Component_2023,Chromosome (GO:0005694),1/164,0.4292713940678356,0.5333371865691291,0,0,1.8101822177456277,1.530809446504339,HORMAD1,GO Cellular Component
GO_Cellular_Component_2023,Basolateral Plasma Membrane (GO:0016323),1/171,0.4428289933097249,0.5339996684029036,0,0,1.7350307287093942,1.413306762075489,MYL1,GO Cellular Component
GO_Cellular_Component_2023,Membrane Raft (GO:0045121),1/169,0.4389881093767912,0.5339996684029036,0,0,1.755863539445629,1.4455725180215797,MYL1,GO Cellular Component
CellMarker_2024,Type IA Spiral Ganglion Neuron Brain Mouse,1/170,0.4409118011570616,0.5348096847368062,0,0,1.745385498542789,1.4293143732683624,MYL1,CellMarker
Cancer_Cell_Line_Encyclopedia,COV318 OVARY,2/230,0.1841536539694699,0.5356240564026297,0,0,2.6188197767145134,4.431003240254652,UPK1B;TRDN,Cancer Cell Line Encyclopedia
CellMarker_2024,Schwalie Et al.Nature.P1 Adipose Tissue Mouse,1/174,0.4485417880231733,0.5390731580828964,0,0,1.7046846691398498,1.366736778801809,SLC34A2,CellMarker
Cancer_Cell_Line_Encyclopedia,KP4 PANCREAS,1/61,0.1878462919472579,0.5404780819016726,0,0,4.943283582089553,8.265818938373865,ASB5,Cancer Cell Line Encyclopedia
Cancer_Cell_Line_Encyclopedia,OVKATE OVARY,2/240,0.1964409531469733,0.5404780819016726,0,0,2.5075120957473898,4.0807085992336445,SLC34A2;UPK1B,Cancer Cell Line Encyclopedia
Cancer_Cell_Line_Encyclopedia,SNU478 BILIARY TRACT,1/64,0.1961276993632877,0.5404780819016726,0,0,4.707178393745558,7.667943257971954,UPK1B,Cancer Cell Line Encyclopedia
Cancer_Cell_Line_Encyclopedia,MCAS OVARY,1/63,0.1933765172474068,0.5404780819016726,0,0,4.783341357727491,7.859585311378846,ANKRD1,Cancer Cell Line Encyclopedia
Cancer_Cell_Line_Encyclopedia,NCIH1581 LUNG,2/238,0.1939746226489087,0.5404780819016726,0,0,2.5290190035952747,4.1476618255831035,MYF6;NTS,Cancer Cell Line Encyclopedia
Cancer_Cell_Line_Encyclopedia,TT2609C02 THYROID,1/62,0.1906160583612696,0.5404780819016726,0,0,4.862001468069488,8.05873845423038,ANKRD1,Cancer Cell Line Encyclopedia
Cancer_Cell_Line_Encyclopedia,RT11284 URINARY TRACT,1/62,0.1906160583612696,0.5404780819016726,0,0,4.862001468069488,8.05873845423038,UPK1B,Cancer Cell Line Encyclopedia
Cancer_Cell_Line_Encyclopedia,NCIH1299 LUNG,1/62,0.1906160583612696,0.5404780819016726,0,0,4.862001468069488,8.05873845423038,HORMAD1,Cancer Cell Line Encyclopedia
Cancer_Cell_Line_Encyclopedia,NUGC4 STOMACH,2/239,0.1952072653997657,0.5404780819016726,0,0,2.5182201764480245,4.113999645269436,MYBPC1;MUC5B,Cancer Cell Line Encyclopedia
Cancer_Cell_Line_Encyclopedia,GSS STOMACH,2/240,0.1964409531469733,0.5404780819016726,0,0,2.5075120957473898,4.0807085992336445,FGF3;FGF4,Cancer Cell Line Encyclopedia
Reactome_2022,Disorders Of Transmembrane Transporters R-HSA-5619115,1/176,0.452318214473226,0.5410504957813709,0,0,1.6850319829424307,1.3368526995994825,SLC34A2,Reactome Pathways
Cancer_Cell_Line_Encyclopedia,LXF289 LUNG,1/65,0.1988696354697893,0.5413082591129561,0,0,4.63339552238806,7.483423829325053,LTF,Cancer Cell Line Encyclopedia
Cancer_Cell_Line_Encyclopedia,LCLC103H LUNG,1/65,0.1988696354697893,0.5413082591129561,0,0,4.63339552238806,7.483423829325053,LTF,Cancer Cell Line Encyclopedia
GO_Biological_Process_2023,Negative Regulation Of Cell Differentiation (GO:0045596),1/207,0.5076965449516632,0.5417627633358657,0,0,1.429213157513404,0.9688226701679732,PRAME,GO Biological Process
Reactome_2022,Apoptosis R-HSA-109581,1/178,0.4560691573777154,0.5429394730687088,0,0,1.6658234252466482,1.3078559954556657,FADD,Reactome Pathways
KEGG_2021_Human,Human immunodeficiency virus 1 infection,1/212,0.5160961455181692,0.5442468443646147,0,0,1.39499186531796,0.9227343914712242,FADD,KEGG Pathways
CellMarker_2024,Granulosa Cell Fetal Gonad Human,1/179,0.4579351254444111,0.5453591039383442,0,0,1.6563810162669796,1.2936795422566587,HORMAD1,CellMarker
KEGG_2021_Human,cAMP signaling pathway,1/216,0.5227140196657857,0.5462596962273075,0,0,1.36876084692815,0.8879435932935233,CACNA1S,KEGG Pathways
KEGG_2021_Human,Human T-cell leukemia virus 1 infection,1/219,0.5276188270490358,0.5464623565865014,0,0,1.3497192934410516,0.862985107021172,CCND1,KEGG Pathways
Cancer_Cell_Line_Encyclopedia,JHH5 LIVER,2/245,0.2026243376896275,0.5485946164043639,0,0,2.4552936775158996,3.919634675661684,NTS;MUC5B,Cancer Cell Line Encyclopedia
Reactome_2022,Signal Transduction R-HSA-162582,9/2465,0.4639316024195851,0.5496819933881341,0,0,1.0854358747860653,0.8336344483722499,ACTC1;CCND1;CTTN;ACTN2;FADD;NTS;ADH7;FGF3;FGF4,Reactome Pathways
Cancer_Cell_Line_Encyclopedia,KYSE180 OESOPHAGUS,1/69,0.2097455301816246,0.5503117260950874,0,0,4.359964881474978,6.809655813963362,PPFIA1,Cancer Cell Line Encyclopedia
Cancer_Cell_Line_Encyclopedia,SNU423 LIVER,1/69,0.2097455301816246,0.5503117260950874,0,0,4.359964881474978,6.809655813963362,XIRP2,Cancer Cell Line Encyclopedia
Cancer_Cell_Line_Encyclopedia,HCC366 LUNG,1/69,0.2097455301816246,0.5503117260950874,0,0,4.359964881474978,6.809655813963362,SPINK6,Cancer Cell Line Encyclopedia
Cancer_Cell_Line_Encyclopedia,UACC812 BREAST,3/460,0.20585818360746,0.5503117260950874,0,0,1.9668405992257196,3.108724872370159,BPIFB1;TCAP;MUC5B,Cancer Cell Line Encyclopedia
Cancer_Cell_Line_Encyclopedia,CAL78 BONE,1/68,0.2070402731221201,0.5503117260950874,0,0,4.425261750946759,6.969087838460738,SPINK6,Cancer Cell Line Encyclopedia
Cancer_Cell_Line_Encyclopedia,T98G CENTRAL NERVOUS SYSTEM,1/69,0.2097455301816246,0.5503117260950874,0,0,4.359964881474978,6.809655813963362,ASB5,Cancer Cell Line Encyclopedia
Cancer_Cell_Line_Encyclopedia,YD38 UPPER AERODIGESTIVE TRACT,1/71,0.2151287925157917,0.5586763030129491,0,0,4.234968017057569,6.507106261492183,PPFIA1,Cancer Cell Line Encyclopedia
Cancer_Cell_Line_Encyclopedia,A673 BONE,2/255,0.2150577222310699,0.5586763030129491,0,0,2.357048748353096,3.622427567304694,ACTN2;TRDN,Cancer Cell Line Encyclopedia
Reactome_2022,ESR-mediated Signaling R-HSA-8939211,1/188,0.4744475090964486,0.5594899871420386,0,0,1.5759438103599648,1.1750304668476752,CCND1,Reactome Pathways
Cancer_Cell_Line_Encyclopedia,SNU1197 LARGE INTESTINE,1/78,0.2336872081737137,0.5601290371625824,0,0,3.84861407249467,5.595006511592121,RPTN,Cancer Cell Line Encyclopedia
Cancer_Cell_Line_Encyclopedia,RERFLCAD1 LUNG,1/78,0.2336872081737137,0.5601290371625824,0,0,3.84861407249467,5.595006511592121,SLC34A2,Cancer Cell Line Encyclopedia
Cancer_Cell_Line_Encyclopedia,SNU1272 KIDNEY,1/82,0.2440971845344583,0.5601290371625824,0,0,3.657822001105583,5.158219748994968,ASB5,Cancer Cell Line Encyclopedia
Cancer_Cell_Line_Encyclopedia,TF1 HAEMATOPOIETIC AND LYMPHOID TISSUE,2/272,0.2363510906537296,0.5601290371625824,0,0,2.2067340067340067,3.1830745756491106,CKM;XIRP2,Cancer Cell Line Encyclopedia
Cancer_Cell_Line_Encyclopedia,SCC4 UPPER AERODIGESTIVE TRACT,1/80,0.2389097325251075,0.5601290371625824,0,0,3.750802947288872,5.369910129778693,CKM,Cancer Cell Line Encyclopedia
Cancer_Cell_Line_Encyclopedia,NCIH1339 LUNG,1/76,0.2284293779420443,0.5601290371625824,0,0,3.951641791044776,5.834710479551735,CKM,Cancer Cell Line Encyclopedia
Cancer_Cell_Line_Encyclopedia,NCIH226 LUNG,1/79,0.2363028689515041,0.5601290371625824,0,0,3.799081515499426,5.480710580789464,UPK1B,Cancer Cell Line Encyclopedia
Cancer_Cell_Line_Encyclopedia,SNU216 STOMACH,1/82,0.2440971845344583,0.5601290371625824,0,0,3.657822001105583,5.158219748994968,TNNC1,Cancer Cell Line Encyclopedia
Cancer_Cell_Line_Encyclopedia,COV434 OVARY,2/278,0.2438996772199363,0.5601290371625824,0,0,2.158102766798419,3.0450793290761173,MYH2;NTS,Cancer Cell Line Encyclopedia
Cancer_Cell_Line_Encyclopedia,PC3 PROSTATE,1/83,0.2466778309689274,0.5601290371625824,0,0,3.6130323989807063,5.0570607239824845,MUC5B,Cancer Cell Line Encyclopedia
Cancer_Cell_Line_Encyclopedia,HUH6 LIVER,2/281,0.2476784709784097,0.5601290371625824,0,0,2.134571521668296,2.979058950732803,TNNC1;LTF,Cancer Cell Line Encyclopedia
Cancer_Cell_Line_Encyclopedia,JHUEM3 ENDOMETRIUM,1/84,0.2492497962219355,0.5601290371625824,0,0,3.5693220643769106,4.958858029359107,STATH,Cancer Cell Line Encyclopedia
Cancer_Cell_Line_Encyclopedia,ISHIKAWAHERAKLIO02ER ENDOMETRIUM,1/84,0.2492497962219355,0.5601290371625824,0,0,3.5693220643769106,4.958858029359107,SLC34A2,Cancer Cell Line Encyclopedia
Cancer_Cell_Line_Encyclopedia,LN18 CENTRAL NERVOUS SYSTEM,1/84,0.2492497962219355,0.5601290371625824,0,0,3.5693220643769106,4.958858029359107,ASB5,Cancer Cell Line Encyclopedia
Cancer_Cell_Line_Encyclopedia,L428 HAEMATOPOIETIC AND LYMPHOID TISSUE,2/286,0.2539816013057266,0.5601290371625824,0,0,2.0964575330772512,2.8731813181061385,MYBPC2;MYH8,Cancer Cell Line Encyclopedia
Cancer_Cell_Line_Encyclopedia,NCIN87 STOMACH,1/86,0.2543677981624342,0.5601290371625824,0,0,3.4849868305531166,4.770856483616748,FGF3,Cancer Cell Line Encyclopedia
Cancer_Cell_Line_Encyclopedia,HCC2279 LUNG,1/86,0.2543677981624342,0.5601290371625824,0,0,3.4849868305531166,4.770856483616748,ANKRD1,Cancer Cell Line Encyclopedia
Cancer_Cell_Line_Encyclopedia,BFTC905 URINARY TRACT,1/78,0.2336872081737137,0.5601290371625824,0,0,3.84861407249467,5.595006511592121,SPRR3,Cancer Cell Line Encyclopedia
Cancer_Cell_Line_Encyclopedia,THP1 HAEMATOPOIETIC AND LYMPHOID TISSUE,2/279,0.2451589803779933,0.5601290371625824,0,0,2.1502023848594245,3.0228585380928696,CKM;MYBPH,Cancer Cell Line Encyclopedia
Cancer_Cell_Line_Encyclopedia,SNU201 CENTRAL NERVOUS SYSTEM,1/86,0.2543677981624342,0.5601290371625824,0,0,3.4849868305531166,4.770856483616748,SLN,Cancer Cell Line Encyclopedia
Cancer_Cell_Line_Encyclopedia,UT7 HAEMATOPOIETIC AND LYMPHOID TISSUE,3/516,0.2561983139407979,0.5601290371625824,0,0,1.7470985155195682,2.3792048218596027,CKM;XIRP2;STATH,Cancer Cell Line Encyclopedia
Cancer_Cell_Line_Encyclopedia,HH HAEMATOPOIETIC AND LYMPHOID TISSUE,2/263,0.2250575849784742,0.5601290371625824,0,0,2.2838732149076977,3.406166174678935,MYH8;TCAP,Cancer Cell Line Encyclopedia
Cancer_Cell_Line_Encyclopedia,MKN7 STOMACH,1/87,0.2569138921216141,0.5601290371625824,0,0,3.4442901770218675,4.680839605090542,UPK1B,Cancer Cell Line Encyclopedia
Cancer_Cell_Line_Encyclopedia,HUH7 LIVER,2/290,0.259027588195131,0.5601290371625824,0,0,2.066919191919192,2.7920372396494253,ACTA1;NTS,Cancer Cell Line Encyclopedia
Cancer_Cell_Line_Encyclopedia,HS706T BONE,1/88,0.2594514193818487,0.5601290371625824,0,0,3.40452907874421,4.593342297068813,SPINK6,Cancer Cell Line Encyclopedia
Cancer_Cell_Line_Encyclopedia,HLF LIVER,1/88,0.2594514193818487,0.5601290371625824,0,0,3.40452907874421,4.593342297068813,ASB5,Cancer Cell Line Encyclopedia
Cancer_Cell_Line_Encyclopedia,KIJK HAEMATOPOIETIC AND LYMPHOID TISSUE,2/291,0.2602894389904114,0.5601290371625824,0,0,2.059662367620845,2.772225302903169,UPK1B;MYBPC2,Cancer Cell Line Encyclopedia
Cancer_Cell_Line_Encyclopedia,NCIH1395 LUNG,2/292,0.2615514007931083,0.5601290371625824,0,0,2.052455590386625,2.7525983818722497,HORMAD1;MUC5B,Cancer Cell Line Encyclopedia
Cancer_Cell_Line_Encyclopedia,BC3C URINARY TRACT,1/89,0.2619804083635212,0.5601290371625824,0,0,3.3656716417910446,4.508268547912052,MYL2,Cancer Cell Line Encyclopedia
Cancer_Cell_Line_Encyclopedia,59M OVARY,1/90,0.264500887362541,0.5601290371625824,0,0,3.327687405668288,4.425526996612212,ASB5,Cancer Cell Line Encyclopedia
Cancer_Cell_Line_Encyclopedia,LOUNH91 LUNG,1/90,0.264500887362541,0.5601290371625824,0,0,3.327687405668288,4.425526996612212,LTF,Cancer Cell Line Encyclopedia
Cancer_Cell_Line_Encyclopedia,CAOV3 OVARY,1/90,0.264500887362541,0.5601290371625824,0,0,3.327687405668288,4.425526996612212,SPINK6,Cancer Cell Line Encyclopedia
Cancer_Cell_Line_Encyclopedia,SNU387 LIVER,1/76,0.2284293779420443,0.5601290371625824,0,0,3.951641791044776,5.834710479551735,LCE3D,Cancer Cell Line Encyclopedia
Cancer_Cell_Line_Encyclopedia,MDAMB134VI BREAST,3/496,0.2379768418421653,0.5601290371625824,0,0,1.8198470900296455,2.6125395672891756,PPFIA1;FADD;MUC5B,Cancer Cell Line Encyclopedia
Cancer_Cell_Line_Encyclopedia,OPM2 HAEMATOPOIETIC AND LYMPHOID TISSUE,2/296,0.2666000578744721,0.5601290371625824,0,0,2.0241187384044528,2.6758964168497696,MYH1;MYBPC2,Cancer Cell Line Encyclopedia
Cancer_Cell_Line_Encyclopedia,NCIH2023 LUNG,1/91,0.267012884576819,0.5601290371625824,0,0,3.290547263681592,4.345030659440961,NTS,Cancer Cell Line Encyclopedia
Cancer_Cell_Line_Encyclopedia,KMS26 HAEMATOPOIETIC AND LYMPHOID TISSUE,2/295,0.2653378019518914,0.5601290371625824,0,0,2.031130416795946,2.6948054092788554,MYBPC2;LTF,Cancer Cell Line Encyclopedia
Cancer_Cell_Line_Encyclopedia,KU1919 URINARY TRACT,1/91,0.267012884576819,0.5601290371625824,0,0,3.290547263681592,4.345030659440961,PPFIA1,Cancer Cell Line Encyclopedia
Cancer_Cell_Line_Encyclopedia,SKMES1 LUNG,1/74,0.2231360067399509,0.5601290371625824,0,0,4.060314864035984,6.090365906619958,TRDN,Cancer Cell Line Encyclopedia
Cancer_Cell_Line_Encyclopedia,MOLM13 HAEMATOPOIETIC AND LYMPHOID TISSUE,2/259,0.2200524564899858,0.5601290371625824,0,0,2.3198915222261527,3.512059004765722,CSRP3;MYBPH,Cancer Cell Line Encyclopedia
Cancer_Cell_Line_Encyclopedia,NCIH1568 LUNG,1/86,0.2543677981624342,0.5601290371625824,0,0,3.4849868305531166,4.770856483616748,UPK1B,Cancer Cell Line Encyclopedia
Cancer_Cell_Line_Encyclopedia,NCIH1793 LUNG,1/78,0.2336872081737137,0.5601290371625824,0,0,3.84861407249467,5.595006511592121,ASB5,Cancer Cell Line Encyclopedia
Cancer_Cell_Line_Encyclopedia,OCIAML5 HAEMATOPOIETIC AND LYMPHOID TISSUE,2/295,0.2653378019518914,0.5601290371625824,0,0,2.031130416795946,2.6948054092788554,CSRP3;MYBPH,Cancer Cell Line Encyclopedia
Cancer_Cell_Line_Encyclopedia,MFE296 ENDOMETRIUM,1/91,0.267012884576819,0.5601290371625824,0,0,3.290547263681592,4.345030659440961,ACTC1,Cancer Cell Line Encyclopedia
Cancer_Cell_Line_Encyclopedia,MPP89 PLEURA,1/88,0.2594514193818487,0.5601290371625824,0,0,3.40452907874421,4.593342297068813,ACTC1,Cancer Cell Line Encyclopedia
Cancer_Cell_Line_Encyclopedia,DEL HAEMATOPOIETIC AND LYMPHOID TISSUE,2/301,0.2729115937452268,0.5601290371625824,0,0,1.9897638593290767,2.5839220096525004,UPK1B;MYBPC2,Cancer Cell Line Encyclopedia
Cancer_Cell_Line_Encyclopedia,D283MED CENTRAL NERVOUS SYSTEM,2/301,0.2729115937452268,0.5601290371625824,0,0,1.9897638593290767,2.5839220096525004,NEFM;LMOD2,Cancer Cell Line Encyclopedia
Cancer_Cell_Line_Encyclopedia,NCIH1666 LUNG,1/93,0.2720115461217471,0.5601290371625824,0,0,3.2186891628812457,4.190446069088838,HORMAD1,Cancer Cell Line Encyclopedia
Cancer_Cell_Line_Encyclopedia,HCC202 BREAST,2/300,0.2716493006618652,0.5601290371625824,0,0,1.9965426072808623,2.6019809366186735,KRT2;SCGB3A1,Cancer Cell Line Encyclopedia
Cancer_Cell_Line_Encyclopedia,NCIH441 LUNG,1/92,0.269516428181171,0.5601290371625824,0,0,3.254223388551747,4.266696674846698,SLC34A2,Cancer Cell Line Encyclopedia
Cancer_Cell_Line_Encyclopedia,RL952 ENDOMETRIUM,1/92,0.269516428181171,0.5601290371625824,0,0,3.254223388551747,4.266696674846698,SPRR3,Cancer Cell Line Encyclopedia
Cancer_Cell_Line_Encyclopedia,PANC0504 PANCREAS,1/87,0.2569138921216141,0.5601290371625824,0,0,3.4442901770218675,4.680839605090542,MYL2,Cancer Cell Line Encyclopedia
Cancer_Cell_Line_Encyclopedia,MDAMB436 BREAST,1/94,0.2744982663755415,0.5611229621893599,0,0,3.1839191141068848,4.116203532141284,HORMAD1,Cancer Cell Line Encyclopedia
Cancer_Cell_Line_Encyclopedia,CAPAN2 PANCREAS,1/95,0.2769766167917756,0.5616776810637999,0,0,3.149888853604319,4.043897213448032,FGF3,Cancer Cell Line Encyclopedia
Cancer_Cell_Line_Encyclopedia,MORCPR LUNG,1/95,0.2769766167917756,0.5616776810637999,0,0,3.149888853604319,4.043897213448032,MUC5B,Cancer Cell Line Encyclopedia
CellMarker_2024,Schwalie Et al.Nature.G1 Adipose Tissue Mouse,1/189,0.4762513396174245,0.5620623918007442,0,0,1.5674817402349952,1.162772908212185,GSTM1,CellMarker
GO_Biological_Process_2023,Proteasomal Protein Catabolic Process (GO:0010498),1/220,0.5292427003683383,0.5635348839775178,0,0,1.343488039255776,0.8548724042154611,PRAME,GO Biological Process
Human_Gene_Atlas,Bonemarrow,1/52,0.1624944201180422,0.5650640093272451,0,0,5.818261633011414,10.572430795578446,LTF,Human Gene Atlas
Human_Gene_Atlas,Salivarygland,1/57,0.1766735309285739,0.5650640093272451,0,0,5.297441364605544,9.182858779101382,STATH,Human Gene Atlas
Human_Gene_Atlas,Thyroid,3/388,0.1454840036786354,0.5650640093272451,0,0,2.343296703296703,4.517147603854731,ACTA1;ACTN2;NRAP,Human Gene Atlas
Human_Gene_Atlas,GlobusPallidus,1/59,0.1822787126862081,0.5650640093272451,0,0,5.1142563046834795,8.705581055775474,MYOG,Human Gene Atlas
Human_Gene_Atlas,FetalThyroid,1/66,0.2016023561335558,0.5681520945582029,0,0,4.561882893226177,7.305664108438629,HORMAD1,Human Gene Atlas
Cancer_Cell_Line_Encyclopedia,SR786 HAEMATOPOIETIC AND LYMPHOID TISSUE,2/309,0.2830074777823497,0.5693707754593518,0,0,1.9371236797946896,2.445196272250047,MYBPC2;TRDN,Cancer Cell Line Encyclopedia
Cancer_Cell_Line_Encyclopedia,KARPAS299 HAEMATOPOIETIC AND LYMPHOID TISSUE,2/309,0.2830074777823497,0.5693707754593518,0,0,1.9371236797946896,2.445196272250047,FLG2;MYBPC2,Cancer Cell Line Encyclopedia
Cancer_Cell_Line_Encyclopedia,OSRC2 KIDNEY,1/98,0.2843617259878341,0.5698429863299511,0,0,3.0520080012309587,3.837924990994313,SLN,Cancer Cell Line Encyclopedia
Cancer_Cell_Line_Encyclopedia,NOMO1 HAEMATOPOIETIC AND LYMPHOID TISSUE,2/337,0.3182264715222015,0.5705187846603039,0,0,1.7726820443238354,2.029706715118903,DES;SCGB3A1,Cancer Cell Line Encyclopedia
Cancer_Cell_Line_Encyclopedia,NCIH810 LUNG,2/315,0.2905736417994355,0.5705187846603039,0,0,1.8994094297608677,2.3474767611109204,CKM;NEFM,Cancer Cell Line Encyclopedia
Cancer_Cell_Line_Encyclopedia,NCIH82 LUNG,2/317,0.2930940330963031,0.5705187846603039,0,0,1.8871572871572873,2.3160360290846818,NEFM;MYH7,Cancer Cell Line Encyclopedia
Cancer_Cell_Line_Encyclopedia,SNU407 LARGE INTESTINE,1/103,0.2965054168211053,0.5705187846603039,0,0,2.9016681299385425,3.52752832388744,RPTN,Cancer Cell Line Encyclopedia
Cancer_Cell_Line_Encyclopedia,BXPC3 PANCREAS,1/103,0.2965054168211053,0.5705187846603039,0,0,2.9016681299385425,3.52752832388744,SPRR3,Cancer Cell Line Encyclopedia
Cancer_Cell_Line_Encyclopedia,HS746T STOMACH,1/103,0.2965054168211053,0.5705187846603039,0,0,2.9016681299385425,3.52752832388744,FADD,Cancer Cell Line Encyclopedia
Cancer_Cell_Line_Encyclopedia,NCIH1355 LUNG,1/104,0.2989096765967897,0.5705187846603039,0,0,2.873351688161136,3.4698992548600436,STATH,Cancer Cell Line Encyclopedia
Cancer_Cell_Line_Encyclopedia,NCIH2087 LUNG,1/104,0.2989096765967897,0.5705187846603039,0,0,2.873351688161136,3.4698992548600436,MYBPH,Cancer Cell Line Encyclopedia
Cancer_Cell_Line_Encyclopedia,FTC133 THYROID,1/102,0.2940930337053904,0.5705187846603039,0,0,2.9305452933353036,3.5865745853618005,CSRP3,Cancer Cell Line Encyclopedia
Cancer_Cell_Line_Encyclopedia,NCIH2122 LUNG,1/106,0.3036939339663183,0.5705187846603039,0,0,2.8183368869936034,3.3587103743546707,SPRR3,Cancer Cell Line Encyclopedia
Cancer_Cell_Line_Encyclopedia,CCFSTTG1 CENTRAL NERVOUS SYSTEM,1/107,0.3060739851180765,0.5705187846603039,0,0,2.7916079977471133,3.305064059494782,ACTA1,Cancer Cell Line Encyclopedia
Cancer_Cell_Line_Encyclopedia,CAL27 UPPER AERODIGESTIVE TRACT,1/107,0.3060739851180765,0.5705187846603039,0,0,2.7916079977471133,3.305064059494782,LTF,Cancer Cell Line Encyclopedia
Cancer_Cell_Line_Encyclopedia,CAL851 BREAST,1/107,0.3060739851180765,0.5705187846603039,0,0,2.7916079977471133,3.305064059494782,UPK1B,Cancer Cell Line Encyclopedia
Cancer_Cell_Line_Encyclopedia,NCIH1651 LUNG,1/107,0.3060739851180765,0.5705187846603039,0,0,2.7916079977471133,3.305064059494782,TNNC1,Cancer Cell Line Encyclopedia
Cancer_Cell_Line_Encyclopedia,HEC251 ENDOMETRIUM,1/108,0.30844602025895,0.5705187846603039,0,0,2.7653787139071,3.2526617438144703,SLC34A2,Cancer Cell Line Encyclopedia
Cancer_Cell_Line_Encyclopedia,SKMEL30 SKIN,1/105,0.3013058400434301,0.5705187846603039,0,0,2.845579793340987,3.4136413230271643,PPFIA1,Cancer Cell Line Encyclopedia
Cancer_Cell_Line_Encyclopedia,HS281T BREAST,1/109,0.3108100659045125,0.5705187846603039,0,0,2.7396351575456053,3.20146442543485,NEFM,Cancer Cell Line Encyclopedia
Cancer_Cell_Line_Encyclopedia,8MGBA CENTRAL NERVOUS SYSTEM,1/109,0.3108100659045125,0.5705187846603039,0,0,2.7396351575456053,3.20146442543485,CSRP3,Cancer Cell Line Encyclopedia
Cancer_Cell_Line_Encyclopedia,CAL51 BREAST,1/109,0.3108100659045125,0.5705187846603039,0,0,2.7396351575456053,3.20146442543485,TNNC1,Cancer Cell Line Encyclopedia
Cancer_Cell_Line_Encyclopedia,ML1 THYROID,1/110,0.3131661486220948,0.5705187846603039,0,0,2.714363960016432,3.151434653142769,STATH,Cancer Cell Line Encyclopedia
Cancer_Cell_Line_Encyclopedia,SUDHL1 HAEMATOPOIETIC AND LYMPHOID TISSUE,2/332,0.3119581041534637,0.5705187846603039,0,0,1.8,2.096795487147555,UPK1B;MYBPC2,Cancer Cell Line Encyclopedia
Cancer_Cell_Line_Encyclopedia,JL1 PLEURA,1/102,0.2940930337053904,0.5705187846603039,0,0,2.9305452933353036,3.5865745853618005,CSRP3,Cancer Cell Line Encyclopedia
Cancer_Cell_Line_Encyclopedia,CGTHW1 THYROID,1/112,0.3178545308175756,0.5705187846603039,0,0,2.6651875756353367,3.0547352592063763,NEFM,Cancer Cell Line Encyclopedia
Cancer_Cell_Line_Encyclopedia,NCIH1048 LUNG,1/113,0.3201868828356762,0.5705187846603039,0,0,2.6412579957356077,3.007997843258375,SPINK6,Cancer Cell Line Encyclopedia
Cancer_Cell_Line_Encyclopedia,HCC70 BREAST,1/113,0.3201868828356762,0.5705187846603039,0,0,2.6412579957356077,3.007997843258375,HORMAD1,Cancer Cell Line Encyclopedia
Cancer_Cell_Line_Encyclopedia,NCIH2171 LUNG,2/340,0.3219817138694142,0.5705187846603039,0,0,1.7566792182176798,1.990775211821629,SLN;MYH8,Cancer Cell Line Encyclopedia
Cancer_Cell_Line_Encyclopedia,SNGM ENDOMETRIUM,1/114,0.322511377110375,0.5705187846603039,0,0,2.6177519482234843,2.962292254323321,SLC34A2,Cancer Cell Line Encyclopedia
Cancer_Cell_Line_Encyclopedia,NCIH2085 LUNG,1/114,0.322511377110375,0.5705187846603039,0,0,2.6177519482234843,2.962292254323321,ACTA1,Cancer Cell Line Encyclopedia
Cancer_Cell_Line_Encyclopedia,MG63 BONE,1/114,0.322511377110375,0.5705187846603039,0,0,2.6177519482234843,2.962292254323321,MYH2,Cancer Cell Line Encyclopedia
Cancer_Cell_Line_Encyclopedia,CALU3 LUNG,1/99,0.2868068736128543,0.5705187846603039,0,0,3.020712762717027,3.772707738284747,PIGR,Cancer Cell Line Encyclopedia
Cancer_Cell_Line_Encyclopedia,SW780 URINARY TRACT,1/115,0.3248280397013026,0.5705187846603039,0,0,2.5946582875098194,2.9175877592275032,UPK1B,Cancer Cell Line Encyclopedia
Cancer_Cell_Line_Encyclopedia,KATOIII STOMACH,1/116,0.3271368965727831,0.5705187846603039,0,0,2.571966255678131,2.873854785957021,ANO1,Cancer Cell Line Encyclopedia
Cancer_Cell_Line_Encyclopedia,MOGGCCM CENTRAL NERVOUS SYSTEM,1/112,0.3178545308175756,0.5705187846603039,0,0,2.6651875756353367,3.0547352592063763,ACTC1,Cancer Cell Line Encyclopedia
Cancer_Cell_Line_Encyclopedia,MOLM16 HAEMATOPOIETIC AND LYMPHOID TISSUE,2/342,0.32448261743882,0.5705187846603039,0,0,1.7461675579322635,1.9653522922159576,CKM;XIRP2,Cancer Cell Line Encyclopedia
Cancer_Cell_Line_Encyclopedia,JHH4 LIVER,1/117,0.3294379736603339,0.5705187846603039,0,0,2.549665465774575,2.8310648699590057,SLN,Cancer Cell Line Encyclopedia
Cancer_Cell_Line_Encyclopedia,SJSA1 BONE,1/117,0.3294379736603339,0.5705187846603039,0,0,2.549665465774575,2.8310648699590057,ACTC1,Cancer Cell Line Encyclopedia
Cancer_Cell_Line_Encyclopedia,MELJUSO SKIN,1/118,0.3317312967688441,0.5705187846603039,0,0,2.5277458859548414,2.7891906046327266,LTF,Cancer Cell Line Encyclopedia
Cancer_Cell_Line_Encyclopedia,IALM LUNG,1/118,0.3317312967688441,0.5705187846603039,0,0,2.5277458859548414,2.7891906046327266,MYBPH,Cancer Cell Line Encyclopedia
Cancer_Cell_Line_Encyclopedia,HS606T BREAST,1/118,0.3317312967688441,0.5705187846603039,0,0,2.5277458859548414,2.7891906046327266,MYH2,Cancer Cell Line Encyclopedia
Cancer_Cell_Line_Encyclopedia,VMCUB1 URINARY TRACT,1/119,0.3340168916085865,0.5705187846603039,0,0,2.506197824437137,2.748205593395661,ANO1,Cancer Cell Line Encyclopedia
Cancer_Cell_Line_Encyclopedia,NCIH3255 LUNG,1/119,0.3340168916085865,0.5705187846603039,0,0,2.506197824437137,2.748205593395661,SLC34A2,Cancer Cell Line Encyclopedia
Cancer_Cell_Line_Encyclopedia,EFE184 ENDOMETRIUM,1/116,0.3271368965727831,0.5705187846603039,0,0,2.571966255678131,2.873854785957021,SLC34A2,Cancer Cell Line Encyclopedia
Cancer_Cell_Line_Encyclopedia,HCC2935 LUNG,1/119,0.3340168916085865,0.5705187846603039,0,0,2.506197824437137,2.748205593395661,SPRR3,Cancer Cell Line Encyclopedia
Cancer_Cell_Line_Encyclopedia,CAL54 KIDNEY,1/117,0.3294379736603339,0.5705187846603039,0,0,2.549665465774575,2.8310648699590057,SLC34A2,Cancer Cell Line Encyclopedia
Cancer_Cell_Line_Encyclopedia,MV411 HAEMATOPOIETIC AND LYMPHOID TISSUE,2/352,0.3369528479327102,0.5716966653258316,0,0,1.6954112554112557,1.8442891757126825,MYBPH;HORMAD1,Cancer Cell Line Encyclopedia
Cancer_Cell_Line_Encyclopedia,TCCPAN2 PANCREAS,1/120,0.3362947839548036,0.5716966653258316,0,0,2.4850119152138466,2.708084403381932,UPK1B,Cancer Cell Line Encyclopedia
Cancer_Cell_Line_Encyclopedia,PSN1 PANCREAS,1/121,0.3385649992163224,0.5725235368807579,0,0,2.464179104477612,2.668802525914945,NTS,Cancer Cell Line Encyclopedia
GO_Biological_Process_2023,Protein Polyubiquitination (GO:0000209),1/226,0.5388710705037831,0.5725505124102696,0,0,1.3072636815920398,0.8082536007119555,PRAME,GO Biological Process
GO_Biological_Process_2023,Regulation Of Transcription By RNA Polymerase II (GO:0006357),7/2028,0.5420470242693408,0.5734531823278648,0,0,1.017001808875658,0.6228144712726946,MYOG;CSRP3;MYH2;CCND1;ANKRD1;MYF6;FADD,GO Biological Process
GO_Biological_Process_2023,Apoptotic Process (GO:0006915),1/228,0.5420372037279935,0.5734531823278648,0,0,1.2956144388191202,0.7934610216559015,FADD,GO Biological Process
Reactome_2022,Peptide Ligand-Binding Receptors R-HSA-375276,1/196,0.4887084733469387,0.5736014945386605,0,0,1.5106773823191733,1.0816285942117876,NTS,Reactome Pathways
Cancer_Cell_Line_Encyclopedia,KYSE270 OESOPHAGUS,1/122,0.3408275630320894,0.574441157560707,0,0,2.443690637720489,2.6303363315472215,SPINK6,Cancer Cell Line Encyclopedia
GO_Biological_Process_2023,Negative Regulation Of Intracellular Signal Transduction (GO:1902532),1/231,0.5467462832711829,0.5771861191706492,0,0,1.2785204412719011,0.7719328203613504,SHANK2,GO Biological Process
Cancer_Cell_Line_Encyclopedia,NCIH1385 LUNG,3/610,0.3436548008264178,0.5772946984179758,0,0,1.4693955138765682,1.5694872264948612,ACTA1;ACTN2;NEFM,Cancer Cell Line Encyclopedia
Cancer_Cell_Line_Encyclopedia,JHUEM2 ENDOMETRIUM,1/124,0.3453298375705027,0.5782002872479799,0,0,2.403713141609028,2.5557606599694376,ANKRD1,Cancer Cell Line Encyclopedia
Cancer_Cell_Line_Encyclopedia,COV362 OVARY,1/134,0.3673906750930223,0.5789531071899331,0,0,2.2218606217035126,2.2248145572404026,ACTC1,Cancer Cell Line Encyclopedia
Cancer_Cell_Line_Encyclopedia,BHT101 THYROID,1/127,0.3520264954917118,0.5789531071899331,0,0,2.3461265103056146,2.4494706496911953,XIRP2,Cancer Cell Line Encyclopedia
Cancer_Cell_Line_Encyclopedia,NUDHL1 HAEMATOPOIETIC AND LYMPHOID TISSUE,2/367,0.3555340382472738,0.5789531071899331,0,0,1.6244914902449148,1.6799423486630167,PIGR;MYBPC2,Cancer Cell Line Encyclopedia
Cancer_Cell_Line_Encyclopedia,OAW42 OVARY,1/129,0.3564533906915221,0.5789531071899331,0,0,2.3092350746268657,2.3820955726224886,UPK1B,Cancer Cell Line Encyclopedia
Cancer_Cell_Line_Encyclopedia,TUHR14TKB KIDNEY,1/129,0.3564533906915221,0.5789531071899331,0,0,2.3092350746268657,2.3820955726224886,SLC34A2,Cancer Cell Line Encyclopedia
Cancer_Cell_Line_Encyclopedia,SW480 LARGE INTESTINE,1/130,0.3586556499988897,0.5789531071899331,0,0,2.291218326969802,2.349398186898102,FGF3,Cancer Cell Line Encyclopedia
Cancer_Cell_Line_Encyclopedia,HS578T BREAST,1/125,0.3475695989391967,0.5789531071899331,0,0,2.3842079922965818,2.5196079970174883,LTF,Cancer Cell Line Encyclopedia
Cancer_Cell_Line_Encyclopedia,NCIH1869 LUNG,1/130,0.3586556499988897,0.5789531071899331,0,0,2.291218326969802,2.349398186898102,SPRR3,Cancer Cell Line Encyclopedia
Cancer_Cell_Line_Encyclopedia,RT4 URINARY TRACT,1/131,0.3608504834564241,0.5789531071899331,0,0,2.2734787600459243,2.3173377567270332,UPK1B,Cancer Cell Line Encyclopedia
Cancer_Cell_Line_Encyclopedia,SNU1 STOMACH,1/132,0.3630379157889702,0.5789531071899331,0,0,2.2560100262048537,2.2858976446917425,XIRP2,Cancer Cell Line Encyclopedia
Cancer_Cell_Line_Encyclopedia,NCIH196 LUNG,1/133,0.3652179715143838,0.5789531071899331,0,0,2.2388059701492535,2.255061764352553,ACTC1,Cancer Cell Line Encyclopedia
Cancer_Cell_Line_Encyclopedia,HS870T BONE,1/133,0.3652179715143838,0.5789531071899331,0,0,2.2388059701492535,2.255061764352553,NEFM,Cancer Cell Line Encyclopedia
Cancer_Cell_Line_Encyclopedia,GOS3 CENTRAL NERVOUS SYSTEM,1/133,0.3652179715143838,0.5789531071899331,0,0,2.2388059701492535,2.255061764352553,MYL2,Cancer Cell Line Encyclopedia
Cancer_Cell_Line_Encyclopedia,CADOES1 BONE,2/376,0.3665996952353273,0.5789531071899331,0,0,1.5846702317290553,1.590192450784348,ACTN2;NEFM,Cancer Cell Line Encyclopedia
Cancer_Cell_Line_Encyclopedia,NCIH2110 LUNG,1/134,0.3673906750930223,0.5789531071899331,0,0,2.2218606217035126,2.2248145572404026,HORMAD1,Cancer Cell Line Encyclopedia
Cancer_Cell_Line_Encyclopedia,HCC95 LUNG,1/127,0.3520264954917118,0.5789531071899331,0,0,2.3461265103056146,2.4494706496911953,ADH7,Cancer Cell Line Encyclopedia
Cancer_Cell_Line_Encyclopedia,HMC18 BREAST,1/126,0.3498018098550549,0.5789531071899331,0,0,2.3650149253731345,2.4841845803115867,NTS,Cancer Cell Line Encyclopedia
Cancer_Cell_Line_Encyclopedia,KPL1 BREAST,1/130,0.3586556499988897,0.5789531071899331,0,0,2.291218326969802,2.349398186898102,FGF4,Cancer Cell Line Encyclopedia
Cancer_Cell_Line_Encyclopedia,NCIH524 LUNG,2/361,0.348121098391871,0.5789531071899331,0,0,1.6521482231788638,1.7433548607340494,SLN;NEFM,Cancer Cell Line Encyclopedia
GO_Biological_Process_2023,Positive Regulation Of Developmental Process (GO:0051094),1/233,0.5498591305820598,0.5792319473866571,0,0,1.2673700463201236,0.75800535560903,KRT2,GO Biological Process
Cancer_Cell_Line_Encyclopedia,ECGI10 OESOPHAGUS,1/135,0.3695560510754112,0.5805679938190874,0,0,2.205168188906215,2.1951409709739234,HORMAD1,Cancer Cell Line Encyclopedia
GO_Cellular_Component_2023,Endocytic Vesicle (GO:0030139),1/196,0.4887084733469387,0.5807839828181011,0,0,1.5106773823191733,1.0816285942117876,CTTN,GO Cellular Component
Cancer_Cell_Line_Encyclopedia,NCIH1437 LUNG,1/137,0.3738649173857373,0.5812594519696587,0,0,2.1725197541703247,2.137456871865443,MUC5B,Cancer Cell Line Encyclopedia
Cancer_Cell_Line_Encyclopedia,SW620 LARGE INTESTINE,1/137,0.3738649173857373,0.5812594519696587,0,0,2.1725197541703247,2.137456871865443,FGF3,Cancer Cell Line Encyclopedia
Cancer_Cell_Line_Encyclopedia,CHP212 AUTONOMIC GANGLIA,1/138,0.3760084561225046,0.5812594519696587,0,0,2.156553001416276,2.109418615937474,XIRP2,Cancer Cell Line Encyclopedia
Cancer_Cell_Line_Encyclopedia,AM38 CENTRAL NERVOUS SYSTEM,1/139,0.3781447641128622,0.5812594519696587,0,0,2.1408176508760546,2.081898458904531,LTF,Cancer Cell Line Encyclopedia
Cancer_Cell_Line_Encyclopedia,HS695T SKIN,1/139,0.3781447641128622,0.5812594519696587,0,0,2.1408176508760546,2.081898458904531,BPIFB1,Cancer Cell Line Encyclopedia
Cancer_Cell_Line_Encyclopedia,TUHR10TKB KIDNEY,1/140,0.380273865433981,0.5812594519696587,0,0,2.1253087082572746,2.054883601848658,KRT2,Cancer Cell Line Encyclopedia
Cancer_Cell_Line_Encyclopedia,KNS62 LUNG,1/140,0.380273865433981,0.5812594519696587,0,0,2.1253087082572746,2.054883601848658,C10ORF71,Cancer Cell Line Encyclopedia
Cancer_Cell_Line_Encyclopedia,HLC1 LUNG,1/140,0.380273865433981,0.5812594519696587,0,0,2.1253087082572746,2.054883601848658,NTS,Cancer Cell Line Encyclopedia
Cancer_Cell_Line_Encyclopedia,KE39 STOMACH,1/140,0.380273865433981,0.5812594519696587,0,0,2.1253087082572746,2.054883601848658,BPIFB1,Cancer Cell Line Encyclopedia
Cancer_Cell_Line_Encyclopedia,TEN ENDOMETRIUM,1/141,0.3823957839391759,0.5827528563623968,0,0,2.1100213219616206,2.0283616465858976,PIGR,Cancer Cell Line Encyclopedia
CellMarker_2024,Astrocyte Brain Human,1/204,0.5025880008538223,0.5834056788479638,0,0,1.450555106242188,0.9979594705476132,MYL1,CellMarker
CellMarker_2024,Endothelial Cell Fetal Gonad Human,1/207,0.5076965449516632,0.5834056788479638,0,0,1.429213157513404,0.9688226701679732,CSRP3,CellMarker
CellMarker_2024,Vascular Endothelial Cell Kidney Mouse,1/205,0.5042966256058773,0.5834056788479638,0,0,1.4433713784021072,0.9881185373800784,GSTM1,CellMarker
Cancer_Cell_Line_Encyclopedia,SNU626 CENTRAL NERVOUS SYSTEM,1/142,0.3845105435747704,0.5842264677001735,0,0,2.09495077802477,2.0023205787480167,MYH2,Cancer Cell Line Encyclopedia
Reactome_2022,Signaling By NOTCH R-HSA-157118,1/203,0.5008735735633018,0.5844046521556073,0,0,1.4578099601004877,1.0079320775640024,CCND1,Reactome Pathways
Reactome_2022,Transcriptional Regulation By RUNX1 R-HSA-8878171,1/204,0.5025880008538223,0.5844046521556073,0,0,1.450555106242188,0.9979594705476132,CCND1,Reactome Pathways
Reactome_2022,Signaling By Receptor Tyrosine Kinases R-HSA-9006934,2/496,0.5055667243537045,0.5851466717056766,0,0,1.1923690344742977,0.8132854102493375,FGF3;FGF4,Reactome Pathways
Cancer_Cell_Line_Encyclopedia,PLCPRF5 LIVER,1/143,0.3866181680863014,0.5856804986783554,0,0,2.080092495270128,1.9767487549555067,NTS,Cancer Cell Line Encyclopedia
PanglaoDB_Augmented_2021,Endothelial Cells,1/246,0.5695853802880304,0.5860951014557993,0,0,1.199329881206214,0.6750387289363179,MYF6,PanglaoDB
Reactome_2022,Programmed Cell Death R-HSA-5357801,1/208,0.5093878779754569,0.5868523939809411,0,0,1.4222366428725937,0.9593633464308176,FADD,Reactome Pathways
GO_Cellular_Component_2023,Spindle (GO:0005819),1/210,0.5127533865729584,0.5876436877204937,0,0,1.408483896307934,0.9408112939871084,MYF6,GO Cellular Component
GO_Cellular_Component_2023,Axon (GO:0030424),1/205,0.5042966256058773,0.5876436877204937,0,0,1.4433713784021072,0.9881185373800784,NEFM,GO Cellular Component
GO_Cellular_Component_2023,Endoplasmic Reticulum Membrane (GO:0005789),3/801,0.5159798233643359,0.5876436877204937,0,0,1.1066512434933486,0.7322574233517563,SLN;KLHL41;TRDN,GO Cellular Component
Human_Gene_Atlas,OlfactoryBulb,1/83,0.2466778309689274,0.5882317507720578,0,0,3.6130323989807063,5.0570607239824845,FGF4,Human Gene Atlas
Human_Gene_Atlas,Thalamus,1/79,0.2363028689515041,0.5882317507720578,0,0,3.799081515499426,5.480710580789464,NEFM,Human Gene Atlas
Cancer_Cell_Line_Encyclopedia,HS821T BONE,1/145,0.3908121065738288,0.5885306575327777,0,0,2.050995024875622,1.9269680338127704,RPTN,Cancer Cell Line Encyclopedia
Cancer_Cell_Line_Encyclopedia,AZ521 STOMACH,1/145,0.3908121065738288,0.5885306575327777,0,0,2.050995024875622,1.9269680338127704,NTS,Cancer Cell Line Encyclopedia
Cancer_Cell_Line_Encyclopedia,CL34 LARGE INTESTINE,1/146,0.392898467759846,0.5899271979049014,0,0,2.0367472979927945,1.902737579189131,PIGR,Cancer Cell Line Encyclopedia
Cancer_Cell_Line_Encyclopedia,JHH2 LIVER,1/147,0.394977788225234,0.591304982960718,0,0,2.022694745450828,1.8789332294002392,SLN,Cancer Cell Line Encyclopedia
Reactome_2022,G Alpha (Q) Signaling Events R-HSA-416476,1/212,0.5160961455181692,0.5918533778878087,0,0,1.39499186531796,0.9227343914712242,NTS,Reactome Pathways
GO_Biological_Process_2023,Regulation Of ERK1 And ERK2 Cascade (GO:0070372),1/244,0.5666069771187189,0.5956017904467557,0,0,1.2093237516123088,0.6870039774312657,FGF4,GO Biological Process
Cancer_Cell_Line_Encyclopedia,IPC298 SKIN,1/150,0.4011737390521622,0.5988194521335793,0,0,1.981668837022939,1.8099783985756157,NEFM,Cancer Cell Line Encyclopedia
GO_Cellular_Component_2023,Lytic Vacuole (GO:0000323),1/223,0.5340813908061741,0.5999270417274832,0,0,1.3251311012505045,0.8311315482015565,MYL1,GO Cellular Component
Cancer_Cell_Line_Encyclopedia,HEC108 ENDOMETRIUM,1/154,0.4093378481153738,0.6004408204343668,0,0,1.9294702955809189,1.7234307091234564,ANKRD1,Cancer Cell Line Encyclopedia
Cancer_Cell_Line_Encyclopedia,SNU398 LIVER,1/154,0.4093378481153738,0.6004408204343668,0,0,1.9294702955809189,1.7234307091234564,NTS,Cancer Cell Line Encyclopedia
Cancer_Cell_Line_Encyclopedia,SNU175 LARGE INTESTINE,1/153,0.4073071615044804,0.6004408204343668,0,0,1.9422623723487824,1.744516137295557,MUC5B,Cancer Cell Line Encyclopedia
Cancer_Cell_Line_Encyclopedia,HS863T BONE,1/152,0.405269596460818,0.6004408204343668,0,0,1.955223880597015,1.765963611360334,NEFM,Cancer Cell Line Encyclopedia
Cancer_Cell_Line_Encyclopedia,RMUGS OVARY,1/154,0.4093378481153738,0.6004408204343668,0,0,1.9294702955809189,1.7234307091234564,SPRR3,Cancer Cell Line Encyclopedia
Cancer_Cell_Line_Encyclopedia,SNU16 STOMACH,1/153,0.4073071615044804,0.6004408204343668,0,0,1.9422623723487824,1.744516137295557,MUC5B,Cancer Cell Line Encyclopedia
Cancer_Cell_Line_Encyclopedia,TE4 OESOPHAGUS,1/155,0.4113616791408475,0.6016755594330212,0,0,1.9168443496801704,1.7026992020024727,HORMAD1,Cancer Cell Line Encyclopedia
Cancer_Cell_Line_Encyclopedia,HS616T HAEMATOPOIETIC AND LYMPHOID TISSUE,1/158,0.4173922662687204,0.6052782436774322,0,0,1.8799315524289384,1.6425503635540326,RPTN,Cancer Cell Line Encyclopedia
Cancer_Cell_Line_Encyclopedia,HS839T SKIN,1/158,0.4173922662687204,0.6052782436774322,0,0,1.8799315524289384,1.6425503635540326,ACTC1,Cancer Cell Line Encyclopedia
Cancer_Cell_Line_Encyclopedia,HS940T SKIN,1/158,0.4173922662687204,0.6052782436774322,0,0,1.8799315524289384,1.6425503635540326,ACTC1,Cancer Cell Line Encyclopedia
Cancer_Cell_Line_Encyclopedia,2313287 STOMACH,1/159,0.4193889021802698,0.6064458841186288,0,0,1.867938787077272,1.623157778608152,MUC5B,Cancer Cell Line Encyclopedia
Cancer_Cell_Line_Encyclopedia,OVMANA OVARY,2/423,0.4231229245948085,0.6087323232106718,0,0,1.4043763046138342,1.2078935833351203,SLC34A2;KRT24,Cancer Cell Line Encyclopedia
Cancer_Cell_Line_Encyclopedia,KYSE30 OESOPHAGUS,1/161,0.4233619693842393,0.6087323232106718,0,0,1.8444029850746269,1.5853155409760311,SPRR3,Cancer Cell Line Encyclopedia
Human_Gene_Atlas,TestisLeydigCell,1/107,0.3060739851180765,0.6113089461995359,0,0,2.7916079977471133,3.305064059494782,HORMAD1,Human Gene Atlas
Human_Gene_Atlas,Hypothalamus,1/97,0.2819083189659991,0.6113089461995359,0,0,3.083955223880597,3.9048219816902465,NTS,Human Gene Atlas
Human_Gene_Atlas,Skin,1/111,0.3155142948126637,0.6113089461995359,0,0,2.68955223880597,3.102536453488277,KRT2,Human Gene Atlas
Cancer_Cell_Line_Encyclopedia,KARPAS422 HAEMATOPOIETIC AND LYMPHOID TISSUE,2/430,0.4313322928777259,0.6115546993725974,0,0,1.3809119229679978,1.1611763911900383,MYBPC2;MYBPH,Cancer Cell Line Encyclopedia
Cancer_Cell_Line_Encyclopedia,CA46 HAEMATOPOIETIC AND LYMPHOID TISSUE,2/430,0.4313322928777259,0.6115546993725974,0,0,1.3809119229679978,1.1611763911900383,C10ORF71;MYBPC2,Cancer Cell Line Encyclopedia
Cancer_Cell_Line_Encyclopedia,TO175T HAEMATOPOIETIC AND LYMPHOID TISSUE,1/165,0.431227910938908,0.6115546993725974,0,0,1.7990535129231888,1.5132172515058324,ACTC1,Cancer Cell Line Encyclopedia
Cancer_Cell_Line_Encyclopedia,PCM6 HAEMATOPOIETIC AND LYMPHOID TISSUE,2/427,0.4278212463658948,0.6115546993725974,0,0,1.390873440285205,1.1809208431678802,MYBPC2;XIRP2,Cancer Cell Line Encyclopedia
Cancer_Cell_Line_Encyclopedia,HS600T SKIN,1/164,0.4292713940678356,0.6115546993725974,0,0,1.8101822177456277,1.530809446504339,ACTC1,Cancer Cell Line Encyclopedia
Cancer_Cell_Line_Encyclopedia,SNU738 CENTRAL NERVOUS SYSTEM,1/166,0.4331778189740353,0.612465305160511,0,0,1.7880597014925372,1.495903205296807,CACNA1S,Cancer Cell Line Encyclopedia
GO_Cellular_Component_2023,Vesicle (GO:0031982),1/235,0.5529509116288409,0.6127293885616886,0,0,1.2564102564102564,0.744405548489768,SLC34A2,GO Cellular Component
Cancer_Cell_Line_Encyclopedia,KMS28BM HAEMATOPOIETIC AND LYMPHOID TISSUE,1/167,0.435121140131485,0.6135087543682157,0,0,1.7771983456212912,1.4788614875015953,MYBPC2,Cancer Cell Line Encyclopedia
GO_Cellular_Component_2023,Intracellular Organelle Lumen (GO:0070013),3/856,0.5613842023713377,0.6137800612593292,0,0,1.032320317431689,0.596009882507839,FLG2;MUC5B;LTF,GO Cellular Component
Cancer_Cell_Line_Encyclopedia,TOLEDO HAEMATOPOIETIC AND LYMPHOID TISSUE,1/168,0.4370578963140867,0.6145372078007462,0,0,1.7664670658682635,1.462086431204441,C10ORF71,Cancer Cell Line Encyclopedia
Cancer_Cell_Line_Encyclopedia,AN3CA ENDOMETRIUM,1/169,0.4389881093767912,0.6155508200352252,0,0,1.755863539445629,1.4455725180215797,XIRP2,Cancer Cell Line Encyclopedia
Cancer_Cell_Line_Encyclopedia,SNU182 LIVER,1/170,0.4409118011570616,0.6165497439256713,0,0,1.745385498542789,1.4293143732683624,ANKRD1,Cancer Cell Line Encyclopedia
Cancer_Cell_Line_Encyclopedia,HS751T HAEMATOPOIETIC AND LYMPHOID TISSUE,1/171,0.4428289933097249,0.6175341303963013,0,0,1.7350307287093942,1.413306762075489,NEFM,Cancer Cell Line Encyclopedia
Cancer_Cell_Line_Encyclopedia,OVSAHO OVARY,1/173,0.4466439651725302,0.6190559920332547,0,0,1.7146824019437694,1.3820228709382842,SLC34A2,Cancer Cell Line Encyclopedia
Cancer_Cell_Line_Encyclopedia,HT115 LARGE INTESTINE,1/173,0.4466439651725302,0.6190559920332547,0,0,1.7146824019437694,1.3820228709382842,PIGR,Cancer Cell Line Encyclopedia
Cancer_Cell_Line_Encyclopedia,D341MED CENTRAL NERVOUS SYSTEM,2/444,0.4475689686998776,0.6190559920332547,0,0,1.3362128068010422,1.0742143905081956,NEFM;LMOD2,Cancer Cell Line Encyclopedia
Cancer_Cell_Line_Encyclopedia,BICR6 UPPER AERODIGESTIVE TRACT,1/176,0.452318214473226,0.6222431653158704,0,0,1.6850319829424307,1.3368526995994825,SPINK6,Cancer Cell Line Encyclopedia
Cancer_Cell_Line_Encyclopedia,HS604T HAEMATOPOIETIC AND LYMPHOID TISSUE,1/176,0.452318214473226,0.6222431653158704,0,0,1.6850319829424307,1.3368526995994825,NRAP,Cancer Cell Line Encyclopedia
KEGG_2021_Human,Prion disease,1/273,0.6078735800677356,0.624011816706702,0,0,1.0787971905179985,0.5370126693057643,CACNA1S,KEGG Pathways
CellMarker_2024,Multilymphoid Progenitor Cell Umbilical Cord Blood Human,2/537,0.548506595590509,0.624820556716145,0,0,1.098668932313792,0.6598121913662154,MYH2;XIRP2,CellMarker
Cancer_Cell_Line_Encyclopedia,HUTU80 SMALL INTESTINE,1/178,0.4560691573777154,0.6257121323591837,0,0,1.6658234252466482,1.3078559954556657,ASB5,Cancer Cell Line Encyclopedia
CellMarker_2024,Type II Spiral Ganglion Neuron Brain Mouse,2/543,0.5545735718698876,0.6262856716806491,0,0,1.0861479863328292,0.6403448444931192,ACTN2;MYL1,CellMarker
Cancer_Cell_Line_Encyclopedia,NCIH650 LUNG,1/180,0.4597947860715584,0.6265409286392756,0,0,1.6470441090636203,1.2797121069743127,HORMAD1,Cancer Cell Line Encyclopedia
Cancer_Cell_Line_Encyclopedia,KMS34 HAEMATOPOIETIC AND LYMPHOID TISSUE,1/183,0.4653361329946268,0.6265409286392756,0,0,1.6196490077087091,1.2390238265268263,MYBPC2,Cancer Cell Line Encyclopedia
Cancer_Cell_Line_Encyclopedia,SNU620 STOMACH,1/184,0.467170773204654,0.6265409286392756,0,0,1.610716907266944,1.2258528646487257,BPIFB1,Cancer Cell Line Encyclopedia
Cancer_Cell_Line_Encyclopedia,NCIH1944 LUNG,1/184,0.467170773204654,0.6265409286392756,0,0,1.610716907266944,1.2258528646487257,MUC5B,Cancer Cell Line Encyclopedia
Cancer_Cell_Line_Encyclopedia,NCIH2106 LUNG,2/465,0.4714443529839735,0.6265409286392756,0,0,1.2742326068459977,0.9581645670145073,NEFM;LMOD2,Cancer Cell Line Encyclopedia
Cancer_Cell_Line_Encyclopedia,UACC257 SKIN,1/185,0.4689992102570889,0.6265409286392756,0,0,1.6018818948734588,1.2128715956754317,MYH7,Cancer Cell Line Encyclopedia
Cancer_Cell_Line_Encyclopedia,NCIH661 LUNG,1/185,0.4689992102570889,0.6265409286392756,0,0,1.6018818948734588,1.2128715956754317,SLN,Cancer Cell Line Encyclopedia
Cancer_Cell_Line_Encyclopedia,LC1SQSF LUNG,1/186,0.4708214649161071,0.6265409286392756,0,0,1.5931423961274709,1.2000764289726324,ADH7,Cancer Cell Line Encyclopedia
Cancer_Cell_Line_Encyclopedia,CORL279 LUNG,2/465,0.4714443529839735,0.6265409286392756,0,0,1.2742326068459977,0.9581645670145073,SLN;NTS,Cancer Cell Line Encyclopedia
Cancer_Cell_Line_Encyclopedia,MESSA SOFT TISSUE,1/185,0.4689992102570889,0.6265409286392756,0,0,1.6018818948734588,1.2128715956754317,LTF,Cancer Cell Line Encyclopedia
Cancer_Cell_Line_Encyclopedia,TC71 BONE,1/185,0.4689992102570889,0.6265409286392756,0,0,1.6018818948734588,1.2128715956754317,ACTN2,Cancer Cell Line Encyclopedia
Cancer_Cell_Line_Encyclopedia,ZR751 BREAST,1/186,0.4708214649161071,0.6265409286392756,0,0,1.5931423961274709,1.2000764289726324,BPIFB1,Cancer Cell Line Encyclopedia
Cancer_Cell_Line_Encyclopedia,OVK18 OVARY,1/188,0.4744475090964486,0.6288900576304488,0,0,1.5759438103599648,1.1750304668476752,SLC34A2,Cancer Cell Line Encyclopedia
Cancer_Cell_Line_Encyclopedia,SNU283 LARGE INTESTINE,1/189,0.4762513396174245,0.6296413814682313,0,0,1.5674817402349952,1.162772908212185,PIGR,Cancer Cell Line Encyclopedia
Human_Gene_Atlas,Leukemia chronicMyelogenousK-562,1/124,0.3453298375705027,0.6297191155697403,0,0,2.403713141609028,2.5557606599694376,PRAME,Human Gene Atlas
Cancer_Cell_Line_Encyclopedia,22RV1 PROSTATE,1/191,0.4798407195334769,0.6311083365440303,0,0,1.5508248232521602,1.1387723184967449,MYBPC1,Cancer Cell Line Encyclopedia
Cancer_Cell_Line_Encyclopedia,HCC1569 BREAST,1/191,0.4798407195334769,0.6311083365440303,0,0,1.5508248232521602,1.1387723184967449,MUC5B,Cancer Cell Line Encyclopedia
GO_Cellular_Component_2023,Cilium (GO:0005929),1/257,0.5856096539196994,0.631841995018623,0,0,1.1471548507462686,0.6138446610201492,SHANK2,GO Cellular Component
Cancer_Cell_Line_Encyclopedia,PEER HAEMATOPOIETIC AND LYMPHOID TISSUE,1/193,0.4834058598128148,0.6325284900892616,0,0,1.5345149253731345,1.11543688705595,SCGB3A1,Cancer Cell Line Encyclopedia
Cancer_Cell_Line_Encyclopedia,NCIH660 PROSTATE,1/193,0.4834058598128148,0.6325284900892616,0,0,1.5345149253731345,1.11543688705595,SLC34A2,Cancer Cell Line Encyclopedia
Cancer_Cell_Line_Encyclopedia,BHY UPPER AERODIGESTIVE TRACT,1/195,0.486946921711031,0.6339027702069433,0,0,1.518541314048315,1.0927425606592966,ANO1,Cancer Cell Line Encyclopedia
Cancer_Cell_Line_Encyclopedia,BCPAP THYROID,1/195,0.486946921711031,0.6339027702069433,0,0,1.518541314048315,1.0927425606592966,STATH,Cancer Cell Line Encyclopedia
Cancer_Cell_Line_Encyclopedia,COLO684 ENDOMETRIUM,2/482,0.4903274936767495,0.6352320846388987,0,0,1.228030303030303,0.8751947936254124,MYOG;CKM,Cancer Cell Line Encyclopedia
Cancer_Cell_Line_Encyclopedia,TE617T SOFT TISSUE,1/197,0.4904640653498766,0.6352320846388987,0,0,1.5028936947913494,1.0706663735012465,NTS,Cancer Cell Line Encyclopedia
Cancer_Cell_Line_Encyclopedia,AMO1 HAEMATOPOIETIC AND LYMPHOID TISSUE,1/198,0.4922137176728752,0.6355387874592389,0,0,1.4951890294719297,1.059853187664649,LTF,Cancer Cell Line Encyclopedia
Cancer_Cell_Line_Encyclopedia,TE159T SOFT TISSUE,1/199,0.4939574500364587,0.6355387874592389,0,0,1.4875621890547264,1.0491863871192704,STATH,Cancer Cell Line Encyclopedia
Cancer_Cell_Line_Encyclopedia,OVTOKO OVARY,1/200,0.4956952821636893,0.6355387874592389,0,0,1.4800120003000077,1.0386633811930914,UPK1B,Cancer Cell Line Encyclopedia
Cancer_Cell_Line_Encyclopedia,HS819T BONE,1/200,0.4956952821636893,0.6355387874592389,0,0,1.4800120003000077,1.0386633811930914,ACTC1,Cancer Cell Line Encyclopedia
Cancer_Cell_Line_Encyclopedia,MDAMB453 BREAST,1/201,0.497427233684346,0.636156939561136,0,0,1.472537313432836,1.028281636823786,ACTN2,Cancer Cell Line Encyclopedia
Reactome_2022,Chromatin Modifying Enzymes R-HSA-3247509,1/238,0.5575493912708555,0.6364719078434423,0,0,1.240317400340072,0.7245986164588204,CCND1,Reactome Pathways
GO_Biological_Process_2023,Chemical Synaptic Transmission (GO:0007268),1/273,0.6078735800677356,0.6376205850497737,0,0,1.0787971905179985,0.5370126693057643,CHRND,GO Biological Process
PanglaoDB_Augmented_2021,Neurons,1/289,0.6289579832835994,0.6379430973305079,0,0,1.0180348258706469,0.4720534070080663,NEFM,PanglaoDB
Cancer_Cell_Line_Encyclopedia,BT483 BREAST,1/203,0.5008735735633018,0.6389590199090742,0,0,1.4578099601004877,1.0079320775640024,MUC5B,Cancer Cell Line Encyclopedia
GO_Biological_Process_2023,Plasma Membrane Bounded Cell Projection Assembly (GO:0120031),1/275,0.6105723408252258,0.6390916433690792,0,0,1.070813814140974,0.5282950950476357,ACTN2,GO Biological Process
Cancer_Cell_Line_Encyclopedia,MJ HAEMATOPOIETIC AND LYMPHOID TISSUE,1/204,0.5025880008538223,0.6395432310864888,0,0,1.450555106242188,0.9979594705476132,TMPRSS11B,Cancer Cell Line Encyclopedia
Cancer_Cell_Line_Encyclopedia,A204 SOFT TISSUE,1/205,0.5042966256058773,0.64011716317554,0,0,1.4433713784021072,0.9881185373800784,TRDN,Cancer Cell Line Encyclopedia
Cancer_Cell_Line_Encyclopedia,BT474 BREAST,1/206,0.5059994672404058,0.6406809174760362,0,0,1.4362577357116857,0.978407010099141,BPIFB1,Cancer Cell Line Encyclopedia
GO_Biological_Process_2023,Positive Regulation Of DNA-templated Transcription (GO:0045893),4/1243,0.6170522209769116,0.6445058155542742,0,0,0.94294794188862,0.4552567955627414,MYOG;CSRP3;MYF6;FADD,GO Biological Process
GO_Biological_Process_2023,Monoatomic Cation Transmembrane Transport (GO:0098655),1/281,0.6185592953964946,0.6447140224745704,0,0,1.047547974413646,0.5032024727098091,CACNA1S,GO Biological Process
CellMarker_2024,Hematopoietic Stem Cell Bone Marrow Mouse,2/565,0.5763355873420659,0.6452988200154756,0,0,1.0425211260024758,0.5744970826011472,GSTM1;CTTN,CellMarker
Cancer_Cell_Line_Encyclopedia,HCC2157 BREAST,1/209,0.511073485461755,0.6454997620348221,0,0,1.4153272101033294,0.9500269142406652,MUC5B,Cancer Cell Line Encyclopedia
Reactome_2022,SLC-mediated Transmembrane Transport R-HSA-425407,1/247,0.5710670098642369,0.6460034048237974,0,0,1.1943938842373498,0.669157645933988,SLC34A2,Reactome Pathways
Reactome_2022,Leishmania Infection R-HSA-9658195,1/247,0.5710670098642369,0.6460034048237974,0,0,1.1943938842373498,0.669157645933988,MYH2,Reactome Pathways
Cancer_Cell_Line_Encyclopedia,OV90 OVARY,1/210,0.5127533865729584,0.6460184994198908,0,0,1.408483896307934,0.9408112939871084,NTS,Cancer Cell Line Encyclopedia
GO_Biological_Process_2023,Inorganic Cation Transmembrane Transport (GO:0098662),1/284,0.6224920269318187,0.6474442389818283,0,0,1.036285006065081,0.4912244392319402,CACNA1S,GO Biological Process
PanglaoDB_Augmented_2021,Interneurons,1/305,0.6489244698022074,0.6489244698022074,0,0,0.963668499607227,0.4167277925764497,NEFM,PanglaoDB
GO_Cellular_Component_2023,Secretory Granule Membrane (GO:0030667),1/279,0.6159150766340925,0.6544146949796044,0,0,1.0551916675614732,0.5113946188282538,PIGR,GO Cellular Component
GO_Cellular_Component_2023,Endoplasmic Reticulum Lumen (GO:0005788),1/284,0.6224920269318187,0.6544146949796044,0,0,1.036285006065081,0.4912244392319402,TRDN,GO Cellular Component
Reactome_2022,"Platelet Activation, Signaling And Aggregation R-HSA-76002",1/254,0.5812986384460783,0.6546155838356739,0,0,1.1609344581440624,0.6297960847826946,ACTN2,Reactome Pathways
Cancer_Cell_Line_Encyclopedia,A4FUK HAEMATOPOIETIC AND LYMPHOID TISSUE,1/216,0.5227140196657857,0.6569418173083579,0,0,1.36876084692815,0.8879435932935233,MYBPC2,Cancer Cell Line Encyclopedia
Cancer_Cell_Line_Encyclopedia,BICR56 UPPER AERODIGESTIVE TRACT,1/221,0.5308610731885759,0.6639024232260077,0,0,1.337313432835821,0.8468603167897024,LCE3D,Cancer Cell Line Encyclopedia
Cancer_Cell_Line_Encyclopedia,EVSAT BREAST,1/221,0.5308610731885759,0.6639024232260077,0,0,1.337313432835821,0.8468603167897024,KRT2,Cancer Cell Line Encyclopedia
Cancer_Cell_Line_Encyclopedia,ALEXANDERCELLS LIVER,1/222,0.5324739639496833,0.6642873716921294,0,0,1.3311947052069968,0.8389472264988956,NTS,Cancer Cell Line Encyclopedia
GO_Biological_Process_2023,Regulation Of Cell Cycle (GO:0051726),1/298,0.6403228721433722,0.6645877388772263,0,0,0.9867330016583749,0.4398685432151775,MYOG,GO Biological Process
Cancer_Cell_Line_Encyclopedia,KU812 HAEMATOPOIETIC AND LYMPHOID TISSUE,1/223,0.5340813908061741,0.664663637947048,0,0,1.3251311012505045,0.8311315482015565,TRDN,Cancer Cell Line Encyclopedia
KEGG_2021_Human,MicroRNAs in cancer,1/310,0.654944057271454,0.6664343038902515,0,0,0.9478336472974932,0.4011283706705182,CCND1,KEGG Pathways
Cancer_Cell_Line_Encyclopedia,ALLSIL HAEMATOPOIETIC AND LYMPHOID TISSUE,1/228,0.5420372037279935,0.6680313237228781,0,0,1.2956144388191202,0.7934610216559015,SCGB3A1,Cancer Cell Line Encyclopedia
Cancer_Cell_Line_Encyclopedia,ZR7530 BREAST,1/228,0.5420372037279935,0.6680313237228781,0,0,1.2956144388191202,0.7934610216559015,BPIFB1,Cancer Cell Line Encyclopedia
Cancer_Cell_Line_Encyclopedia,KG1 HAEMATOPOIETIC AND LYMPHOID TISSUE,1/228,0.5420372037279935,0.6680313237228781,0,0,1.2956144388191202,0.7934610216559015,XIRP2,Cancer Cell Line Encyclopedia
Cancer_Cell_Line_Encyclopedia,KARPAS620 HAEMATOPOIETIC AND LYMPHOID TISSUE,1/228,0.5420372037279935,0.6680313237228781,0,0,1.2956144388191202,0.7934610216559015,MYBPC1,Cancer Cell Line Encyclopedia
Cancer_Cell_Line_Encyclopedia,RPMI8402 HAEMATOPOIETIC AND LYMPHOID TISSUE,1/231,0.5467462832711829,0.6705876100844148,0,0,1.2785204412719011,0.7719328203613504,KRT2,Cancer Cell Line Encyclopedia
Cancer_Cell_Line_Encyclopedia,NCO2 HAEMATOPOIETIC AND LYMPHOID TISSUE,1/231,0.5467462832711829,0.6705876100844148,0,0,1.2785204412719011,0.7719328203613504,TRDN,Cancer Cell Line Encyclopedia
Cancer_Cell_Line_Encyclopedia,COLO205 LARGE INTESTINE,1/232,0.5483053489931469,0.6708832274940186,0,0,1.2729211087420045,0.7649274963567443,FGF3,Cancer Cell Line Encyclopedia
Cancer_Cell_Line_Encyclopedia,A3KAW HAEMATOPOIETIC AND LYMPHOID TISSUE,1/234,0.5514076456144852,0.6717231838164202,0,0,1.2618666325027224,0.7511651231829091,HORMAD1,Cancer Cell Line Encyclopedia
Cancer_Cell_Line_Encyclopedia,HUT78 HAEMATOPOIETIC AND LYMPHOID TISSUE,1/235,0.5529509116288409,0.6717231838164202,0,0,1.2564102564102564,0.744405548489768,KRT2,Cancer Cell Line Encyclopedia
Cancer_Cell_Line_Encyclopedia,ASPC1 PANCREAS,1/235,0.5529509116288409,0.6717231838164202,0,0,1.2564102564102564,0.744405548489768,ANO1,Cancer Cell Line Encyclopedia
Cancer_Cell_Line_Encyclopedia,M07E HAEMATOPOIETIC AND LYMPHOID TISSUE,1/237,0.5560217671067543,0.673845427279376,0,0,1.245636225651404,0.7311234871208083,CKM,Cancer Cell Line Encyclopedia
Reactome_2022,RHO GTPase Effectors R-HSA-195258,1/269,0.6024206573588504,0.6753594813440027,0,0,1.0951214078859437,0.5550067753284315,CTTN,Reactome Pathways
GO_Biological_Process_2023,Cellular Response To Cytokine Stimulus (GO:0071345),1/308,0.6525485246376201,0.6758538290889637,0,0,0.9541056930332054,0.4072788827876846,ANKRD1,GO Biological Process
GO_Biological_Process_2023,Positive Regulation Of MAPK Cascade (GO:0043410),1/310,0.654944057271454,0.6769128306809786,0,0,0.9478336472974932,0.4011283706705182,FGF4,GO Biological Process
GO_Biological_Process_2023,Protein Transport (GO:0015031),1/313,0.6585068746675153,0.6791713163411822,0,0,0.9385763490241102,0.3921187255281936,CTTN,GO Biological Process
CellMarker_2024,Paneth Cell Intestinal Crypt Mouse,1/276,0.6119148500477494,0.6793291979343657,0,0,1.066865671641791,0.5240040264387843,GSTM1,CellMarker
Cancer_Cell_Line_Encyclopedia,KURAMOCHI OVARY,1/241,0.5621012579155741,0.6795951075511335,0,0,1.2246268656716417,0.7054748043732251,SLC34A2,Cancer Cell Line Encyclopedia
Cancer_Cell_Line_Encyclopedia,CORL24 LUNG,2/569,0.580210173992964,0.6807404598943407,0,0,1.0349527016193685,0.5633918950756157,SLN;LMOD2,Cancer Cell Line Encyclopedia
Cancer_Cell_Line_Encyclopedia,MDAPCA2B PROSTATE,1/259,0.5884593366473673,0.6807404598943407,0,0,1.138146476917737,0.6034992685633519,MYBPC1,Cancer Cell Line Encyclopedia
Cancer_Cell_Line_Encyclopedia,HS936T SKIN,1/259,0.5884593366473673,0.6807404598943407,0,0,1.138146476917737,0.6034992685633519,LTF,Cancer Cell Line Encyclopedia
Cancer_Cell_Line_Encyclopedia,KE37 HAEMATOPOIETIC AND LYMPHOID TISSUE,1/257,0.5856096539196994,0.6807404598943407,0,0,1.1471548507462686,0.6138446610201492,KRT2,Cancer Cell Line Encyclopedia
Cancer_Cell_Line_Encyclopedia,LNCAPCLONEFGC PROSTATE,1/257,0.5856096539196994,0.6807404598943407,0,0,1.1471548507462686,0.6138446610201492,MYBPC1,Cancer Cell Line Encyclopedia
Cancer_Cell_Line_Encyclopedia,HT HAEMATOPOIETIC AND LYMPHOID TISSUE,1/255,0.5827405309128342,0.6807404598943407,0,0,1.1563050887295805,0.6244200691507878,MYL2,Cancer Cell Line Encyclopedia
Cancer_Cell_Line_Encyclopedia,MHHES1 BONE,1/255,0.5827405309128342,0.6807404598943407,0,0,1.1563050887295805,0.6244200691507878,ACTN2,Cancer Cell Line Encyclopedia
Cancer_Cell_Line_Encyclopedia,L540 HAEMATOPOIETIC AND LYMPHOID TISSUE,1/259,0.5884593366473673,0.6807404598943407,0,0,1.138146476917737,0.6034992685633519,SPINK6,Cancer Cell Line Encyclopedia
Cancer_Cell_Line_Encyclopedia,UACC893 BREAST,1/253,0.5798518368554607,0.6807404598943407,0,0,1.1656005685856432,0.6352321004319345,BPIFB1,Cancer Cell Line Encyclopedia
Cancer_Cell_Line_Encyclopedia,COLO699 LUNG,1/244,0.5666069771187189,0.6807404598943407,0,0,1.2093237516123088,0.6870039774312657,NTS,Cancer Cell Line Encyclopedia
Cancer_Cell_Line_Encyclopedia,KASUMI2 HAEMATOPOIETIC AND LYMPHOID TISSUE,1/250,0.5754818124861375,0.6807404598943407,0,0,1.1798237727027514,0.6519088580914798,MYBPH,Cancer Cell Line Encyclopedia
Cancer_Cell_Line_Encyclopedia,HCC2218 BREAST,1/245,0.5680987083321896,0.6807404598943407,0,0,1.2043063371666258,0.6809871735163663,MUC5B,Cancer Cell Line Encyclopedia
Cancer_Cell_Line_Encyclopedia,YMB1 BREAST,1/250,0.5754818124861375,0.6807404598943407,0,0,1.1798237727027514,0.6519088580914798,LTF,Cancer Cell Line Encyclopedia
Cancer_Cell_Line_Encyclopedia,SKES1 BONE,1/250,0.5754818124861375,0.6807404598943407,0,0,1.1798237727027514,0.6519088580914798,ACTN2,Cancer Cell Line Encyclopedia
Cancer_Cell_Line_Encyclopedia,COLO792 SKIN,1/248,0.5725436138609863,0.6807404598943407,0,0,1.1894978548552784,0.6633429449386279,CACNA1S,Cancer Cell Line Encyclopedia
Cancer_Cell_Line_Encyclopedia,U937 HAEMATOPOIETIC AND LYMPHOID TISSUE,1/248,0.5725436138609863,0.6807404598943407,0,0,1.1894978548552784,0.6633429449386279,KRT2,Cancer Cell Line Encyclopedia
Cancer_Cell_Line_Encyclopedia,MEG01 HAEMATOPOIETIC AND LYMPHOID TISSUE,1/248,0.5725436138609863,0.6807404598943407,0,0,1.1894978548552784,0.6633429449386279,TRDN,Cancer Cell Line Encyclopedia
Cancer_Cell_Line_Encyclopedia,KMS18 HAEMATOPOIETIC AND LYMPHOID TISSUE,1/247,0.5710670098642369,0.6807404598943407,0,0,1.1943938842373498,0.669157645933988,MYL1,Cancer Cell Line Encyclopedia
Cancer_Cell_Line_Encyclopedia,SKMM2 HAEMATOPOIETIC AND LYMPHOID TISSUE,1/252,0.5784001097117079,0.6807404598943407,0,0,1.1703038591901052,0.6407289792850654,MYBPC2,Cancer Cell Line Encyclopedia
Cancer_Cell_Line_Encyclopedia,CMK115 HAEMATOPOIETIC AND LYMPHOID TISSUE,1/260,0.5898769284324744,0.6808330081000669,0,0,1.133694462052671,0.5984108263554192,CKM,Cancer Cell Line Encyclopedia
GO_Biological_Process_2023,Proteasome-Mediated Ubiquitin-Dependent Protein Catabolic Process (GO:0043161),1/319,0.665524116866817,0.6847356730907268,0,0,0.9205857504928188,0.3748444769605212,PRAME,GO Biological Process
GO_Biological_Process_2023,Positive Regulation Of Cytokine Production (GO:0001819),1/320,0.6666797628469551,0.6847356730907268,0,0,0.9176531137416366,0.3720582925201743,FADD,GO Biological Process
Cancer_Cell_Line_Encyclopedia,SKNMC BONE,1/264,0.5954993414779784,0.6857673412042783,0,0,1.1162249588559106,0.5786007841027518,ACTN2,Cancer Cell Line Encyclopedia
Cancer_Cell_Line_Encyclopedia,NH6 AUTONOMIC GANGLIA,1/265,0.5968930362685984,0.6858206669542135,0,0,1.111940298507463,0.5737804866070992,NEFM,Cancer Cell Line Encyclopedia
Cancer_Cell_Line_Encyclopedia,QGP1 PANCREAS,1/267,0.5996662468085313,0.6874552243818524,0,0,1.103467624284592,0.5642935179970313,NTS,Cancer Cell Line Encyclopedia
GO_Biological_Process_2023,Intracellular Protein Transport (GO:0006886),1/325,0.6723992405699107,0.6891742735986819,0,0,0.9032614704256496,0.3585071936110912,CTTN,GO Biological Process
Cancer_Cell_Line_Encyclopedia,VCAP PROSTATE,1/273,0.6078735800677356,0.6921871415088982,0,0,1.0787971905179985,0.5370126693057643,MYBPC1,Cancer Cell Line Encyclopedia
Cancer_Cell_Line_Encyclopedia,OE19 OESOPHAGUS,1/272,0.6065172977739856,0.6921871415088982,0,0,1.0828330671366415,0.5414403887653396,MUC5B,Cancer Cell Line Encyclopedia
Cancer_Cell_Line_Encyclopedia,KELLY AUTONOMIC GANGLIA,1/273,0.6078735800677356,0.6921871415088982,0,0,1.0787971905179985,0.5370126693057643,NEFM,Cancer Cell Line Encyclopedia
Cancer_Cell_Line_Encyclopedia,DMS153 LUNG,1/277,0.613252798938997,0.6936570547998877,0,0,1.062946138870863,0.5197573108374416,CKM,Cancer Cell Line Encyclopedia
Cancer_Cell_Line_Encyclopedia,MOLP8 HAEMATOPOIETIC AND LYMPHOID TISSUE,1/275,0.6105723408252258,0.6936570547998877,0,0,1.070813814140974,0.5282950950476357,MYBPC2,Cancer Cell Line Encyclopedia
Cancer_Cell_Line_Encyclopedia,MHHCALL3 HAEMATOPOIETIC AND LYMPHOID TISSUE,1/276,0.6119148500477494,0.6936570547998877,0,0,1.066865671641791,0.5240040264387843,MYBPH,Cancer Cell Line Encyclopedia
GO_Biological_Process_2023,Negative Regulation Of Gene Expression (GO:0010629),1/336,0.6846438945143245,0.6988187163469192,0,0,0.8731120516818891,0.3307841218033964,NTS,GO Biological Process
GO_Biological_Process_2023,Negative Regulation Of DNA-templated Transcription (GO:0045892),3/1025,0.6841000577699744,0.6988187163469192,0,0,0.8539816348035526,0.3242150574414786,MYH2;CCND1;PRAME,GO Biological Process
Cancer_Cell_Line_Encyclopedia,ECC10 STOMACH,1/286,0.6250916247146022,0.7008185836557985,0,0,1.0289080911233308,0.4834397105872164,CKM,Cancer Cell Line Encyclopedia
Cancer_Cell_Line_Encyclopedia,ST486 HAEMATOPOIETIC AND LYMPHOID TISSUE,1/285,0.6237940381666848,0.7008185836557985,0,0,1.0325835610679,0.4873123560771236,MYBPH,Cancer Cell Line Encyclopedia
Cancer_Cell_Line_Encyclopedia,DOHH2 HAEMATOPOIETIC AND LYMPHOID TISSUE,1/284,0.6224920269318187,0.7008185836557985,0,0,1.036285006065081,0.4912244392319402,MYBPC2,Cancer Cell Line Encyclopedia
Cancer_Cell_Line_Encyclopedia,SUPT11 HAEMATOPOIETIC AND LYMPHOID TISSUE,1/283,0.6211855759687815,0.7008185836557985,0,0,1.0400127024452208,0.4951764718634625,KRT2,Cancer Cell Line Encyclopedia
Cancer_Cell_Line_Encyclopedia,RDES BONE,1/290,0.6302380182292913,0.7034893668392747,0,0,1.0144605691266848,0.4683335576685428,ACTN2,Cancer Cell Line Encyclopedia
Cancer_Cell_Line_Encyclopedia,RMGI OVARY,1/290,0.6302380182292913,0.7034893668392747,0,0,1.0144605691266848,0.4683335576685428,SLC34A2,Cancer Cell Line Encyclopedia
Cancer_Cell_Line_Encyclopedia,P31FUJ HAEMATOPOIETIC AND LYMPHOID TISSUE,1/292,0.6327850490868108,0.7047868489829031,0,0,1.0073857516541007,0.4610043902385352,LTF,Cancer Cell Line Encyclopedia
Cancer_Cell_Line_Encyclopedia,KASUMI1 HAEMATOPOIETIC AND LYMPHOID TISSUE,1/294,0.6353147913615119,0.7060594515349554,0,0,1.0004075187203911,0.4538195331172158,CACNA1S,Cancer Cell Line Encyclopedia
Cancer_Cell_Line_Encyclopedia,JHH7 LIVER,1/300,0.6428014394460059,0.7128233827407777,0,0,0.9800329456396945,0.4330955769858401,NTS,Cancer Cell Line Encyclopedia
Cancer_Cell_Line_Encyclopedia,SKNBE2 AUTONOMIC GANGLIA,1/303,0.6464877682295904,0.7153527696279598,0,0,0.9701492537313432,0.4231800755333496,NEFM,Cancer Cell Line Encyclopedia
Cancer_Cell_Line_Encyclopedia,KMS27 HAEMATOPOIETIC AND LYMPHOID TISSUE,1/305,0.6489244698022074,0.7164914427967973,0,0,0.963668499607227,0.4167277925764497,MYF6,Cancer Cell Line Encyclopedia
Cancer_Cell_Line_Encyclopedia,IMR32 AUTONOMIC GANGLIA,1/307,0.6513446209120647,0.7176069524767119,0,0,0.9572724612232952,0.4103984084114441,NEFM,Cancer Cell Line Encyclopedia
Cancer_Cell_Line_Encyclopedia,JVM3 HAEMATOPOIETIC AND LYMPHOID TISSUE,1/309,0.6537483321388528,0.7186995703211145,0,0,0.9509594882729212,0.4041889880879379,PIGR,Cancer Cell Line Encyclopedia
Cancer_Cell_Line_Encyclopedia,NCIH526 LUNG,1/311,0.6561357136461532,0.719769565185112,0,0,0.9447279730380356,0.3980966823814629,KRT2,Cancer Cell Line Encyclopedia
KEGG_2021_Human,Amyotrophic lateral sclerosis,1/364,0.7138140767328488,0.7200211556609605,0,0,0.8046132971506106,0.2712614913699231,NEFM,KEGG Pathways
Cancer_Cell_Line_Encyclopedia,HPBALL HAEMATOPOIETIC AND LYMPHOID TISSUE,1/316,0.6620334401021032,0.723122362686632,0,0,0.9294953802416488,0.3833603408567262,CKM,Cancer Cell Line Encyclopedia
Cancer_Cell_Line_Encyclopedia,PL21 HAEMATOPOIETIC AND LYMPHOID TISSUE,1/316,0.6620334401021032,0.723122362686632,0,0,0.9294953802416488,0.3833603408567262,MYBPH,Cancer Cell Line Encyclopedia
Reactome_2022,Signaling By Rho GTPases R-HSA-194315,2/644,0.64814581715804,0.7233770280781696,0,0,0.9105069385443216,0.3948318477523088,ACTC1;CTTN,Reactome Pathways
Cancer_Cell_Line_Encyclopedia,NCIH2081 LUNG,1/321,0.6678314744643546,0.7260350658085597,0,0,0.9147388059701492,0.3692978211219972,NTS,Cancer Cell Line Encyclopedia
Cancer_Cell_Line_Encyclopedia,NCIH1836 LUNG,1/320,0.6666797628469551,0.7260350658085597,0,0,0.9176531137416366,0.3720582925201743,CKM,Cancer Cell Line Encyclopedia
Cancer_Cell_Line_Encyclopedia,U266B1 HAEMATOPOIETIC AND LYMPHOID TISSUE,1/322,0.668979264959164,0.7260350658085597,0,0,0.9118426558794812,0.3665627659508597,MYL2,Cancer Cell Line Encyclopedia
Cancer_Cell_Line_Encyclopedia,KPNYN AUTONOMIC GANGLIA,1/326,0.6735314774324064,0.7263294957904551,0,0,0.9004362801377727,0.3558709192921668,NEFM,Cancer Cell Line Encyclopedia
Cancer_Cell_Line_Encyclopedia,CORL95 LUNG,1/324,0.6712631349228076,0.7263294957904551,0,0,0.9061041541518414,0.3611677385655658,BPIFA1,Cancer Cell Line Encyclopedia
Cancer_Cell_Line_Encyclopedia,HCC1419 BREAST,1/326,0.6735314774324064,0.7263294957904551,0,0,0.9004362801377727,0.3558709192921668,BPIFB1,Cancer Cell Line Encyclopedia
Cancer_Cell_Line_Encyclopedia,NCIH1963 LUNG,1/335,0.6835496391519973,0.7290909195484941,0,0,0.8757708463669676,0.3331922735695287,CKM,Cancer Cell Line Encyclopedia
Cancer_Cell_Line_Encyclopedia,COLO668 LUNG,1/339,0.6879043402605659,0.7290909195484941,0,0,0.8652300627042303,0.3236873174659845,LTF,Cancer Cell Line Encyclopedia
Cancer_Cell_Line_Encyclopedia,K562 HAEMATOPOIETIC AND LYMPHOID TISSUE,1/337,0.6857344215440517,0.7290909195484941,0,0,0.8704690831556503,0.3283974027283941,C10ORF71,Cancer Cell Line Encyclopedia
Cancer_Cell_Line_Encyclopedia,CMK86 HAEMATOPOIETIC AND LYMPHOID TISSUE,1/340,0.6889837569800111,0.7290909195484941,0,0,0.8626337339849426,0.3213634862914655,XIRP2,Cancer Cell Line Encyclopedia
Cancer_Cell_Line_Encyclopedia,HL60 HAEMATOPOIETIC AND LYMPHOID TISSUE,1/336,0.6846438945143245,0.7290909195484941,0,0,0.8731120516818891,0.3307841218033964,LTF,Cancer Cell Line Encyclopedia
Cancer_Cell_Line_Encyclopedia,HUNS1 HAEMATOPOIETIC AND LYMPHOID TISSUE,1/338,0.6868212325968809,0.7290909195484941,0,0,0.8678417999025644,0.3260318793300104,XIRP2,Cancer Cell Line Encyclopedia
Cancer_Cell_Line_Encyclopedia,HUT102 HAEMATOPOIETIC AND LYMPHOID TISSUE,1/334,0.6824516428310011,0.7290909195484941,0,0,0.8784456097888934,0.335622098605308,MYF6,Cancer Cell Line Encyclopedia
Cancer_Cell_Line_Encyclopedia,CORL47 LUNG,1/334,0.6824516428310011,0.7290909195484941,0,0,0.8784456097888934,0.335622098605308,NTS,Cancer Cell Line Encyclopedia
Cancer_Cell_Line_Encyclopedia,MOLT16 HAEMATOPOIETIC AND LYMPHOID TISSUE,1/331,0.6791350820190238,0.7290909195484941,0,0,0.8865671641791045,0.3430440683579925,KRT2,Cancer Cell Line Encyclopedia
GO_Biological_Process_2023,Ubiquitin-Dependent Protein Catabolic Process (GO:0006511),1/367,0.7167771368684259,0.7301056373473843,0,0,0.7978957670663078,0.2656915619668109,PRAME,GO Biological Process
GO_Cellular_Component_2023,Intracellular Membrane-Bounded Organelle (GO:0043231),16/5175,0.7141853284551032,0.7320399616664807,0,0,0.8810890601935378,0.2965858438480591,MYOG;KRT2;NTS;MUC5B;FLG2;CSRP3;MYH2;DES;CCND1;CTTN;ANKRD1;MYF6;SMYD1;PRAME;HORMAD1;LTF,GO Cellular Component
GO_Cellular_Component_2023,Lysosomal Membrane (GO:0005765),1/356,0.7057624377772749,0.7320399616664807,0,0,0.8230817742274543,0.2868247287516183,PIGR,GO Cellular Component
Cancer_Cell_Line_Encyclopedia,OCIAML3 HAEMATOPOIETIC AND LYMPHOID TISSUE,1/346,0.6953834376471358,0.7343364517891954,0,0,0.8473718364698248,0.307843304740556,MYBPH,Cancer Cell Line Encyclopedia
Reactome_2022,"Signaling By Rho GTPases, Miro GTPases And RHOBTB3 R-HSA-9716542",2/660,0.6614853716740329,0.734983746304481,0,0,0.8876301003960578,0.3668285922231574,ACTC1;CTTN,Reactome Pathways
Cancer_Cell_Line_Encyclopedia,SKNFI AUTONOMIC GANGLIA,1/349,0.698534444261989,0.7361367124831312,0,0,0.8399382398353062,0.3013453056421498,NEFM,Cancer Cell Line Encyclopedia
GO_Biological_Process_2023,Negative Regulation Of Cell Population Proliferation (GO:0008285),1/379,0.728330081119512,0.7403437731792153,0,0,0.7720919213456527,0.2447538535702107,MYOG,GO Biological Process
Cancer_Cell_Line_Encyclopedia,CPCN LUNG,1/356,0.7057624377772749,0.742217109150068,0,0,0.8230817742274543,0.2868247287516183,NEFM,Cancer Cell Line Encyclopedia
GO_Biological_Process_2023,DNA Damage Response (GO:0006974),1/384,0.733005610174167,0.743563304147869,0,0,0.7618175441331203,0.2366219944939442,CCND1,GO Biological Process
Cancer_Cell_Line_Encyclopedia,BEN LUNG,1/374,0.7235738997214823,0.7455447671219322,0,0,0.7826417510303709,0.2532257703998366,TRDN,Cancer Cell Line Encyclopedia
Cancer_Cell_Line_Encyclopedia,JVM2 HAEMATOPOIETIC AND LYMPHOID TISSUE,1/374,0.7235738997214823,0.7455447671219322,0,0,0.7826417510303709,0.2532257703998366,PIGR,Cancer Cell Line Encyclopedia
Cancer_Cell_Line_Encyclopedia,PF382 HAEMATOPOIETIC AND LYMPHOID TISSUE,1/372,0.7216485383729879,0.7455447671219322,0,0,0.7869413042603693,0.2567136688840272,KRT2,Cancer Cell Line Encyclopedia
Cancer_Cell_Line_Encyclopedia,SCLC21H LUNG,1/371,0.7206809087390385,0.7455447671219322,0,0,0.7891085114965712,0.2584794428472361,CKM,Cancer Cell Line Encyclopedia
Cancer_Cell_Line_Encyclopedia,WSUDLCL2 HAEMATOPOIETIC AND LYMPHOID TISSUE,1/372,0.7216485383729879,0.7455447671219322,0,0,0.7869413042603693,0.2567136688840272,MYBPC1,Cancer Cell Line Encyclopedia
Cancer_Cell_Line_Encyclopedia,DMS79 LUNG,1/367,0.7167771368684259,0.7455447671219322,0,0,0.7978957670663078,0.2656915619668109,MYBPC1,Cancer Cell Line Encyclopedia
Cancer_Cell_Line_Encyclopedia,OCILY10 HAEMATOPOIETIC AND LYMPHOID TISSUE,1/365,0.7148051414214639,0.7455447671219322,0,0,0.8023618172871905,0.2693892113897149,MYBPH,Cancer Cell Line Encyclopedia
Cancer_Cell_Line_Encyclopedia,VMRCLCD LUNG,1/363,0.7128196187986577,0.7455447671219322,0,0,0.8068772161292983,0.2731496262265724,NEFM,Cancer Cell Line Encyclopedia
Cancer_Cell_Line_Encyclopedia,OCIAML2 HAEMATOPOIETIC AND LYMPHOID TISSUE,1/369,0.7187356959510461,0.7455447671219322,0,0,0.7934782608695652,0.2620553907592403,SCGB3A1,Cancer Cell Line Encyclopedia
Cancer_Cell_Line_Encyclopedia,NCIH146 LUNG,1/368,0.7177580903167557,0.7455447671219322,0,0,0.7956809955671235,0.2638658707546368,NTS,Cancer Cell Line Encyclopedia
Reactome_2022,Class A/1 (Rhodopsin-like Receptors) R-HSA-373076,1/327,0.6746598584675348,0.7463051531720518,0,0,0.8976284223056497,0.3532586392424157,NTS,Reactome Pathways
GO_Biological_Process_2023,Negative Regulation Of Transcription By RNA Polymerase II (GO:0000122),2/763,0.7379996518159001,0.7470920499902234,0,0,0.7633894795524231,0.231926828205277,MYH2;CCND1,GO Biological Process
Cancer_Cell_Line_Encyclopedia,HDLM2 HAEMATOPOIETIC AND LYMPHOID TISSUE,1/382,0.7311449900966803,0.7518238383014348,0,0,0.7658949347749442,0.2398350159388288,MYBPC2,Cancer Cell Line Encyclopedia
Cancer_Cell_Line_Encyclopedia,KMS21BM HAEMATOPOIETIC AND LYMPHOID TISSUE,1/384,0.733005610174167,0.7522174507634092,0,0,0.7618175441331203,0.2366219944939442,MYBPC2,Cancer Cell Line Encyclopedia
Cancer_Cell_Line_Encyclopedia,C3A LIVER,1/387,0.7357727760577636,0.7535379135078504,0,0,0.7557806820818189,0.2318991615130214,ACTA1,Cancer Cell Line Encyclopedia
Cancer_Cell_Line_Encyclopedia,HCC33 LUNG,1/389,0.7376018345435144,0.7538942445434715,0,0,0.7518079704569934,0.2288135975053194,NEFM,Cancer Cell Line Encyclopedia
Cancer_Cell_Line_Encyclopedia,NCIH1092 LUNG,1/396,0.7439058362109959,0.7588137688003946,0,0,0.7382202909503117,0.2183956935515152,KRT24,Cancer Cell Line Encyclopedia
CellMarker_2024,Astrocyte Embryonic Prefrontal Cortex Human,1/343,0.6921999848918985,0.7620016640406614,0,0,0.8549358470803875,0.3145141154142937,MYL1,CellMarker
GO_Biological_Process_2023,Vesicle-Mediated Transport (GO:0016192),1/411,0.7569162062752686,0.7646714952739907,0,0,0.7106661812886785,0.1979224669981399,MYL1,GO Biological Process
Cancer_Cell_Line_Encyclopedia,HEPG2 LIVER,1/407,0.753511866641406,0.7670750802409513,0,0,0.7178148665539299,0.2031491531522591,ACTA1,Cancer Cell Line Encyclopedia
GO_Biological_Process_2023,Organelle Organization (GO:0006996),1/418,0.7627626766637716,0.7690020441620438,0,0,0.6984859873295394,0.1891558278360797,DES,GO Biological Process
GO_Biological_Process_2023,Nervous System Development (GO:0007399),1/433,0.7748282721875613,0.7795721187519751,0,0,0.6737147595356551,0.1718739718041174,SHANK2,GO Biological Process
Cancer_Cell_Line_Encyclopedia,SHSY5Y AUTONOMIC GANGLIA,1/426,0.7692748358499448,0.7815586655641156,0,0,0.6850570676031607,0.1796952501904262,NEFM,Cancer Cell Line Encyclopedia
Reactome_2022,Metabolism Of Amino Acids And Derivatives R-HSA-71291,1/364,0.7138140767328488,0.7861388510273665,0,0,0.8046132971506106,0.2712614913699231,CKM,Reactome Pathways
Reactome_2022,Adaptive Immune System R-HSA-1280218,2/733,0.7173432445977393,0.7865605752168195,0,0,0.7959623595738506,0.2644193562171131,ASB5;KLHL41,Reactome Pathways
Cancer_Cell_Line_Encyclopedia,KHM1B HAEMATOPOIETIC AND LYMPHOID TISSUE,1/438,0.7787141678845209,0.7872163503160773,0,0,0.6658355818163189,0.1665329512098554,MYBPC2,Cancer Cell Line Encyclopedia
Cancer_Cell_Line_Encyclopedia,CHP126 AUTONOMIC GANGLIA,1/435,0.7763906331252751,0.7872163503160773,0,0,0.6705413027030744,0.1697136632508905,NEFM,Cancer Cell Line Encyclopedia
Cancer_Cell_Line_Encyclopedia,KPNRTBM1 AUTONOMIC GANGLIA,1/439,0.7794833802736797,0.7872163503160773,0,0,0.6642813330607238,0.165488364174897,NEFM,Cancer Cell Line Encyclopedia
Cancer_Cell_Line_Encyclopedia,SIMA AUTONOMIC GANGLIA,1/444,0.7832900990956932,0.7894943771083324,0,0,0.6566153431488158,0.1603797123593944,NEFM,Cancer Cell Line Encyclopedia
GO_Biological_Process_2023,Negative Regulation Of Nucleic Acid-Templated Transcription (GO:1903507),1/456,0.7921640467404737,0.7953907842017384,0,0,0.6389043792028867,0.1488562733312978,PRAME,GO Biological Process
GO_Cellular_Component_2023,Nucleus (GO:0005634),13/4487,0.786031197475293,0.7957352863330127,0,0,0.8166537976998415,0.1966165849982906,MYOG;KRT2;FLG2;CSRP3;MYH2;DES;CCND1;ANKRD1;MYF6;SMYD1;PRAME;HORMAD1;LTF,GO Cellular Component
Cancer_Cell_Line_Encyclopedia,MOLP2 HAEMATOPOIETIC AND LYMPHOID TISSUE,1/457,0.7928871709131542,0.7975880829936669,0,0,0.6374705420267086,0.1479405609138763,MYH7,Cancer Cell Line Encyclopedia
Cancer_Cell_Line_Encyclopedia,MOTN1 HAEMATOPOIETIC AND LYMPHOID TISSUE,1/478,0.8075127952003273,0.8106982500137409,0,0,0.6087487092837698,0.1301482694988826,SPINK6,Cancer Cell Line Encyclopedia
Cancer_Cell_Line_Encyclopedia,MHHNB11 AUTONOMIC GANGLIA,1/485,0.8121580693780748,0.8137568057351182,0,0,0.5997286295793759,0.1247797132175841,NEFM,Cancer Cell Line Encyclopedia
KEGG_2021_Human,Herpes simplex virus 1 infection,1/498,0.8204938199300812,0.8204938199300812,0,0,0.5836511606955164,0.1154747404531602,FADD,KEGG Pathways
GO_Cellular_Component_2023,Lysosome (GO:0005764),1/503,0.8236018905712127,0.8236018905712127,0,0,0.5776892430278885,0.1121110008305594,MYL1,GO Cellular Component
Cancer_Cell_Line_Encyclopedia,NCIH2227 LUNG,1/511,0.8284648568264683,0.8284648568264683,0,0,0.5683933274802458,0.106960745664834,NEFM,Cancer Cell Line Encyclopedia
Reactome_2022,RHO GTPase Cycle R-HSA-9012999,1/441,0.7810139097904,0.8501851122524197,0,0,0.6611940298507463,0.1634222497731925,ACTC1,Reactome Pathways
Reactome_2022,Metabolism Of Proteins R-HSA-392499,5/1890,0.7821703032722261,0.8501851122524197,0,0,0.7598416908761736,0.1866800212742193,SLC34A2;ASB5;MUC5B;KLHL41;LTF,Reactome Pathways
CellMarker_2024,Oligodendrocyte Brain Mouse,1/439,0.7794833802736797,0.8509360234654336,0,0,0.6642813330607238,0.165488364174897,CCND1,CellMarker
CellMarker_2024,Sertoli Cell Fetal Gonad Human,1/449,0.7870320528678914,0.8520760241792873,0,0,0.6491204690831557,0.1554554616543407,PRAME,CellMarker
Reactome_2022,Signaling By Interleukins R-HSA-449147,1/453,0.789979715295398,0.8549564018348463,0,0,0.6432439572051248,0.1516434833007542,CCND1,Reactome Pathways
Reactome_2022,GPCR Ligand Binding R-HSA-500792,1/458,0.7936078159646701,0.8551808361688257,0,0,0.6360429798491133,0.1470314315382093,NTS,Reactome Pathways
CellMarker_2024,Gonadal Endothelial Cell Fetal Gonad Human,1/466,0.7992847271805136,0.8582483545954694,0,0,0.6248435243139143,0.1399887199163459,CCND1,CellMarker
CellMarker_2024,Microglial Cell Embryonic Prefrontal Cortex Human,1/476,0.8061649094102858,0.8585983994532312,0,0,0.6113747054202671,0.1317310462373294,CCND1,CellMarker
Human_Gene_Atlas,Placenta,1/405,0.7517921239297999,0.8631687348823628,0,0,0.7214422934830796,0.2058241851484304,KRT24,Human Gene Atlas
Human_Gene_Atlas,Testis,1/384,0.733005610174167,0.8631687348823628,0,0,0.7618175441331203,0.2366219944939442,PPFIA1,Human Gene Atlas
Human_Gene_Atlas,Fetalbrain,1/325,0.6723992405699107,0.8631687348823628,0,0,0.9032614704256496,0.3585071936110912,SHANK2,Human Gene Atlas
Human_Gene_Atlas,TestisGermCell,1/314,0.6596864064963234,0.8631687348823628,0,0,0.9355300176434124,0.3891717855534868,PPFIA1,Human Gene Atlas
Human_Gene_Atlas,Lung,1/299,0.6415642666860747,0.8631687348823628,0,0,0.9833717319443052,0.4364655291479044,SLC34A2,Human Gene Atlas
Human_Gene_Atlas,CiliaryGanglion,1/278,0.6145862026940286,0.8631687348823628,0,0,1.0590549059755374,0.515554365993566,TRDN,Human Gene Atlas
Human_Gene_Atlas,AtrioventricularNode,1/269,0.6024206573588504,0.8631687348823628,0,0,1.0951214078859437,0.5550067753284315,NRAP,Human Gene Atlas
Human_Gene_Atlas,TestisIntersitial,2/568,0.5792439059112462,0.8631687348823628,0,0,1.036834778884249,0.5661445909686832,PPFIA1;HORMAD1,Human Gene Atlas
Human_Gene_Atlas,PrefrontalCortex,2/521,0.5320547828668357,0.8631687348823628,0,0,1.1334734629532317,0.7152317519383304,CTTN;SHANK2,Human Gene Atlas
Human_Gene_Atlas,SmoothMuscle,1/363,0.7128196187986577,0.8631687348823628,0,0,0.8068772161292983,0.2731496262265724,CTTN,Human Gene Atlas
Reactome_2022,Axon Guidance R-HSA-422475,1/519,0.8331956765334472,0.8925567547654035,0,0,0.5593845444591713,0.1020802723286679,CACNA1S,Reactome Pathways
Reactome_2022,"Cell Cycle, Mitotic R-HSA-69278",1/523,0.8355126409177599,0.8925567547654035,0,0,0.5549837021787614,0.0997360108417389,CCND1,Reactome Pathways
Reactome_2022,Metabolism R-HSA-1430728,5/2049,0.8390033494794793,0.8925567547654035,0,0,0.6945609293945889,0.121923628595936,GSTM1;CKM;ANKRD1;ADH7;UGT1A7,Reactome Pathways
Reactome_2022,Nervous System Development R-HSA-9675108,1/545,0.8477003417098311,0.8941986726896952,0,0,0.5319359086918349,0.0878907468897164,CACNA1S,Reactome Pathways
Reactome_2022,Infectious Disease R-HSA-5663205,2/961,0.8447324371912457,0.8941986726896952,0,0,0.5995197017094828,0.1011601631890396,MYH2;LTF,Reactome Pathways
Reactome_2022,Post-translational Protein Modification R-HSA-597592,3/1383,0.8579314344607297,0.9011884815763967,0,0,0.6204682274247492,0.0950750264614962,ASB5;MUC5B;KLHL41,Reactome Pathways
Reactome_2022,Hemostasis R-HSA-109582,1/576,0.8633770456578721,0.903114064495682,0,0,0.5024529526281636,0.0738122391197783,ACTN2,Reactome Pathways
GO_Biological_Process_2023,Regulation Of DNA-templated Transcription (GO:0006355),4/1922,0.902602464645534,0.9044370225005046,0,0,0.5870046923879041,0.0601521676423367,MYH2;ANKRD1;MYF6;PRAME,GO Biological Process
CellMarker_2024,Microglial Cell Brain Mouse,1/658,0.8975826823446622,0.9077077286494558,0,0,0.437879097662373,0.0473128530051435,LTF,CellMarker
CellMarker_2024,Mitotic Fetal Germ Cell Fetal Gonad Human,1/665,0.900077047181511,0.9077077286494558,0,0,0.4331055565545765,0.0455951490682373,CSRP3,CellMarker
CellMarker_2024,B Cell Kidney Human,1/667,0.900778662018544,0.9077077286494558,0,0,0.4317601183272825,0.0451170799803281,PIGR,CellMarker
CellMarker_2024,SLC16A7+ Cell Lung Human,2/1013,0.8654308816332695,0.9077077286494558,0,0,0.5671252585199172,0.0819653472342673,TMPRSS11B;CSRP3,CellMarker
CellMarker_2024,Meiotic Prophase Fetal Germ Cell Fetal Gonad Human,2/1049,0.8782703268064341,0.9077077286494558,0,0,0.5465833116262916,0.0709469748560561,PRAME;HORMAD1,CellMarker
CellMarker_2024,Ciliated Cell Trachea Mouse,1/642,0.8916485840224191,0.9077077286494558,0,0,0.4491815493515263,0.0515135721273681,SHANK2,CellMarker
CellMarker_2024,Neuron Brain Mouse,1/616,0.8812753418438172,0.9077077286494558,0,0,0.4688023298143429,0.0592496614781509,SHANK2,CellMarker
Reactome_2022,Membrane Trafficking R-HSA-199991,1/599,0.8739699917150292,0.9103854080364888,0,0,0.4825537862526831,0.0650044530033158,CTTN,Reactome Pathways
Reactome_2022,Sensory Perception R-HSA-9709957,1/616,0.8812753418438172,0.9116947151702026,0,0,0.4688023298143429,0.0592496614781509,XIRP2,Reactome Pathways
Reactome_2022,GPCR Downstream Signaling R-HSA-388396,1/619,0.8825204842847563,0.9116947151702026,0,0,0.4664541370815824,0.0582943029162252,NTS,Reactome Pathways
GO_Biological_Process_2023,Protein Modification Process (GO:0036211),1/711,0.9150426623179528,0.9150426623179528,0,0,0.4040782005465629,0.0358759170844275,KRT2,GO Biological Process
Reactome_2022,Vesicle-mediated Transport R-HSA-5653656,1/637,0.8897256346153632,0.9153555911680692,0,0,0.4528301886792453,0.052909648073548,CTTN,Reactome Pathways
Reactome_2022,Cell Cycle R-HSA-1640170,1/654,0.8961298896933402,0.9181658705874386,0,0,0.4406527850791982,0.0483263514299068,CCND1,Reactome Pathways
Human_Gene_Atlas,WholeBlood,1/514,0.8302542080631455,0.9192100160699112,0,0,0.5649821070088156,0.1050998644105103,FADD,Human Gene Atlas
Reactome_2022,Signaling By GPCR R-HSA-372790,1/689,0.9081831930449804,0.9267175439234496,0,0,0.4174765706351961,0.0402068204575192,NTS,Reactome Pathways
Reactome_2022,Cytokine Signaling In Immune System R-HSA-1280215,1/702,0.912299793877098,0.9271339368669697,0,0,0.4094577043456043,0.037582739357022,CCND1,Reactome Pathways
Reactome_2022,Metabolism Of Lipids R-HSA-556833,1/732,0.9211182574362172,0.9323059285791672,0,0,0.3920411621781652,0.0322127873055366,ANKRD1,Reactome Pathways
Human_Gene_Atlas,CD33+ Myeloid,1/679,0.9048875547842335,0.9350504732770414,0,0,0.4238541804253071,0.0423619330703128,PPFIA1,Human Gene Atlas
Human_Gene_Atlas,Liver,1/618,0.8821068731072058,0.9350504732770414,0,0,0.4672343307772321,0.0586108364847418,GSTM1,Human Gene Atlas
CellMarker_2024,Monocyte Fetal Kidney Human,1/796,0.9371143108932184,0.9371143108932184,0,0,0.3592790763165305,0.0233351787014861,DES,CellMarker
Reactome_2022,Generic Transcription Pathway R-HSA-212436,1/1190,0.9846777738051822,0.9926187235939335,0,0,0.2352786111494671,0.0036328957486545,CCND1,Reactome Pathways
Reactome_2022,RNA Polymerase II Transcription R-HSA-73857,1/1312,0.9901632673477384,0.9940401019016968,0,0,0.211994945182554,0.002095661813769,CCND1,Reactome Pathways
Reactome_2022,Gene Expression (Transcription) R-HSA-74160,1/1449,0.9940401019016968,0.9940401019016968,0,0,0.1905252741815783,0.0011389084898346,CCND1,Reactome Pathways
Human_Gene_Atlas,721 B lymphoblasts,1/1543,0.9957828041253848,0.9957828041253848,0,0,0.1780010453568732,0.0007522525896570213,FADD,Human Gene Atlas
ENCODE_TF_ChIP-seq_2015,SAP30 H1-hESC hg19,1/2000,0.9992334350116124,0.9999962494958698,0,0,0.1338953058618861,0.00010267881360491484,CCND1,ENCODE TF ChIP-seq
ENCODE_TF_ChIP-seq_2015,POLR2A MCF 10A hg19,1/3155,0.9999884252804142,0.9999962494958698,0,0,0.0793969278528095,9.190024944781366e-07,MYH1,ENCODE TF ChIP-seq
ENCODE_TF_ChIP-seq_2015,MAX K562 hg19,2/3845,0.9999882471760064,0.9999962494958698,0,0,0.1268658481773235,1.4910407464242362e-06,ACTN2;PPFIA1,ENCODE TF ChIP-seq
ENCODE_TF_ChIP-seq_2015,MAX A549 hg19,1/3133,0.9999876575110724,0.9999962494958698,0,0,0.0800594727511865,9.881392540306588e-07,ACTN2,ENCODE TF ChIP-seq
ENCODE_TF_ChIP-seq_2015,SETDB1 K562 hg19,2/3067,0.9998379836635188,0.9999962494958698,0,0,0.1667605912304118,2.702012897084741e-05,ACTN2;PRAME,ENCODE TF ChIP-seq
ENCODE_TF_ChIP-seq_2015,POLR2A A549 hg19,3/3474,0.999732186376368,0.9999962494958698,0,0,0.2188817232896749,5.86273584141472e-05,LCE3D;MYBPC1;PPFIA1,ENCODE TF ChIP-seq
ENCODE_TF_ChIP-seq_2015,BHLHE40 GM12878 hg19,1/2000,0.9992334350116124,0.9999962494958698,0,0,0.1338953058618861,0.00010267881360491484,MYBPC2,ENCODE TF ChIP-seq
ENCODE_TF_ChIP-seq_2015,RAD21 IMR-90 hg19,1/2000,0.9992334350116124,0.9999962494958698,0,0,0.1338953058618861,0.00010267881360491484,PRAME,ENCODE TF ChIP-seq
ENCODE_TF_ChIP-seq_2015,HA-E2F1 MCF-7 hg19,1/2000,0.9992334350116124,0.9999962494958698,0,0,0.1338953058618861,0.00010267881360491484,CCND1,ENCODE TF ChIP-seq
ENCODE_TF_ChIP-seq_2015,E2F4 myocyte mm9,1/2000,0.9992334350116124,0.9999962494958698,0,0,0.1338953058618861,0.00010267881360491484,FADD,ENCODE TF ChIP-seq
ENCODE_TF_ChIP-seq_2015,RCOR1 HeLa-S3 hg19,1/2000,0.9992334350116124,0.9999962494958698,0,0,0.1338953058618861,0.00010267881360491484,PRAME,ENCODE TF ChIP-seq
ENCODE_TF_ChIP-seq_2015,CTCF spleen mm9,1/2000,0.9992334350116124,0.9999962494958698,0,0,0.1338953058618861,0.00010267881360491484,GSTM1,ENCODE TF ChIP-seq
ENCODE_TF_ChIP-seq_2015,POLR2A CH12.LX mm9,1/2000,0.9992334350116124,0.9999962494958698,0,0,0.1338953058618861,0.00010267881360491484,PPFIA1,ENCODE TF ChIP-seq
ENCODE_TF_ChIP-seq_2015,NRF1 HeLa-S3 hg19,1/2000,0.9992334350116124,0.9999962494958698,0,0,0.1338953058618861,0.00010267881360491484,FADD,ENCODE TF ChIP-seq
ENCODE_TF_ChIP-seq_2015,CTCF endothelial cell of umbilical vein hg19,3/3469,0.9997275542180986,0.9999962494958698,0,0,0.2192640596564428,5.974570727856241e-05,CCND1;PRAME;NTS,ENCODE TF ChIP-seq
ENCODE_TF_ChIP-seq_2015,SMC3 K562 hg19,1/2000,0.9992334350116124,0.9999962494958698,0,0,0.1338953058618861,0.00010267881360491484,PRAME,ENCODE TF ChIP-seq
ENCODE_TF_ChIP-seq_2015,MXI1 H1-hESC hg19,1/2000,0.9992334350116124,0.9999962494958698,0,0,0.1338953058618861,0.00010267881360491484,SLC34A2,ENCODE TF ChIP-seq
ENCODE_TF_ChIP-seq_2015,MYC NB4 hg19,1/2000,0.9992334350116124,0.9999962494958698,0,0,0.1338953058618861,0.00010267881360491484,PRAME,ENCODE TF ChIP-seq
ENCODE_TF_ChIP-seq_2015,STAT1 GM12878 hg19,1/2000,0.9992334350116124,0.9999962494958698,0,0,0.1338953058618861,0.00010267881360491484,FADD,ENCODE TF ChIP-seq
ENCODE_TF_ChIP-seq_2015,KAT2A MEL cell line mm9,1/2000,0.9992334350116124,0.9999962494958698,0,0,0.1338953058618861,0.00010267881360491484,FADD,ENCODE TF ChIP-seq
ENCODE_TF_ChIP-seq_2015,E2F4 GM12878 hg19,1/2000,0.9992334350116124,0.9999962494958698,0,0,0.1338953058618861,0.00010267881360491484,FADD,ENCODE TF ChIP-seq
ENCODE_TF_ChIP-seq_2015,ZNF384 K562 hg19,1/2000,0.9992334350116124,0.9999962494958698,0,0,0.1338953058618861,0.00010267881360491484,FADD,ENCODE TF ChIP-seq
ENCODE_TF_ChIP-seq_2015,MAFK CH12.LX mm9,1/2000,0.9992334350116124,0.9999962494958698,0,0,0.1338953058618861,0.00010267881360491484,MYBPC1,ENCODE TF ChIP-seq
ENCODE_TF_ChIP-seq_2015,POLR2A kidney mm9,1/2000,0.9992334350116124,0.9999962494958698,0,0,0.1338953058618861,0.00010267881360491484,FADD,ENCODE TF ChIP-seq
ENCODE_TF_ChIP-seq_2015,POLR2A GM12878 hg19,2/5311,0.9999962494958698,0.9999962494958698,0,0,0.0834660410851784,3.130403188471943e-07,GSTM1;PPFIA1,ENCODE TF ChIP-seq
ENCODE_TF_ChIP-seq_2015,POLR2A HGPS cell hg19,2/2000,0.9934409918593984,0.9999962494958698,0,0,0.271999271999272,0.0017899219336379,CTTN;NEFM,ENCODE TF ChIP-seq
ENCODE_TF_ChIP-seq_2015,ELF1 SK-N-SH hg19,1/2030,0.9993154664101112,0.9999962494958698,0,0,0.1316949015396158,9.01804530182271e-05,FADD,ENCODE TF ChIP-seq
ENCODE_TF_ChIP-seq_2015,CTCF GM10248 hg19,2/2000,0.9934409918593984,0.9999962494958698,0,0,0.271999271999272,0.0017899219336379,CCND1;PRAME,ENCODE TF ChIP-seq
ENCODE_TF_ChIP-seq_2015,USF1 C2C12 mm9,2/2000,0.9934409918593984,0.9999962494958698,0,0,0.271999271999272,0.0017899219336379,GSTM1;FADD,ENCODE TF ChIP-seq
ENCODE_TF_ChIP-seq_2015,CHD1 GM12878 hg19,2/2000,0.9934409918593984,0.9999962494958698,0,0,0.271999271999272,0.0017899219336379,CTTN;PPFIA1,ENCODE TF ChIP-seq
ENCODE_TF_ChIP-seq_2015,WRNIP1 GM12878 hg19,2/2000,0.9934409918593984,0.9999962494958698,0,0,0.271999271999272,0.0017899219336379,FADD;NTS,ENCODE TF ChIP-seq
ENCODE_TF_ChIP-seq_2015,ELK4 HeLa-S3 hg19,2/2000,0.9934409918593984,0.9999962494958698,0,0,0.271999271999272,0.0017899219336379,PRAME;FADD,ENCODE TF ChIP-seq
ENCODE_TF_ChIP-seq_2015,MXI1 HeLa-S3 hg19,2/2000,0.9934409918593984,0.9999962494958698,0,0,0.271999271999272,0.0017899219336379,PPFIA1;PRAME,ENCODE TF ChIP-seq
ENCODE_TF_ChIP-seq_2015,WHSC1 K562 hg19,1/2000,0.9992334350116124,0.9999962494958698,0,0,0.1338953058618861,0.00010267881360491484,PPFIA1,ENCODE TF ChIP-seq
ENCODE_TF_ChIP-seq_2015,EZH2 B cell hg19,2/2000,0.9934409918593984,0.9999962494958698,0,0,0.271999271999272,0.0017899219336379,ACTA1;ACTN2,ENCODE TF ChIP-seq
ENCODE_TF_ChIP-seq_2015,ELK1 HeLa-S3 hg19,2/2000,0.9934409918593984,0.9999962494958698,0,0,0.271999271999272,0.0017899219336379,PRAME;FADD,ENCODE TF ChIP-seq
ENCODE_TF_ChIP-seq_2015,SIRT6 H1-hESC hg19,2/2000,0.9934409918593984,0.9999962494958698,0,0,0.271999271999272,0.0017899219336379,DES;TNNC1,ENCODE TF ChIP-seq
ENCODE_TF_ChIP-seq_2015,USF2 H1-hESC hg19,2/2000,0.9934409918593984,0.9999962494958698,0,0,0.271999271999272,0.0017899219336379,SLC34A2;UPK1B,ENCODE TF ChIP-seq
ENCODE_TF_ChIP-seq_2015,CTCF embryonic fibroblast mm9,2/2000,0.9934409918593984,0.9999962494958698,0,0,0.271999271999272,0.0017899219336379,ANO1;GSTM1,ENCODE TF ChIP-seq
ENCODE_TF_ChIP-seq_2015,ELK1 K562 hg19,2/2000,0.9934409918593984,0.9999962494958698,0,0,0.271999271999272,0.0017899219336379,C10ORF71;FADD,ENCODE TF ChIP-seq
ENCODE_TF_ChIP-seq_2015,IRF1 K562 hg19,3/4551,0.9999913466667916,0.9999962494958698,0,0,0.1561193423990257,1.350958535198085e-06,PPFIA1;PRAME;FADD,ENCODE TF ChIP-seq
ENCODE_TF_ChIP-seq_2015,MYC HepG2 hg19,2/2000,0.9934409918593984,0.9999962494958698,0,0,0.271999271999272,0.0017899219336379,CCND1;PPFIA1,ENCODE TF ChIP-seq
ENCODE_TF_ChIP-seq_2015,CTCF GM12801 hg19,1/2000,0.9992334350116124,0.9999962494958698,0,0,0.1338953058618861,0.00010267881360491484,PRAME,ENCODE TF ChIP-seq
ENCODE_TF_ChIP-seq_2015,TRIM28 HEK293 hg19,1/2000,0.9992334350116124,0.9999962494958698,0,0,0.1338953058618861,0.00010267881360491484,ANKRD1,ENCODE TF ChIP-seq
ENCODE_TF_ChIP-seq_2015,RAD21 SK-N-SH hg19,3/3228,0.9993821936973698,0.9999962494958698,0,0,0.2390983899821109,0.00014776214117206456,C10ORF71;CCND1;PRAME,ENCODE TF ChIP-seq
ENCODE_TF_ChIP-seq_2015,POLR2A GM12892 hg19,2/2690,0.9993785958007996,0.9999962494958698,0,0,0.1943993506493506,0.00012083812136297177,GSTM1;PPFIA1,ENCODE TF ChIP-seq
ENCODE_TF_ChIP-seq_2015,GATA1 erythroblast hg19,1/2266,0.9997200996517968,0.9999962494958698,0,0,0.1164179104477611,3.258997485686407e-05,ANKRD1,ENCODE TF ChIP-seq
ENCODE_TF_ChIP-seq_2015,EGR1 GM12878 hg19,2/2910,0.9997155377185316,0.9999962494958698,0,0,0.1773998582801884,5.047074727091349e-05,TNNC1;PPFIA1,ENCODE TF ChIP-seq
ENCODE_TF_ChIP-seq_2015,CTCF fibroblast of foreskin  hg19,1/2261,0.999714730656958,0.9999962494958698,0,0,0.1167084929335622,3.329810479665953e-05,PRAME,ENCODE TF ChIP-seq
ENCODE_TF_ChIP-seq_2015,SP2 K562 hg19,1/2237,0.9996874967357304,0.9999962494958698,0,0,0.1181213787947561,3.6919085421252296e-05,PRAME,ENCODE TF ChIP-seq
ENCODE_TF_ChIP-seq_2015,CEBPB A549 hg19,2/2860,0.999659942096683,0.9999962494958698,0,0,0.1810335687172636,6.157236548619823e-05,SLC34A2;ANKRD1,ENCODE TF ChIP-seq
ENCODE_TF_ChIP-seq_2015,CTCF fibroblast of lung hg19,4/3799,0.9995303775027778,0.9999962494958698,0,0,0.2657608695652174,0.00012483659856161203,GSTM1;CCND1;PRAME;NTS,ENCODE TF ChIP-seq
ENCODE_TF_ChIP-seq_2015,STAT3 MCF 10A hg19,4/3788,0.9995131799377456,0.9999962494958698,0,0,0.2667151162790697,0.00012987388468308162,SPINK6;ANKRD1;FDCSP;FADD,ENCODE TF ChIP-seq
ENCODE_TF_ChIP-seq_2015,FLI1 megakaryocyte mm9,1/2119,0.9995110719214908,0.9999962494958698,0,0,0.1255338040674813,6.139201097294071e-05,FADD,ENCODE TF ChIP-seq
ENCODE_TF_ChIP-seq_2015,CTCF GM12878 hg19,5/4238,0.999502184343205,0.9999962494958698,0,0,0.2943426366530548,0.00014656485715608357,GSTM1;CCND1;PRAME;FADD;NTS,ENCODE TF ChIP-seq
ENCODE_TF_ChIP-seq_2015,CTCF CH12.LX mm9,4/3777,0.9994953733101803,0.9999962494958698,0,0,0.2676749271137026,0.0001351100053423029,MYOG;GSTM1;CCND1;FADD,ENCODE TF ChIP-seq
ENCODE_TF_ChIP-seq_2015,USF2 MEL cell line mm9,1/2106,0.9994864047528438,0.9999962494958698,0,0,0.1264012479171836,6.493575694071119e-05,FADD,ENCODE TF ChIP-seq
ENCODE_TF_ChIP-seq_2015,PBX3 A549 hg19,1/2098,0.9994706158181812,0.9999962494958698,0,0,0.1269404052697884,6.721803623627602e-05,ANKRD1,ENCODE TF ChIP-seq
ENCODE_TF_ChIP-seq_2015,HDAC2 H1-hESC hg19,2/2723,0.9994469165011964,0.9999962494958698,0,0,0.1916741839564331,0.00010604115580358075,SLC34A2;NEFM,ENCODE TF ChIP-seq
ENCODE_TF_ChIP-seq_2015,MAX HCT116 hg19,1/2066,0.9994025049079072,0.9999962494958698,0,0,0.129138809584041,7.718286541367972e-05,CCND1,ENCODE TF ChIP-seq
ENCODE_TF_ChIP-seq_2015,CTCF SK-N-SH hg19,4/3657,0.9992553372065,0.9999962494958698,0,0,0.2785210785655626,0.0002074815458983721,CCND1;NEFM;PRAME;NTS,ENCODE TF ChIP-seq
ENCODE_TF_ChIP-seq_2015,CTCF K562 hg19,3/4670,0.9999931977154696,0.9999962494958698,0,0,0.1509617444907781,1.0268882318496097e-06,CCND1;PRAME;FADD,ENCODE TF ChIP-seq
ENCODE_TF_ChIP-seq_2015,BACH1 H1-hESC hg19,1/2000,0.9992334350116124,0.9999962494958698,0,0,0.1338953058618861,0.00010267881360491484,NEFM,ENCODE TF ChIP-seq
ENCODE_TF_ChIP-seq_2015,TBL1XR1 K562 hg19,1/3414,0.9999937791866372,0.9999962494958698,0,0,0.0722391558177469,4.493877036140509e-07,SPINK6,ENCODE TF ChIP-seq
ENCODE_TF_ChIP-seq_2015,EP300 osteoblast hg19,1/2000,0.9992334350116124,0.9999962494958698,0,0,0.1338953058618861,0.00010267881360491484,SLC34A2,ENCODE TF ChIP-seq
ENCODE_TF_ChIP-seq_2015,CHD2 GM12878 hg19,1/2000,0.9992334350116124,0.9999962494958698,0,0,0.1338953058618861,0.00010267881360491484,MYBPC2,ENCODE TF ChIP-seq
ENCODE_TF_ChIP-seq_2015,POLR2A bone marrow macrophage mm9,1/2000,0.9992334350116124,0.9999962494958698,0,0,0.1338953058618861,0.00010267881360491484,FADD,ENCODE TF ChIP-seq
ENCODE_TF_ChIP-seq_2015,MXI1 K562 hg19,1/2000,0.9992334350116124,0.9999962494958698,0,0,0.1338953058618861,0.00010267881360491484,FADD,ENCODE TF ChIP-seq
ENCODE_TF_ChIP-seq_2015,CHD7 H1-hESC hg19,1/2000,0.9992334350116124,0.9999962494958698,0,0,0.1338953058618861,0.00010267881360491484,ANKRD1,ENCODE TF ChIP-seq
ENCODE_TF_ChIP-seq_2015,POLR2A spleen mm9,1/2000,0.9992334350116124,0.9999962494958698,0,0,0.1338953058618861,0.00010267881360491484,FADD,ENCODE TF ChIP-seq
ENCODE_TF_ChIP-seq_2015,MXI1 CH12.LX mm9,1/2000,0.9992334350116124,0.9999962494958698,0,0,0.1338953058618861,0.00010267881360491484,PPFIA1,ENCODE TF ChIP-seq
ENCODE_TF_ChIP-seq_2015,CTCF limb mm9,1/2000,0.9992334350116124,0.9999962494958698,0,0,0.1338953058618861,0.00010267881360491484,GSTM1,ENCODE TF ChIP-seq
ENCODE_TF_ChIP-seq_2015,RBBP5 K562 hg19,1/2000,0.9992334350116124,0.9999962494958698,0,0,0.1338953058618861,0.00010267881360491484,CTTN,ENCODE TF ChIP-seq
ENCODE_TF_ChIP-seq_2015,HDAC1 K562 hg19,1/2000,0.9992334350116124,0.9999962494958698,0,0,0.1338953058618861,0.00010267881360491484,SPINK7,ENCODE TF ChIP-seq
ENCODE_TF_ChIP-seq_2015,POLR2A HEK293 hg19,1/2000,0.9992334350116124,0.9999962494958698,0,0,0.1338953058618861,0.00010267881360491484,ACTN2,ENCODE TF ChIP-seq
ENCODE_TF_ChIP-seq_2015,CEBPB H1-hESC hg19,1/2000,0.9992334350116124,0.9999962494958698,0,0,0.1338953058618861,0.00010267881360491484,CCND1,ENCODE TF ChIP-seq
ENCODE_TF_ChIP-seq_2015,eGFP-HDAC8 K562 hg19,1/2000,0.9992334350116124,0.9999962494958698,0,0,0.1338953058618861,0.00010267881360491484,C10ORF71,ENCODE TF ChIP-seq
ENCODE_TF_ChIP-seq_2015,SMC3 GM12878 hg19,2/2000,0.9934409918593984,0.9999962494958698,0,0,0.271999271999272,0.0017899219336379,GSTM1;PRAME,ENCODE TF ChIP-seq
ENCODE_TF_ChIP-seq_2015,POLR2A H54 hg19,1/2000,0.9992334350116124,0.9999962494958698,0,0,0.1338953058618861,0.00010267881360491484,PPFIA1,ENCODE TF ChIP-seq
ENCODE_TF_ChIP-seq_2015,ETS1 CH12.LX mm9,1/2000,0.9992334350116124,0.9999962494958698,0,0,0.1338953058618861,0.00010267881360491484,NRAP,ENCODE TF ChIP-seq
ENCODE_TF_ChIP-seq_2015,MAFK K562 hg19,1/2000,0.9992334350116124,0.9999962494958698,0,0,0.1338953058618861,0.00010267881360491484,MYH8,ENCODE TF ChIP-seq
ENCODE_TF_ChIP-seq_2015,FOS K562 hg19,1/2000,0.9992334350116124,0.9999962494958698,0,0,0.1338953058618861,0.00010267881360491484,PPFIA1,ENCODE TF ChIP-seq
ENCODE_TF_ChIP-seq_2015,MAX CH12.LX mm9,1/2000,0.9992334350116124,0.9999962494958698,0,0,0.1338953058618861,0.00010267881360491484,PRAME,ENCODE TF ChIP-seq
ENCODE_TF_ChIP-seq_2015,KDM5B H1-hESC hg19,1/2000,0.9992334350116124,0.9999962494958698,0,0,0.1338953058618861,0.00010267881360491484,NEFM,ENCODE TF ChIP-seq
ENCODE_TF_ChIP-seq_2015,ZC3H11A K562 hg19,1/2000,0.9992334350116124,0.9999962494958698,0,0,0.1338953058618861,0.00010267881360491484,C10ORF71,ENCODE TF ChIP-seq
ENCODE_TF_ChIP-seq_2015,BHLHE40 A549 hg19,1/2000,0.9992334350116124,0.9999962494958698,0,0,0.1338953058618861,0.00010267881360491484,CTTN,ENCODE TF ChIP-seq
ENCODE_TF_ChIP-seq_2015,TAL1 K562 hg19,1/2000,0.9992334350116124,0.9999962494958698,0,0,0.1338953058618861,0.00010267881360491484,PRAME,ENCODE TF ChIP-seq
ENCODE_TF_ChIP-seq_2015,ZKSCAN1 HeLa-S3 hg19,1/2000,0.9992334350116124,0.9999962494958698,0,0,0.1338953058618861,0.00010267881360491484,PRAME,ENCODE TF ChIP-seq
ENCODE_TF_ChIP-seq_2015,POLR2A brain mm9,1/2000,0.9992334350116124,0.9999962494958698,0,0,0.1338953058618861,0.00010267881360491484,ACTN2,ENCODE TF ChIP-seq
ENCODE_TF_ChIP-seq_2015,POLR2A Raji hg19,1/2000,0.9992334350116124,0.9999962494958698,0,0,0.1338953058618861,0.00010267881360491484,PPFIA1,ENCODE TF ChIP-seq
ENCODE_TF_ChIP-seq_2015,E2F4 CH12.LX mm9,1/2000,0.9992334350116124,0.9999962494958698,0,0,0.1338953058618861,0.00010267881360491484,FADD,ENCODE TF ChIP-seq
ENCODE_TF_ChIP-seq_2015,TBL1XR1 GM12878 hg19,1/2000,0.9992334350116124,0.9999962494958698,0,0,0.1338953058618861,0.00010267881360491484,FADD,ENCODE TF ChIP-seq
ENCODE_TF_ChIP-seq_2015,SAP30 K562 hg19,1/2000,0.9992334350116124,0.9999962494958698,0,0,0.1338953058618861,0.00010267881360491484,MYBPC1,ENCODE TF ChIP-seq
ENCODE_TF_ChIP-seq_2015,CTCF spleen hg19,1/2000,0.9992334350116124,0.9999962494958698,0,0,0.1338953058618861,0.00010267881360491484,PRAME,ENCODE TF ChIP-seq
ENCODE_TF_ChIP-seq_2015,CHD7 K562 hg19,1/2000,0.9992334350116124,0.9999962494958698,0,0,0.1338953058618861,0.00010267881360491484,TCAP,ENCODE TF ChIP-seq
ENCODE_TF_ChIP-seq_2015,CTCF medulloblastoma hg19,1/2000,0.9992334350116124,0.9999962494958698,0,0,0.1338953058618861,0.00010267881360491484,PRAME,ENCODE TF ChIP-seq
ENCODE_TF_ChIP-seq_2015,POLR2A GM18951 hg19,1/2000,0.9992334350116124,0.9999962494958698,0,0,0.1338953058618861,0.00010267881360491484,GSTM1,ENCODE TF ChIP-seq
ENCODE_TF_ChIP-seq_2015,HCFC1 ES-E14 mm9,1/2000,0.9992334350116124,0.9999962494958698,0,0,0.1338953058618861,0.00010267881360491484,HORMAD1,ENCODE TF ChIP-seq
ENCODE_TF_ChIP-seq_2015,MYC MCF 10A hg19,1/3382,0.9999933817106872,0.9999962494958698,0,0,0.0730641380497689,4.835612041801796e-07,PPFIA1,ENCODE TF ChIP-seq
ENCODE_TF_ChIP-seq_2015,TBP GM12878 hg19,1/2000,0.9992334350116124,0.9999962494958698,0,0,0.1338953058618861,0.00010267881360491484,GSTM1,ENCODE TF ChIP-seq
ENCODE_TF_ChIP-seq_2015,NFYB K562 hg19,1/2000,0.9992334350116124,0.9999962494958698,0,0,0.1338953058618861,0.00010267881360491484,UPK1B,ENCODE TF ChIP-seq
ENCODE_TF_ChIP-seq_2015,CTCF WI38 hg19,1/2447,0.9998593160774532,0.9999962494958698,0,0,0.1066987222513759,1.5011850764846512e-05,PRAME,ENCODE TF ChIP-seq
ENCODE_TF_ChIP-seq_2015,JUN K562 hg19,4/4156,0.9998565179808128,0.9999962494958698,0,0,0.23753612716763,3.408460847860442e-05,SPRR3;CTTN;PRAME;FADD,ENCODE TF ChIP-seq
ENCODE_TF_ChIP-seq_2015,CEBPB HepG2 hg19,3/3621,0.9998385746969244,0.9999962494958698,0,0,0.2081132797550708,3.3597461071676414e-05,SLC34A2;CCND1;ANKRD1,ENCODE TF ChIP-seq
ENCODE_TF_ChIP-seq_2015,CTCF A549 hg19,5/5283,0.999982493169196,0.9999962494958698,0,0,0.2203516242925109,3.8576923719416405e-06,CCND1;TCAP;PRAME;NTS;FGF3,ENCODE TF ChIP-seq
ENCODE_TF_ChIP-seq_2015,POLR2A GM12891 hg19,1/3050,0.9999840677974688,0.9999962494958698,0,0,0.082645154026522,1.3167298213999818e-06,PPFIA1,ENCODE TF ChIP-seq
ENCODE_TF_ChIP-seq_2015,MYC HeLa-S3 hg19,1/3080,0.9999855044447664,0.9999962494958698,0,0,0.0816944830895861,1.1842154748463164e-06,ANKRD1,ENCODE TF ChIP-seq
ENCODE_TF_ChIP-seq_2015,GABPA HepG2 hg19,1/2471,0.9998715619116524,0.9999962494958698,0,0,0.1055169496646323,1.3553265699586694e-05,CTTN,ENCODE TF ChIP-seq
ENCODE_TF_ChIP-seq_2015,CTCF MEL cell line mm9,4/4882,0.999986004946042,0.9999962494958698,0,0,0.1928813038130381,2.6994031435313035e-06,MYOG;GSTM1;CACNA1S;FADD,ENCODE TF ChIP-seq
ENCODE_TF_ChIP-seq_2015,CTCF MCF-7 hg19,3/5540,0.9999961414587556,0.9999962494958698,0,0,0.1199899973604145,4.629872469462588e-07,BPIFB1;CCND1;PRAME,ENCODE TF ChIP-seq
ENCODE_TF_ChIP-seq_2015,POLR2A HepG2 hg19,4/6264,0.999996098227402,0.9999962494958698,0,0,0.1365015974440894,5.325992315185428e-07,ACTA1;CCND1;PPFIA1;FADD,ENCODE TF ChIP-seq
ENCODE_TF_ChIP-seq_2015,MYC K562 hg19,3/6800,0.9999960818257776,0.9999962494958698,0,0,0.0891909326512828,3.494662978318683e-07,C10ORF71;ACTN2;PRAME,ENCODE TF ChIP-seq
ENCODE_TF_ChIP-seq_2015,POLR2A K562 hg19,5/6920,0.9999960510992696,0.9999962494958698,0,0,0.1493991667527459,5.89963643567343e-07,C10ORF71;ACTN2;PPFIA1;PRAME;FADD,ENCODE TF ChIP-seq
ENCODE_TF_ChIP-seq_2015,POLR2A endothelial cell of umbilical vein hg19,2/4459,0.9999957141942052,0.9999962494958698,0,0,0.1052141337086367,4.509283102409279e-07,CCND1;PPFIA1,ENCODE TF ChIP-seq
ENCODE_TF_ChIP-seq_2015,RCOR1 K562 hg19,1/3501,0.9999946272779252,0.9999962494958698,0,0,0.0700724946695096,3.764810503193527e-07,FADD,ENCODE TF ChIP-seq
ENCODE_TF_ChIP-seq_2015,POLR2A MEL cell line mm9,2/4890,0.9999962224776412,0.9999962494958698,0,0,0.0932648911372315,3.523108769836217e-07,GSTM1;PPFIA1,ENCODE TF ChIP-seq
ENCODE_TF_ChIP-seq_2015,MAX HepG2 hg19,2/3158,0.9998831656760612,0.9999962494958698,0,0,0.1610784652609747,1.8820593056895513e-05,CCND1;PRAME,ENCODE TF ChIP-seq
ENCODE_TF_ChIP-seq_2015,GABPA GM12878 hg19,1/2556,0.9999068921086186,0.9999962494958698,0,0,0.1015100622133948,9.451827873393382e-06,CTTN,ENCODE TF ChIP-seq
ENCODE_TF_ChIP-seq_2015,UBTF K562 hg19,2/3293,0.9999279526154584,0.9999962494958698,0,0,0.1532278113864258,1.104006075793338e-05,PPFIA1;PRAME,ENCODE TF ChIP-seq
ENCODE_TF_ChIP-seq_2015,SIN3A MEL cell line mm9,1/2000,0.9992334350116124,0.9999962494958698,0,0,0.1338953058618861,0.00010267881360491484,PPFIA1,ENCODE TF ChIP-seq
ENCODE_TF_ChIP-seq_2015,POLR2A HCT116 hg19,1/2000,0.9992334350116124,0.9999962494958698,0,0,0.1338953058618861,0.00010267881360491484,FADD,ENCODE TF ChIP-seq
ENCODE_TF_ChIP-seq_2015,CTCF olfactory bulb mm9,1/2000,0.9992334350116124,0.9999962494958698,0,0,0.1338953058618861,0.00010267881360491484,GSTM1,ENCODE TF ChIP-seq
ENCODE_TF_ChIP-seq_2015,HDAC6 K562 hg19,1/2000,0.9992334350116124,0.9999962494958698,0,0,0.1338953058618861,0.00010267881360491484,MYBPC1,ENCODE TF ChIP-seq
ENCODE_TF_ChIP-seq_2015,SMARCC1 HeLa-S3 hg19,1/2000,0.9992334350116124,0.9999962494958698,0,0,0.1338953058618861,0.00010267881360491484,FADD,ENCODE TF ChIP-seq
ENCODE_TF_ChIP-seq_2015,POLR2AphosphoS5 MEL cell line mm9,1/2661,0.9999372286040284,0.9999962494958698,0,0,0.0969139266075636,6.0836134027024705e-06,FADD,ENCODE TF ChIP-seq
ENCODE_TF_ChIP-seq_2015,GATA1 MEL cell line mm9,1/2994,0.9999808805820533,0.9999962494958698,0,0,0.084470730211289,1.6150466346013495e-06,PPFIA1,ENCODE TF ChIP-seq
ENCODE_TF_ChIP-seq_2015,EP300 GM12878 hg19,4/4724,0.9999778179402998,0.9999962494958698,0,0,0.2014300847457627,4.4681837221832555e-06,C10ORF71;MYBPC2;PRAME;FADD,ENCODE TF ChIP-seq
ENCODE_TF_ChIP-seq_2015,MAX HeLa-S3 hg19,2/3575,0.9999729815012895,0.9999962494958698,0,0,0.1387425896242017,3.748667120753139e-06,ANKRD1;PPFIA1,ENCODE TF ChIP-seq
ENCODE_TF_ChIP-seq_2015,YY1 SK-N-SH hg19,1/2871,0.9999708247892972,0.9999962494958698,0,0,0.0887305632118154,2.588770641619386e-06,PRAME,ENCODE TF ChIP-seq
ENCODE_TF_ChIP-seq_2015,FOS MCF 10A hg19,3/4017,0.9999585860935506,0.9999962494958698,0,0,0.1830286305622628,7.58008754527004e-06,SPINK6;FDCSP;PPFIA1,ENCODE TF ChIP-seq
ENCODE_TF_ChIP-seq_2015,USF1 A549 hg19,1/2753,0.9999553452842196,0.9999962494958698,0,0,0.0931751128080527,4.1608010806480435e-06,FADD,ENCODE TF ChIP-seq
ENCODE_TF_ChIP-seq_2015,GATA1 G1E-ER4 mm9,3/3942,0.999946611723556,0.9999962494958698,0,0,0.1873923487023258,1.0004821588449943e-05,NRAP;SMYD1;FADD,ENCODE TF ChIP-seq
ENCODE_TF_ChIP-seq_2015,E2F6 K562 hg19,1/2645,0.9999333627904448,0.9999962494958698,0,0,0.097590715108271,6.503389619590898e-06,PRAME,ENCODE TF ChIP-seq
ENCODE_TF_ChIP-seq_2015,GABPA HeLa-S3 hg19,1/2406,0.9998356106561052,0.9999962494958698,0,0,0.1087721475781177,1.788245185692622e-05,CTTN,ENCODE TF ChIP-seq
ENCODE_TF_ChIP-seq_2015,POLR2A bone marrow mm9,1/2000,0.9992334350116124,0.9999962494958698,0,0,0.1338953058618861,0.00010267881360491484,LTF,ENCODE TF ChIP-seq
ENCODE_TF_ChIP-seq_2015,SMC3 CH12.LX mm9,2/2000,0.9934409918593984,0.9999962494958698,0,0,0.271999271999272,0.0017899219336379,GSTM1;CCND1,ENCODE TF ChIP-seq
ENCODE_TF_ChIP-seq_2015,TBP HepG2 hg19,2/2000,0.9934409918593984,0.9999962494958698,0,0,0.271999271999272,0.0017899219336379,CCND1;ANKRD1,ENCODE TF ChIP-seq
ENCODE_TF_ChIP-seq_2015,EP300 CH12.LX mm9,2/2000,0.9934409918593984,0.9999962494958698,0,0,0.271999271999272,0.0017899219336379,GSTM1;MYBPH,ENCODE TF ChIP-seq
ENCODE_TF_ChIP-seq_2015,CTCF GM12870 hg19,1/1518,0.9953756964924164,0.9999962494958698,0,0,0.1811804523854032,0.0008397765923571917,PRAME,ENCODE TF ChIP-seq
ENCODE_TF_ChIP-seq_2015,GABPA MCF-7 hg19,2/2048,0.9944022866164616,0.9999962494958698,0,0,0.2649071358748778,0.0014870401259542,PRAME;FADD,ENCODE TF ChIP-seq
ENCODE_TF_ChIP-seq_2015,CTCF HeLa-S3 hg19,4/3275,0.9975254901539884,0.9999962494958698,0,0,0.3183468358300214,0.0007887286410627318,MYBPC1;BPIFB1;CCND1;PRAME,ENCODE TF ChIP-seq
ENCODE_TF_ChIP-seq_2015,TCF7L2 HeLa-S3 hg19,3/2827,0.9976897410462058,0.9999962494958698,0,0,0.2796033994334277,0.0006467035713806287,CCND1;PRAME;FADD,ENCODE TF ChIP-seq
ENCODE_TF_ChIP-seq_2015,EGR1 K562 hg19,1/1915,0.998944431521937,0.9999962494958698,0,0,0.1405043746783325,0.00014839032079856608,CTTN,ENCODE TF ChIP-seq
ENCODE_TF_ChIP-seq_2015,CTCF G1E-ER4 mm9,2/2540,0.998948925536996,0.9999962494958698,0,0,0.2076796332115481,0.00021840155722176288,GSTM1;FADD,ENCODE TF ChIP-seq
ENCODE_TF_ChIP-seq_2015,RCOR1 IMR-90 hg19,1/1930,0.9990022880659052,0.9999962494958698,0,0,0.1392957452241127,0.00013904640304656263,ASB5,ENCODE TF ChIP-seq
ENCODE_TF_ChIP-seq_2015,POLR2AphosphoS5 G1E-ER4 mm9,1/1944,0.99905345476605,0.9999962494958698,0,0,0.1381845276960539,0.00013085984825411307,FADD,ENCODE TF ChIP-seq
ENCODE_TF_ChIP-seq_2015,EP300 H1-hESC hg19,2/2611,0.9991797557019482,0.9999962494958698,0,0,0.2012032939591391,0.00016510357651345717,SLC34A2;CCND1,ENCODE TF ChIP-seq
ENCODE_TF_ChIP-seq_2015,MAX H1-hESC hg19,3/3145,0.9991843386390432,0.9999962494958698,0,0,0.2466336973020614,0.0002012516649650398,UPK1B;GSTM1;FADD,ENCODE TF ChIP-seq
ENCODE_TF_ChIP-seq_2015,CTCF HCT116 hg19,3/3149,0.999195143302956,0.9999962494958698,0,0,0.2462614308768154,0.00019828496806537712,PRAME;CACNA1S;NTS,ENCODE TF ChIP-seq
ENCODE_TF_ChIP-seq_2015,CHD1 H1-hESC hg19,4/3635,0.9992007350177268,0.9999962494958698,0,0,0.2805873037730653,0.00022435327718366537,ACTA1;CTTN;NEFM;NTS,ENCODE TF ChIP-seq
ENCODE_TF_ChIP-seq_2015,TRIM28 U2OS hg19,1/2000,0.9992334350116124,0.9999962494958698,0,0,0.1338953058618861,0.00010267881360491484,ANKRD1,ENCODE TF ChIP-seq
ENCODE_TF_ChIP-seq_2015,POLR2A GM18505 hg19,1/2000,0.9992334350116124,0.9999962494958698,0,0,0.1338953058618861,0.00010267881360491484,PPFIA1,ENCODE TF ChIP-seq
ENCODE_TF_ChIP-seq_2015,TAF1 neural cell hg19,1/1546,0.9958292170559848,0.9999962494958698,0,0,0.1776264309520359,0.0007423905419599556,PPFIA1,ENCODE TF ChIP-seq
ENCODE_TF_ChIP-seq_2015,IRF3 GM12878 hg19,1/2000,0.9992334350116124,0.9999962494958698,0,0,0.1338953058618861,0.00010267881360491484,PPFIA1,ENCODE TF ChIP-seq
ENCODE_TF_ChIP-seq_2015,POLR2AphosphoS2 A549 hg19,1/2000,0.9992334350116124,0.9999962494958698,0,0,0.1338953058618861,0.00010267881360491484,ACTA1,ENCODE TF ChIP-seq
ENCODE_TF_ChIP-seq_2015,MYC endothelial cell of umbilical vein hg19,1/2000,0.9992334350116124,0.9999962494958698,0,0,0.1338953058618861,0.00010267881360491484,ANKRD1,ENCODE TF ChIP-seq
ENCODE_TF_ChIP-seq_2015,MXI1 MEL cell line mm9,1/2000,0.9992334350116124,0.9999962494958698,0,0,0.1338953058618861,0.00010267881360491484,PPFIA1,ENCODE TF ChIP-seq
ENCODE_TF_ChIP-seq_2015,ATF2 H1-hESC hg19,1/1906,0.9989081391704868,0.9999962494958698,0,0,0.1412386884475261,0.00015429724242251302,CCND1,ENCODE TF ChIP-seq
ENCODE_TF_ChIP-seq_2015,CTCF mammary epithelial cell hg19,2/2522,0.9988810002779542,0.9999962494958698,0,0,0.2093795093795094,0.00023442679903458815,CCND1;PRAME,ENCODE TF ChIP-seq
ENCODE_TF_ChIP-seq_2015,ZBTB7A ECC-1 hg19,1/1896,0.9988663671551514,0.9999962494958698,0,0,0.142062773205214,0.00016113837888181848,SLC34A2,ENCODE TF ChIP-seq
ENCODE_TF_ChIP-seq_2015,POLR2AphosphoS5 G1E mm9,2/2517,0.9988613851266848,0.9999962494958698,0,0,0.2098560154226158,0.0002390813170309539,SPINK7;FADD,ENCODE TF ChIP-seq
ENCODE_TF_ChIP-seq_2015,CTCF fibroblast of skin of abdomen hg19,2/2317,0.997733381833673,0.9999962494958698,0,0,0.2306040971267753,0.0005232847033724523,CCND1;PRAME,ENCODE TF ChIP-seq
ENCODE_TF_ChIP-seq_2015,REST K562 hg19,3/2834,0.9977411244166308,0.9999962494958698,0,0,0.2787979240822759,0.000630482182197502,ACTA1;NEFM;FADD,ENCODE TF ChIP-seq
ENCODE_TF_ChIP-seq_2015,CTCF fibroblast of the aortic adventitia hg19,2/2332,0.9978464540588392,0.9999962494958698,0,0,0.2289244375081285,0.0004935309049121714,CCND1;PRAME,ENCODE TF ChIP-seq
ENCODE_TF_ChIP-seq_2015,CTCF fibroblast of villous mesenchyme hg19,2/2341,0.9979116489138076,0.9999962494958698,0,0,0.2279269825229637,0.0004764892733236756,GSTM1;PRAME,ENCODE TF ChIP-seq
ENCODE_TF_ChIP-seq_2015,EGR1 ECC-1 hg19,2/2345,0.9979400055496028,0.9999962494958698,0,0,0.2274861288945796,0.0004691035044339245,ACTN2;PPFIA1,ENCODE TF ChIP-seq
ENCODE_TF_ChIP-seq_2015,CTCFL K562 hg19,2/2365,0.9980762733285852,0.9999962494958698,0,0,0.2253042485797458,0.00043384122206372464,CCND1;PRAME,ENCODE TF ChIP-seq
ENCODE_TF_ChIP-seq_2015,EGR1 HCT116 hg19,1/1772,0.9981968756850128,0.9999962494958698,0,0,0.1530546027625846,0.00027622558520406116,PPFIA1,ENCODE TF ChIP-seq
ENCODE_TF_ChIP-seq_2015,GATA2 SH-SY5Y hg19,1/2000,0.9992334350116124,0.9999962494958698,0,0,0.1338953058618861,0.00010267881360491484,FADD,ENCODE TF ChIP-seq
ENCODE_TF_ChIP-seq_2015,SPI1 K562 hg19,1/1543,0.9957828041253848,0.9999962494958698,0,0,0.1780010453568732,0.0007522525896570213,PRAME,ENCODE TF ChIP-seq
ENCODE_TF_ChIP-seq_2015,NFATC1 GM12878 hg19,1/1532,0.9956082248297492,0.9999962494958698,0,0,0.1793871920605984,0.0007895632800224377,CTTN,ENCODE TF ChIP-seq
ENCODE_TF_ChIP-seq_2015,HDAC2 K562 hg19,3/2623,0.9955900990136568,0.9999962494958698,0,0,0.3049677040516735,0.0013478515139216,SLC34A2;CKM;PRAME,ENCODE TF ChIP-seq
ENCODE_TF_ChIP-seq_2015,CTCF LNCaP clone FGC hg19,3/2661,0.9960851638421196,0.9999962494958698,0,0,0.2999479076228512,0.0011765514228636,CCND1;PPFIA1;PRAME,ENCODE TF ChIP-seq
ENCODE_TF_ChIP-seq_2015,CTCF BJ hg19,2/2158,0.99611990224599,0.9999962494958698,0,0,0.2498453927025355,0.000971310157226949,CCND1;PRAME,ENCODE TF ChIP-seq
ENCODE_TF_ChIP-seq_2015,USF1 GM12878 hg19,2/2162,0.9961715955579667,0.9999962494958698,0,0,0.2493265993265993,0.0009563548873521704,TNNC1;FADD,ENCODE TF ChIP-seq
ENCODE_TF_ChIP-seq_2015,JUND HepG2 hg19,4/3153,0.9964165486738368,0.9999962494958698,0,0,0.3331017783423309,0.0011957978329268,CCND1;ANKRD1;PRAME;NTS,ENCODE TF ChIP-seq
ENCODE_TF_ChIP-seq_2015,USF1 HepG2 hg19,1/1608,0.9966831736703384,0.9999962494958698,0,0,0.1701975498982994,0.0005654539903456283,FADD,ENCODE TF ChIP-seq
ENCODE_TF_ChIP-seq_2015,MAX SK-N-SH hg19,1/1609,0.9966954267428748,0.9999962494958698,0,0,0.1700824237023836,0.000562980547274482,ANKRD1,ENCODE TF ChIP-seq
ENCODE_TF_ChIP-seq_2015,CEBPB K562 hg19,3/2716,0.9967085873895848,0.9999962494958698,0,0,0.2929314695625053,0.0009657485446739774,SLC34A2;ANKRD1;PRAME,ENCODE TF ChIP-seq
ENCODE_TF_ChIP-seq_2015,USF1 SK-N-SH hg19,3/2726,0.9968112135858352,0.9999962494958698,0,0,0.2916862058250233,0.0009316111555063364,PIGR;ACTN2;FADD,ENCODE TF ChIP-seq
ENCODE_TF_ChIP-seq_2015,RAD21 MEL cell line mm9,4/3199,0.9968810307701343,0.9999962494958698,0,0,0.327406103286385,0.0010227653791085,MYOG;GSTM1;SCGB3A1;FADD,ENCODE TF ChIP-seq
ENCODE_TF_ChIP-seq_2015,SIN3A PFSK-1 hg19,1/1632,0.9969652463993632,0.9999962494958698,0,0,0.1674734848138217,0.000509013517602903,CCND1,ENCODE TF ChIP-seq
ENCODE_TF_ChIP-seq_2015,CTCF foreskin fibroblast hg19,3/2745,0.9969978201299808,0.9999962494958698,0,0,0.2893452280760815,0.0008699729813131447,GSTM1;CCND1;PRAME,ENCODE TF ChIP-seq
ENCODE_TF_ChIP-seq_2015,CTCF fibroblast of gingiva hg19,2/2237,0.9970260500369724,0.9999962494958698,0,0,0.2399430547081553,0.0007146418206843613,CCND1;PRAME,ENCODE TF ChIP-seq
ENCODE_TF_ChIP-seq_2015,CTCF GM12865 hg19,1/1640,0.997053906777978,0.9999962494958698,0,0,0.1665831914254232,0.0004914939606910779,PRAME,ENCODE TF ChIP-seq
ENCODE_TF_ChIP-seq_2015,REST SK-N-SH hg19,1/1645,0.9971080170655466,0.9999962494958698,0,0,0.166031158078222,0.0004808549234900465,CCND1,ENCODE TF ChIP-seq
ENCODE_TF_ChIP-seq_2015,BHLHE40 HepG2 hg19,2/2249,0.997144364778179,0.9999962494958698,0,0,0.2384998179390702,0.0006820427773417075,CCND1;TNNC1,ENCODE TF ChIP-seq
ENCODE_TF_ChIP-seq_2015,MAFK HepG2 hg19,4/3120,0.9960436650317986,0.9999962494958698,0,0,0.3372913992297818,0.0013370844818197,CCND1;ANKRD1;MYH8;FADD,ENCODE TF ChIP-seq
ENCODE_TF_ChIP-seq_2015,EP300 HepG2 hg19,4/3119,0.9960318105383552,0.9999962494958698,0,0,0.3374197431781701,0.001341609112577,SLC34A2;CCND1;CTTN;ANKRD1,ENCODE TF ChIP-seq
ENCODE_TF_ChIP-seq_2015,CTCF HepG2 hg19,4/3081,0.9955555537914692,0.9999962494958698,0,0,0.3423586285342866,0.0015249858832714,BPIFB1;CCND1;PRAME;MYH7,ENCODE TF ChIP-seq
ENCODE_TF_ChIP-seq_2015,HNF4A HepG2 hg19,3/2620,0.9955485659379724,0.9999962494958698,0,0,0.305370212515799,0.0013623698700082,CCND1;TCAP;MYH7,ENCODE TF ChIP-seq
ENCODE_TF_ChIP-seq_2015,REST A549 hg19,1/1527,0.9955265334674552,0.9999962494958698,0,0,0.1800238649478688,0.000807137435104107,FADD,ENCODE TF ChIP-seq
ENCODE_TF_ChIP-seq_2015,TAF1 PFSK-1 hg19,1/1503,0.9951130832573264,0.9999962494958698,0,0,0.1831388993779438,0.0008971785619806913,PPFIA1,ENCODE TF ChIP-seq
ENCODE_TF_ChIP-seq_2015,POLR2AphosphoS5 Panc1 hg19,1/1656,0.9972236332525536,0.9999962494958698,0,0,0.1648284258465978,0.00045826060508073947,FADD,ENCODE TF ChIP-seq
ENCODE_TF_ChIP-seq_2015,CTCF GM12875 hg19,2/2082,0.99499936925485,0.9999962494958698,0,0,0.2600815850815851,0.0013038346923535,GSTM1;PRAME,ENCODE TF ChIP-seq
ENCODE_TF_ChIP-seq_2015,POLR2AphosphoS5 GM12892 hg19,1/1702,0.9976596933485378,0.9999962494958698,0,0,0.1599673589723341,0.0003748114323356312,GSTM1,ENCODE TF ChIP-seq
ENCODE_TF_ChIP-seq_2015,GABPA K562 hg19,1/1494,0.9949485143873996,0.9999962494958698,0,0,0.1843328568143875,0.0009335145819776902,CTTN,ENCODE TF ChIP-seq
ENCODE_TF_ChIP-seq_2015,NFIC HepG2 hg19,1/1493,0.9949298950681468,0.9999962494958698,0,0,0.1844664079068464,0.0009376430324644538,ANKRD1,ENCODE TF ChIP-seq
ENCODE_TF_ChIP-seq_2015,CTCF GM12874 hg19,2/2065,0.9947089523429666,0.9999962494958698,0,0,0.2624744781797617,0.0013924519948553,PRAME;NTS,ENCODE TF ChIP-seq
ENCODE_TF_ChIP-seq_2015,PBX3 SK-N-SH hg19,2/2063,0.9946737338344116,0.9999962494958698,0,0,0.2627585902695073,0.0014032625904059,CCND1;ANKRD1,ENCODE TF ChIP-seq
ENCODE_TF_ChIP-seq_2015,CTCF fibroblast of pedal digit skin hg19,2/2060,0.99462048140298,0.9999962494958698,0,0,0.2631857937980387,0.0014196347808942,GSTM1;CCND1,ENCODE TF ChIP-seq
ENCODE_TF_ChIP-seq_2015,GABPA SK-N-SH hg19,2/2142,0.9959062952656544,0.9999962494958698,0,0,0.2519399603511753,0.0010334846452122,CTTN;PRAME,ENCODE TF ChIP-seq
ENCODE_TF_ChIP-seq_2015,MAX ECC-1 hg19,1/1558,0.9960098855888474,0.9999962494958698,0,0,0.1761424093405803,0.0007042342898317336,ACTN2,ENCODE TF ChIP-seq
ENCODE_TF_ChIP-seq_2015,ZBTB33 GM12878 hg19,1/1493,0.9949298950681468,0.9999962494958698,0,0,0.1844664079068464,0.0009376430324644538,FADD,ENCODE TF ChIP-seq
ENCODE_TF_ChIP-seq_2015,REST PFSK-1 hg19,2/2387,0.9982160580137004,0.9999962494958698,0,0,0.222946445587955,0.0003980787053051091,CCND1;NEFM,ENCODE TF ChIP-seq
ENCODE_TF_ChIP-seq_2015,CTCF GM12864 hg19,1/1804,0.9983999786915716,0.9999962494958698,0,0,0.1500732609829388,0.00024031271944305535,PRAME,ENCODE TF ChIP-seq
ENCODE_TF_ChIP-seq_2015,MBD4 HepG2 hg19,1/1809,0.9984296041043116,0.9999962494958698,0,0,0.1496169594505349,0.0002351425408496077,CCND1,ENCODE TF ChIP-seq
ENCODE_TF_ChIP-seq_2015,POLR2A thymus mm9,2/2000,0.9934409918593984,0.9999962494958698,0,0,0.271999271999272,0.0017899219336379,PPFIA1;FADD,ENCODE TF ChIP-seq
ENCODE_TF_ChIP-seq_2015,ZNF384 CH12.LX mm9,2/2000,0.9934409918593984,0.9999962494958698,0,0,0.271999271999272,0.0017899219336379,KRT24;SHANK2,ENCODE TF ChIP-seq
ENCODE_TF_ChIP-seq_2015,CTCF B cell hg19,2/2000,0.9934409918593984,0.9999962494958698,0,0,0.271999271999272,0.0017899219336379,GSTM1;PRAME,ENCODE TF ChIP-seq
ENCODE_TF_ChIP-seq_2015,MXI1 HepG2 hg19,2/2000,0.9934409918593984,0.9999962494958698,0,0,0.271999271999272,0.0017899219336379,ANKRD1;PPFIA1,ENCODE TF ChIP-seq
ENCODE_TF_ChIP-seq_2015,CTCF GM12891 hg19,2/2000,0.9934409918593984,0.9999962494958698,0,0,0.271999271999272,0.0017899219336379,CCND1;PRAME,ENCODE TF ChIP-seq
ENCODE_TF_ChIP-seq_2015,CTCF C2C12 mm9,2/2000,0.9934409918593984,0.9999962494958698,0,0,0.271999271999272,0.0017899219336379,GSTM1;PPFIA1,ENCODE TF ChIP-seq
ENCODE_TF_ChIP-seq_2015,GTF2F1 HeLa-S3 hg19,2/2000,0.9934409918593984,0.9999962494958698,0,0,0.271999271999272,0.0017899219336379,PPFIA1;FADD,ENCODE TF ChIP-seq
ENCODE_TF_ChIP-seq_2015,BHLHE40 K562 hg19,2/2000,0.9934409918593984,0.9999962494958698,0,0,0.271999271999272,0.0017899219336379,PPFIA1;FADD,ENCODE TF ChIP-seq
ENCODE_TF_ChIP-seq_2015,POLR2A testis mm9,2/2000,0.9934409918593984,0.9999962494958698,0,0,0.271999271999272,0.0017899219336379,DES;ACTN2,ENCODE TF ChIP-seq
ENCODE_TF_ChIP-seq_2015,USF1 myocyte mm9,2/2000,0.9934409918593984,0.9999962494958698,0,0,0.271999271999272,0.0017899219336379,GSTM1;FADD,ENCODE TF ChIP-seq
ENCODE_TF_ChIP-seq_2015,POLR2AphosphoS5 K562 hg19,1/1459,0.9942549543540858,0.9999962494958698,0,0,0.1891161476567778,0.0010896138468932,PPFIA1,ENCODE TF ChIP-seq
ENCODE_TF_ChIP-seq_2015,POLR2A GM10847 hg19,2/2000,0.9934409918593984,0.9999962494958698,0,0,0.271999271999272,0.0017899219336379,GSTM1;PPFIA1,ENCODE TF ChIP-seq
ENCODE_TF_ChIP-seq_2015,CTCF CD14-positive monocyte hg19,2/2000,0.9934409918593984,0.9999962494958698,0,0,0.271999271999272,0.0017899219336379,PRAME;NTS,ENCODE TF ChIP-seq
ENCODE_TF_ChIP-seq_2015,MAFK HeLa-S3 hg19,2/2000,0.9934409918593984,0.9999962494958698,0,0,0.271999271999272,0.0017899219336379,PRAME;FADD,ENCODE TF ChIP-seq
ENCODE_TF_ChIP-seq_2015,MAX NB4 hg19,2/2000,0.9934409918593984,0.9999962494958698,0,0,0.271999271999272,0.0017899219336379,CCND1;PRAME,ENCODE TF ChIP-seq
ENCODE_TF_ChIP-seq_2015,CCNT2 K562 hg19,2/2000,0.9934409918593984,0.9999962494958698,0,0,0.271999271999272,0.0017899219336379,CTTN;PPFIA1,ENCODE TF ChIP-seq
ENCODE_TF_ChIP-seq_2015,BACH1 K562 hg19,2/2000,0.9934409918593984,0.9999962494958698,0,0,0.271999271999272,0.0017899219336379,PRAME;FADD,ENCODE TF ChIP-seq
ENCODE_TF_ChIP-seq_2015,GTF2B K562 hg19,2/2000,0.9934409918593984,0.9999962494958698,0,0,0.271999271999272,0.0017899219336379,CTTN;PRAME,ENCODE TF ChIP-seq
ENCODE_TF_ChIP-seq_2015,POLR2A GM15510 hg19,2/2000,0.9934409918593984,0.9999962494958698,0,0,0.271999271999272,0.0017899219336379,CTTN;PPFIA1,ENCODE TF ChIP-seq
ENCODE_TF_ChIP-seq_2015,CTCF cerebellum mm9,2/2000,0.9934409918593984,0.9999962494958698,0,0,0.271999271999272,0.0017899219336379,GSTM1;FADD,ENCODE TF ChIP-seq
ENCODE_TF_ChIP-seq_2015,MAFK ES-E14 mm9,1/1433,0.9936797526569195,0.9999962494958698,0,0,0.1928208121404152,0.0012225426942333,NEFM,ENCODE TF ChIP-seq
ENCODE_TF_ChIP-seq_2015,POLR2AphosphoS5 GM12878 hg19,1/1431,0.9936332253620628,0.9999962494958698,0,0,0.1931113662456946,0.0012334272052503,GSTM1,ENCODE TF ChIP-seq
ENCODE_TF_ChIP-seq_2015,CREB1 HepG2 hg19,1/1423,0.9934437159380906,0.9999962494958698,0,0,0.1942817557780716,0.0012779603071388,CCND1,ENCODE TF ChIP-seq
ENCODE_TF_ChIP-seq_2015,RAD21 CH12.LX mm9,2/2000,0.9934409918593984,0.9999962494958698,0,0,0.271999271999272,0.0017899219336379,GSTM1;CCND1,ENCODE TF ChIP-seq
ENCODE_TF_ChIP-seq_2015,CTCF GM13977 hg19,2/2000,0.9934409918593984,0.9999962494958698,0,0,0.271999271999272,0.0017899219336379,CCND1;PRAME,ENCODE TF ChIP-seq
ENCODE_TF_ChIP-seq_2015,MAFF HepG2 hg19,2/2000,0.9934409918593984,0.9999962494958698,0,0,0.271999271999272,0.0017899219336379,CCND1;MYH8,ENCODE TF ChIP-seq
ENCODE_TF_ChIP-seq_2015,SMARCB1 HeLa-S3 hg19,2/2000,0.9934409918593984,0.9999962494958698,0,0,0.271999271999272,0.0017899219336379,ACTC1;PPFIA1,ENCODE TF ChIP-seq
ENCODE_TF_ChIP-seq_2015,USF2 K562 hg19,2/2000,0.9934409918593984,0.9999962494958698,0,0,0.271999271999272,0.0017899219336379,ACTN2;PRAME,ENCODE TF ChIP-seq
ENCODE_TF_ChIP-seq_2015,SMC3 HeLa-S3 hg19,2/2000,0.9934409918593984,0.9999962494958698,0,0,0.271999271999272,0.0017899219336379,TNNC1;PRAME,ENCODE TF ChIP-seq
ENCODE_TF_ChIP-seq_2015,TCF7L2 MCF-7 hg19,2/2000,0.9934409918593984,0.9999962494958698,0,0,0.271999271999272,0.0017899219336379,CCND1;ANKRD1,ENCODE TF ChIP-seq
ENCODE_TF_ChIP-seq_2015,BRCA1 HepG2 hg19,2/2000,0.9934409918593984,0.9999962494958698,0,0,0.271999271999272,0.0017899219336379,ANKRD1;PRAME,ENCODE TF ChIP-seq
ENCODE_TF_ChIP-seq_2015,HMGN3 K562 hg19,2/2000,0.9934409918593984,0.9999962494958698,0,0,0.271999271999272,0.0017899219336379,PPFIA1;PRAME,ENCODE TF ChIP-seq
ENCODE_TF_ChIP-seq_2015,MAZ MEL cell line mm9,2/2000,0.9934409918593984,0.9999962494958698,0,0,0.271999271999272,0.0017899219336379,PPFIA1;FADD,ENCODE TF ChIP-seq
ENCODE_TF_ChIP-seq_2015,RFX5 HeLa-S3 hg19,2/2000,0.9934409918593984,0.9999962494958698,0,0,0.271999271999272,0.0017899219336379,PRAME;FADD,ENCODE TF ChIP-seq
ENCODE_TF_ChIP-seq_2015,EZH2 K562 hg19,2/2000,0.9934409918593984,0.9999962494958698,0,0,0.271999271999272,0.0017899219336379,CSRP3;UPK1B,ENCODE TF ChIP-seq
ENCODE_TF_ChIP-seq_2015,TAF1 HepG2 hg19,1/1849,0.998647907328069,0.9999962494958698,0,0,0.1460554371002132,0.0001976141126217886,PPFIA1,ENCODE TF ChIP-seq
ENCODE_TF_ChIP-seq_2015,ELF1 MCF-7 hg19,1/1859,0.998697623473959,0.9999962494958698,0,0,0.1451890172388863,0.00018921400859507736,FADD,ENCODE TF ChIP-seq
ENCODE_TF_ChIP-seq_2015,CREB1 H1-hESC hg19,1/1863,0.9987170004895268,0.9999962494958698,0,0,0.1448450550683745,0.00018595545064788537,CCND1,ENCODE TF ChIP-seq
ENCODE_TF_ChIP-seq_2015,ZBTB7A HepG2 hg19,1/1881,0.9988007321321094,0.9999962494958698,0,0,0.143315338202604,0.00017197662372607782,CTTN,ENCODE TF ChIP-seq
ENCODE_TF_ChIP-seq_2015,RAD21 A549 hg19,3/3040,0.9988448356538812,0.9999962494958698,0,0,0.2567564144778501,0.00029676729616161886,UPK1B;CCND1;PRAME,ENCODE TF ChIP-seq
ENCODE_TF_ChIP-seq_2015,EBF1 GM12878 hg19,3/2924,0.9983113668369638,0.9999962494958698,0,0,0.26878571616675,0.0004542641248376772,MYBPC2;GSTM1;CTTN,ENCODE TF ChIP-seq
ENCODE_TF_ChIP-seq_2015,CTCF kidney hg19,1/2000,0.9992334350116124,0.9999962494958698,0,0,0.1338953058618861,0.00010267881360491484,PRAME,ENCODE TF ChIP-seq
ENCODE_TF_ChIP-seq_2015,POLR2AphosphoS5 HL-60 hg19,1/1459,0.9942549543540858,0.9999962494958698,0,0,0.1891161476567778,0.0010896138468932,PRAME,ENCODE TF ChIP-seq
ENCODE_TF_ChIP-seq_2015,MYC H1-hESC hg19,4/2971,0.9938533543389138,0.9999962494958698,0,0,0.3573685540950455,0.0022033965801121,SLC34A2;UPK1B;ACTN2;LTF,ENCODE TF ChIP-seq
ENCODE_TF_ChIP-seq_2015,CTCF GM12892 hg19,2/2000,0.9934409918593984,0.9999962494958698,0,0,0.271999271999272,0.0017899219336379,GSTM1;PRAME,ENCODE TF ChIP-seq
ENCODE_TF_ChIP-seq_2015,USF2 HepG2 hg19,2/2000,0.9934409918593984,0.9999962494958698,0,0,0.271999271999272,0.0017899219336379,PIGR;UPK1B,ENCODE TF ChIP-seq
ENCODE_TF_ChIP-seq_2015,USF2 CH12.LX mm9,2/2000,0.9934409918593984,0.9999962494958698,0,0,0.271999271999272,0.0017899219336379,PIGR;PRAME,ENCODE TF ChIP-seq
ENCODE_TF_ChIP-seq_2015,POLR2A limb mm9,2/2000,0.9934409918593984,0.9999962494958698,0,0,0.271999271999272,0.0017899219336379,ACTC1;PPFIA1,ENCODE TF ChIP-seq
ENCODE_TF_ChIP-seq_2015,CTCF GM20000 hg19,2/2000,0.9934409918593984,0.9999962494958698,0,0,0.271999271999272,0.0017899219336379,GSTM1;PRAME,ENCODE TF ChIP-seq
ENCODE_TF_ChIP-seq_2015,TBP K562 hg19,2/2000,0.9934409918593984,0.9999962494958698,0,0,0.271999271999272,0.0017899219336379,ACTN2;PPFIA1,ENCODE TF ChIP-seq
ENCODE_TF_ChIP-seq_2015,CTCF bone marrow mm9,2/2000,0.9934409918593984,0.9999962494958698,0,0,0.271999271999272,0.0017899219336379,GSTM1;FADD,ENCODE TF ChIP-seq
ENCODE_TF_ChIP-seq_2015,E2F4 K562 hg19,2/2000,0.9934409918593984,0.9999962494958698,0,0,0.271999271999272,0.0017899219336379,PPFIA1;PRAME,ENCODE TF ChIP-seq
ENCODE_TF_ChIP-seq_2015,CTCF GM10266 hg19,2/2000,0.9934409918593984,0.9999962494958698,0,0,0.271999271999272,0.0017899219336379,CCND1;PRAME,ENCODE TF ChIP-seq
ENCODE_TF_ChIP-seq_2015,ZNF384 ES-E14 mm9,2/2000,0.9934409918593984,0.9999962494958698,0,0,0.271999271999272,0.0017899219336379,PPFIA1;NEFM,ENCODE TF ChIP-seq
ENCODE_TF_ChIP-seq_2015,POLR2A cerebellum mm9,2/2000,0.9934409918593984,0.9999962494958698,0,0,0.271999271999272,0.0017899219336379,CCND1;ACTN2,ENCODE TF ChIP-seq
ENCODE_TF_ChIP-seq_2015,HCFC1 K562 hg19,2/2000,0.9934409918593984,0.9999962494958698,0,0,0.271999271999272,0.0017899219336379,PPFIA1;PRAME,ENCODE TF ChIP-seq
ENCODE_TF_ChIP-seq_2015,GATA3 SH-SY5Y hg19,2/2000,0.9934409918593984,0.9999962494958698,0,0,0.271999271999272,0.0017899219336379,KRT24;FGF3,ENCODE TF ChIP-seq
ENCODE_TF_ChIP-seq_2015,MXI1 SK-N-SH hg19,2/2000,0.9934409918593984,0.9999962494958698,0,0,0.271999271999272,0.0017899219336379,ACTN2;PRAME,ENCODE TF ChIP-seq
ENCODE_TF_ChIP-seq_2015,CREBBP K562 hg19,2/2000,0.9934409918593984,0.9999962494958698,0,0,0.271999271999272,0.0017899219336379,FADD;ADH7,ENCODE TF ChIP-seq
ENCODE_TF_ChIP-seq_2015,CTCF IMR-90 hg19,2/2000,0.9934409918593984,0.9999962494958698,0,0,0.271999271999272,0.0017899219336379,CCND1;PRAME,ENCODE TF ChIP-seq
ENCODE_TF_ChIP-seq_2015,CTCF brain mm9,2/2000,0.9934409918593984,0.9999962494958698,0,0,0.271999271999272,0.0017899219336379,ANO1;CCND1,ENCODE TF ChIP-seq
ENCODE_TF_ChIP-seq_2015,ZNF384 MEL cell line mm9,1/2000,0.9992334350116124,0.9999962494958698,0,0,0.1338953058618861,0.00010267881360491484,PPFIA1,ENCODE TF ChIP-seq
ENCODE_TF_ChIP-seq_2015,CTCF thymus mm9,2/2000,0.9934409918593984,0.9999962494958698,0,0,0.271999271999272,0.0017899219336379,CHRND;PPFIA1,ENCODE TF ChIP-seq
ENCODE_TF_ChIP-seq_2015,TCF7L2 Panc1 hg19,2/2000,0.9934409918593984,0.9999962494958698,0,0,0.271999271999272,0.0017899219336379,CCND1;FADD,ENCODE TF ChIP-seq
ENCODE_TF_ChIP-seq_2015,YY1 GM12878 hg19,2/2000,0.9934409918593984,0.9999962494958698,0,0,0.271999271999272,0.0017899219336379,GSTM1;PPFIA1,ENCODE TF ChIP-seq
ENCODE_TF_ChIP-seq_2015,RELA GM12891 hg19,2/2000,0.9934409918593984,0.9999962494958698,0,0,0.271999271999272,0.0017899219336379,PPFIA1;FADD,ENCODE TF ChIP-seq
ENCODE_TF_ChIP-seq_2015,CTCF T-cell acute lymphoblastic leukemia hg19,2/2000,0.9934409918593984,0.9999962494958698,0,0,0.271999271999272,0.0017899219336379,FADD;STATH,ENCODE TF ChIP-seq
ENCODE_TF_ChIP-seq_2015,RELA GM18951 hg19,1/2000,0.9992334350116124,0.9999962494958698,0,0,0.1338953058618861,0.00010267881360491484,FADD,ENCODE TF ChIP-seq
ENCODE_TF_ChIP-seq_2015,CHD2 H1-hESC hg19,1/2000,0.9992334350116124,0.9999962494958698,0,0,0.1338953058618861,0.00010267881360491484,UPK1B,ENCODE TF ChIP-seq
ENCODE_TF_ChIP-seq_2015,BRCA1 GM12878 hg19,1/2000,0.9992334350116124,0.9999962494958698,0,0,0.1338953058618861,0.00010267881360491484,FADD,ENCODE TF ChIP-seq
ENCODE_TF_ChIP-seq_2015,POLR2AphosphoS2 GM12878 hg19,2/2000,0.9934409918593984,0.9999962494958698,0,0,0.271999271999272,0.0017899219336379,GSTM1;CTTN,ENCODE TF ChIP-seq
ENCODE_TF_ChIP-seq_2015,CTCF astrocyte hg19,2/2000,0.9934409918593984,0.9999962494958698,0,0,0.271999271999272,0.0017899219336379,GSTM1;PRAME,ENCODE TF ChIP-seq
ENCODE_TF_ChIP-seq_2015,KDM5A H1-hESC hg19,2/2000,0.9934409918593984,0.9999962494958698,0,0,0.271999271999272,0.0017899219336379,MYH1;NRAP,ENCODE TF ChIP-seq
ENCODE_TF_ChIP-seq_2015,POLR2AphosphoS2 K562 hg19,6/3782,0.9933713493182754,0.9999962494958698,0,0,0.4140582285401858,0.0027537844131236,ANO1;SLN;CKM;TNNC1;MYL2;PPFIA1,ENCODE TF ChIP-seq
ENCODE_TF_ChIP-seq_2015,TFAP2A HeLa-S3 hg19,2/1995,0.9933321581124384,0.9999962494958698,0,0,0.2727576821906977,0.0018247956062764,CSRP3;ANKRD1,ENCODE TF ChIP-seq
ENCODE_TF_ChIP-seq_2015,E2F6 H1-hESC hg19,2/1994,0.9933101835061866,0.9999962494958698,0,0,0.2729098211025922,0.0018318508503348,ACTN2;SCGB3A1,ENCODE TF ChIP-seq
ENCODE_TF_ChIP-seq_2015,FOXA1 HepG2 hg19,3/2272,0.987158806771312,0.9999962494958698,0,0,0.3592839949825406,0.0046435135521482,CCND1;CTTN;ANKRD1,ENCODE TF ChIP-seq
ENCODE_TF_ChIP-seq_2015,GTF3C2 HeLa-S3 hg19,1/1236,0.9870313147181564,0.9999962494958698,0,0,0.2259592724635929,0.002949562273587,CTTN,ENCODE TF ChIP-seq
ENCODE_TF_ChIP-seq_2015,YY1 H1-hESC hg19,2/1595,0.9759507171058488,0.9999962494958698,0,0,0.3488557895337556,0.0084922622831987,SLC34A2;GSTM1,ENCODE TF ChIP-seq
ENCODE_TF_ChIP-seq_2015,CREB1 A549 hg19,1/1103,0.9790191581631452,0.9999962494958698,0,0,0.2550315572771351,0.0054077063624152,PRAME,ENCODE TF ChIP-seq
ENCODE_TF_ChIP-seq_2015,POU2F2 GM12891 hg19,2/1684,0.9818124464090376,0.9999962494958698,0,0,0.3287932836089792,0.0060349942452838,PRAME;FADD,ENCODE TF ChIP-seq
ENCODE_TF_ChIP-seq_2015,SUPT20H GM12878 hg19,1/1132,0.981103039686849,0.9999962494958698,0,0,0.2481095847024823,0.0047333824482309,ANKRD1,ENCODE TF ChIP-seq
ENCODE_TF_ChIP-seq_2015,POLR2AphosphoS5 HepG2 hg19,2/1668,0.9808705158325864,0.9999962494958698,0,0,0.3322419877041725,0.0064171942368572,TNNC1;FADD,ENCODE TF ChIP-seq
ENCODE_TF_ChIP-seq_2015,CTCF fibroblast of upper leg skin hg19,2/1665,0.9806887985180728,0.9999962494958698,0,0,0.332896007580313,0.0064915049627652,CCND1;PRAME,ENCODE TF ChIP-seq
ENCODE_TF_ChIP-seq_2015,CTCF astrocyte of the cerebellum hg19,2/1663,0.9805667401891006,0.9999962494958698,0,0,0.3333333333333333,0.0065415227189221,CCND1;PRAME,ENCODE TF ChIP-seq
ENCODE_TF_ChIP-seq_2015,CTCF HEK293 hg19,2/1654,0.9800083143216362,0.9999962494958698,0,0,0.3353144031110133,0.0067714139495123,PRAME;NTS,ENCODE TF ChIP-seq
ENCODE_TF_ChIP-seq_2015,KAT2A HeLa-S3 hg19,1/1112,0.9796890115825944,0.9999962494958698,0,0,0.25284468745382,0.005188396450227,FADD,ENCODE TF ChIP-seq
ENCODE_TF_ChIP-seq_2015,BRCA1 HeLa-S3 hg19,2/2000,0.9934409918593984,0.9999962494958698,0,0,0.271999271999272,0.0017899219336379,CCND1;PRAME,ENCODE TF ChIP-seq
ENCODE_TF_ChIP-seq_2015,ATF1 K562 hg19,2/2000,0.9934409918593984,0.9999962494958698,0,0,0.271999271999272,0.0017899219336379,CCND1;PRAME,ENCODE TF ChIP-seq
ENCODE_TF_ChIP-seq_2015,NRF1 K562 hg19,2/2000,0.9934409918593984,0.9999962494958698,0,0,0.271999271999272,0.0017899219336379,PPFIA1;FADD,ENCODE TF ChIP-seq
ENCODE_TF_ChIP-seq_2015,RFX5 K562 hg19,2/2000,0.9934409918593984,0.9999962494958698,0,0,0.271999271999272,0.0017899219336379,CCND1;PRAME,ENCODE TF ChIP-seq
ENCODE_TF_ChIP-seq_2015,CTCF GM12869 hg19,2/1832,0.9886604917754916,0.9999962494958698,0,0,0.2997516145057128,0.0034184545338418,CCND1;PRAME,ENCODE TF ChIP-seq
ENCODE_TF_ChIP-seq_2015,YY1 ECC-1 hg19,2/1791,0.9870625576436792,0.9999962494958698,0,0,0.3073157511391161,0.0040018226725758,SLC34A2;ANKRD1,ENCODE TF ChIP-seq
ENCODE_TF_ChIP-seq_2015,CHD2 MEL cell line mm9,2/1826,0.98843908412279,0.9999962494958698,0,0,0.3008373205741627,0.0034982154327041,SMYD1;FADD,ENCODE TF ChIP-seq
ENCODE_TF_ChIP-seq_2015,SP1 A549 hg19,2/1825,0.9884017819252672,0.9999962494958698,0,0,0.3010189664056916,0.0035116878734934,PRAME;FADD,ENCODE TF ChIP-seq
ENCODE_TF_ChIP-seq_2015,CTCF GM12872 hg19,2/1823,0.988326830902046,0.9999962494958698,0,0,0.3013828565723129,0.0035387879028584,CCND1;PRAME,ENCODE TF ChIP-seq
ENCODE_TF_ChIP-seq_2015,SIN3A MCF-7 hg19,1/1259,0.9880706392802758,0.9999962494958698,0,0,0.2215551811688774,0.0026589029032207,ANKRD1,ENCODE TF ChIP-seq
ENCODE_TF_ChIP-seq_2015,CTCF GM12866 hg19,2/1812,0.9879062245975588,0.9999962494958698,0,0,0.3033986271555332,0.0036916028304611,CCND1;PRAME,ENCODE TF ChIP-seq
ENCODE_TF_ChIP-seq_2015,IRF3 HeLa-S3 hg19,2/1809,0.987789015064756,0.9999962494958698,0,0,0.3039526420821384,0.0037344082228482,MYBPC2;CCND1,ENCODE TF ChIP-seq
ENCODE_TF_ChIP-seq_2015,GATA3 T47D hg19,1/1102,0.978943399450614,0.9999962494958698,0,0,0.2552767497661556,0.0054326600960174,FADD,ENCODE TF ChIP-seq
ENCODE_TF_ChIP-seq_2015,TAF1 SK-N-SH hg19,1/1241,0.9872645881483132,0.9999962494958698,0,0,0.2249879634087626,0.0028837162590017,PRAME,ENCODE TF ChIP-seq
ENCODE_TF_ChIP-seq_2015,NR2F2 K562 hg19,1/1392,0.9926553988914072,0.9999962494958698,0,0,0.1989441720227046,0.0014665578444585,PRAME,ENCODE TF ChIP-seq
ENCODE_TF_ChIP-seq_2015,GATA1 erythroblast mm9,2/1971,0.9927850723199374,0.9999962494958698,0,0,0.27645166751312,0.0020018089567467,TNNC1;NRAP,ENCODE TF ChIP-seq
ENCODE_TF_ChIP-seq_2015,CTCF GM12871 hg19,2/1993,0.9932881391149476,0.9999962494958698,0,0,0.2730621128411183,0.0018389331729717,CCND1;PRAME,ENCODE TF ChIP-seq
ENCODE_TF_ChIP-seq_2015,MAFK H1-hESC hg19,2/2000,0.9934409918593984,0.9999962494958698,0,0,0.271999271999272,0.0017899219336379,MYH8;NEFM,ENCODE TF ChIP-seq
ENCODE_TF_ChIP-seq_2015,ELK1 GM12878 hg19,2/2000,0.9934409918593984,0.9999962494958698,0,0,0.271999271999272,0.0017899219336379,CTTN;PRAME,ENCODE TF ChIP-seq
ENCODE_TF_ChIP-seq_2015,ELK4 HEK293 hg19,2/2000,0.9934409918593984,0.9999962494958698,0,0,0.271999271999272,0.0017899219336379,CTTN;FADD,ENCODE TF ChIP-seq
ENCODE_TF_ChIP-seq_2015,POLR2A cortical plate mm9,2/2000,0.9934409918593984,0.9999962494958698,0,0,0.271999271999272,0.0017899219336379,ACTN2;FADD,ENCODE TF ChIP-seq
ENCODE_TF_ChIP-seq_2015,POLR2A GM19193 hg19,2/2000,0.9934409918593984,0.9999962494958698,0,0,0.271999271999272,0.0017899219336379,GSTM1;PPFIA1,ENCODE TF ChIP-seq
ENCODE_TF_ChIP-seq_2015,TEAD4 K562 hg19,1/1358,0.9916831567235064,0.9999962494958698,0,0,0.2043027310023207,0.0017062590153758,FADD,ENCODE TF ChIP-seq
ENCODE_TF_ChIP-seq_2015,CTCF cardiac muscle cell hg19,2/1777,0.9864690865392804,0.9999962494958698,0,0,0.3099786598378147,0.0042229293361055,GSTM1;PRAME,ENCODE TF ChIP-seq
ENCODE_TF_ChIP-seq_2015,RAD21 K562 hg19,3/2100,0.9787910601041506,0.9999962494958698,0,0,0.3925387916804226,0.008414885865808,CCND1;PRAME;CACNA1S,ENCODE TF ChIP-seq
ENCODE_TF_ChIP-seq_2015,SIN3A A549 hg19,2/1628,0.978307867414772,0.9999962494958698,0,0,0.341160684334116,0.0074819491251952,CCND1;ANKRD1,ENCODE TF ChIP-seq
ENCODE_TF_ChIP-seq_2015,TCF12 H1-hESC hg19,1/1158,0.982797094703055,0.9999962494958698,0,0,0.2421986867735651,0.004202775595674,SLC34A2,ENCODE TF ChIP-seq
ENCODE_TF_ChIP-seq_2015,EP300 T47D hg19,1/1155,0.9826095347282924,0.9999962494958698,0,0,0.2428671202048682,0.0042607285701904,CCND1,ENCODE TF ChIP-seq
ENCODE_TF_ChIP-seq_2015,ZBTB33 SK-N-SH hg19,2/1234,0.9283256597199412,0.9999962494958698,0,0,0.4599567099567099,0.0342082138169817,PRAME;FADD,ENCODE TF ChIP-seq
ENCODE_TF_ChIP-seq_2015,CTCF epithelial cell of proximal tubule hg19,4/2051,0.928074107434887,0.9999962494958698,0,0,0.5460735222276503,0.0407609439306717,UPK1B;GSTM1;CCND1;PRAME,ENCODE TF ChIP-seq
ENCODE_TF_ChIP-seq_2015,EGR1 MCF-7 hg19,1/741,0.9235891046439872,0.9999962494958698,0,0,0.3870915691811214,0.0307691339500363,PPFIA1,ENCODE TF ChIP-seq
ENCODE_TF_ChIP-seq_2015,ZC3H11A ES-E14 mm9,3/949,0.6322081941868963,0.9999962494958698,0,0,0.9262969588550984,0.4247409820554489,MYOG;GSTM1;CACNA1S,ENCODE TF ChIP-seq
ENCODE_TF_ChIP-seq_2015,TAL1 G1E mm9,3/983,0.6561028424999592,0.9999962494958698,0,0,0.8925588697017268,0.3761579841365325,TNNC1;NRAP;SMYD1,ENCODE TF ChIP-seq
ENCODE_TF_ChIP-seq_2015,NFIC ECC-1 hg19,2/643,0.6472987370446092,0.9999962494958698,0,0,0.911974660804614,0.3966609752492362,SLC34A2;ANKRD1,ENCODE TF ChIP-seq
ENCODE_TF_ChIP-seq_2015,CTCF BE2C hg19,3/2174,0.982876924970083,0.9999962494958698,0,0,0.3775856570881905,0.00652142165174,CCND1;NEFM;PRAME,ENCODE TF ChIP-seq
ENCODE_TF_ChIP-seq_2015,GATA3 A549 hg19,1/302,0.6452631761223918,0.9999962494958698,0,0,0.973421926910299,0.4264532457811341,ANKRD1,ENCODE TF ChIP-seq
ENCODE_TF_ChIP-seq_2015,EP300 ECC-1 hg19,2/635,0.6404652939375098,0.9999962494958698,0,0,0.9238833835990234,0.4116457991392625,CCND1;ANKRD1,ENCODE TF ChIP-seq
ENCODE_TF_ChIP-seq_2015,CEBPB ECC-1 hg19,4/1273,0.6360924383560043,0.9999962494958698,0,0,0.919178486997636,0.4158468104127292,SLC34A2;TNNC1;ANKRD1;FADD,ENCODE TF ChIP-seq
ENCODE_TF_ChIP-seq_2015,ZZZ3 GM12878 hg19,1/293,0.6340520740702202,0.9999962494958698,0,0,1.0038846861582498,0.4573941491530719,ACTA1,ENCODE TF ChIP-seq
ENCODE_TF_ChIP-seq_2015,GATA2 G1E-ER4 mm9,4/1261,0.6285472227976902,0.9999962494958698,0,0,0.9285501193317424,0.4311667862338307,ACTA1;NEFM;FADD;MYH7,ENCODE TF ChIP-seq
ENCODE_TF_ChIP-seq_2015,FOS HeLa-S3 hg19,3/860,0.5645889409520429,0.9999962494958698,0,0,1.0272865990485591,0.5872559356812738,CTTN;ANKRD1;ASB5,ENCODE TF ChIP-seq
ENCODE_TF_ChIP-seq_2015,JUND SK-N-SH hg19,5/1565,0.6231006644042899,0.9999962494958698,0,0,0.9346764346764348,0.4421460639216677,MYH2;CTTN;ANKRD1;FADD;ASB5,ENCODE TF ChIP-seq
ENCODE_TF_ChIP-seq_2015,HDAC2 MCF-7 hg19,3/913,0.6057247546024089,0.9999962494958698,0,0,0.9647675401521556,0.4836665215427209,CCND1;ANKRD1;MUC5B,ENCODE TF ChIP-seq
ENCODE_TF_ChIP-seq_2015,STAT2 K562 hg19,1/271,0.6051563935508327,0.9999962494958698,0,0,1.086898839137645,0.5459148893984718,PRAME,ENCODE TF ChIP-seq
ENCODE_TF_ChIP-seq_2015,MYOG C2C12 mm9,1/302,0.6452631761223918,0.9999962494958698,0,0,0.973421926910299,0.4264532457811341,DES,ENCODE TF ChIP-seq
ENCODE_TF_ChIP-seq_2015,TCF12 ECC-1 hg19,1/1285,0.9891469086084343,0.9999962494958698,0,0,0.216766634119124,0.0023654476461095,SLC34A2,ENCODE TF ChIP-seq
ENCODE_TF_ChIP-seq_2015,MAX myocyte mm9,1/1160,0.98292102584277,0.9999962494958698,0,0,0.2417549869290304,0.00416459276549,ASB5,ENCODE TF ChIP-seq
ENCODE_TF_ChIP-seq_2015,CEBPD HepG2 hg19,1/1181,0.9841703374664296,0.9999962494958698,0,0,0.2371869466228181,0.0037846236404573,CCND1,ENCODE TF ChIP-seq
ENCODE_TF_ChIP-seq_2015,CTCF GM12867 hg19,2/1619,0.977687794261576,0.9999962494958698,0,0,0.3432282003710575,0.0077449061342616,PRAME;NTS,ENCODE TF ChIP-seq
ENCODE_TF_ChIP-seq_2015,RAD21 MCF-7 hg19,4/2508,0.9774916250517032,0.9999962494958698,0,0,0.4350039936102236,0.0099031072901452,CCND1;SPINK7;PPFIA1;CACNA1S,ENCODE TF ChIP-seq
ENCODE_TF_ChIP-seq_2015,YY1 HCT116 hg19,1/1076,0.9768762382308394,0.9999962494958698,0,0,0.2618118708781673,0.0061251699501065,CCND1,ENCODE TF ChIP-seq
ENCODE_TF_ChIP-seq_2015,ZBTB33 HCT116 hg19,1/1074,0.9767091861981372,0.9999962494958698,0,0,0.262327690531499,0.0061821012459489,FADD,ENCODE TF ChIP-seq
ENCODE_TF_ChIP-seq_2015,RAD21 ECC-1 hg19,1/1070,0.9763715063805138,0.9999962494958698,0,0,0.2633651201429708,0.0062976192024535,CCND1,ENCODE TF ChIP-seq
ENCODE_TF_ChIP-seq_2015,REST GM12878 hg19,1/1149,0.9822283488273956,0.9999962494958698,0,0,0.2442144677310312,0.0043791227439975,NEFM,ENCODE TF ChIP-seq
ENCODE_TF_ChIP-seq_2015,TAF1 MCF-7 hg19,2/1695,0.9824341630248468,0.9999962494958698,0,0,0.3264601120478261,0.0057855088450763,CCND1;PPFIA1,ENCODE TF ChIP-seq
ENCODE_TF_ChIP-seq_2015,CTCF astrocyte of the spinal cord hg19,3/2167,0.9825246168625248,0.9999962494958698,0,0,0.3789563486421157,0.006680955035846,GSTM1;CCND1;PRAME,ENCODE TF ChIP-seq
ENCODE_TF_ChIP-seq_2015,PML GM12878 hg19,1/1179,0.984055344445534,0.9999962494958698,0,0,0.2376149811215569,0.0038192186571932,GSTM1,ENCODE TF ChIP-seq
ENCODE_TF_ChIP-seq_2015,POLR2AphosphoS5 SK-N-MC hg19,1/1154,0.982546568004978,0.9999962494958698,0,0,0.243090704327452,0.0042802290330161,GSTM1,ENCODE TF ChIP-seq
ENCODE_TF_ChIP-seq_2015,CTCF T47D hg19,1/1219,0.986206245812544,0.9999962494958698,0,0,0.2293213734284243,0.0031852215919486,PRAME,ENCODE TF ChIP-seq
ENCODE_TF_ChIP-seq_2015,CTCF G1E mm9,3/2246,0.9861334385248052,0.9999962494958698,0,0,0.3639836757090435,0.0050825225803435,MYOG;CACNA1S;FADD,ENCODE TF ChIP-seq
ENCODE_TF_ChIP-seq_2015,RAD21 HepG2 hg19,4/2685,0.9861127695411432,0.9999962494958698,0,0,0.4021587094367773,0.0056240126772279,BPIFB1;CCND1;ANKRD1;PRAME,ENCODE TF ChIP-seq
ENCODE_TF_ChIP-seq_2015,ZBTB33 A549 hg19,3/2245,0.9860925008732536,0.9999962494958698,0,0,0.364166609483291,0.0051001950653333,CCND1;ANKRD1;FADD,ENCODE TF ChIP-seq
ENCODE_TF_ChIP-seq_2015,CTCF GM06990 hg19,3/2240,0.985886099497982,0.9999962494958698,0,0,0.3650837316460919,0.0051894640121879,CCND1;PRAME;NTS,ENCODE TF ChIP-seq
ENCODE_TF_ChIP-seq_2015,ELF1 HCT116 hg19,1/1194,0.9848981232202388,0.9999962494958698,0,0,0.2344397042449112,0.0035674857095614,FADD,ENCODE TF ChIP-seq
ENCODE_TF_ChIP-seq_2015,BCL11A GM12878 hg19,1/1186,0.984454256816321,0.9999962494958698,0,0,0.2361231815605516,0.0036995414918303,MYBPH,ENCODE TF ChIP-seq
ENCODE_TF_ChIP-seq_2015,REST HeLa-S3 hg19,1/1183,0.9842845132082166,0.9999962494958698,0,0,0.2367603606333813,0.0037503514194709,NEFM,ENCODE TF ChIP-seq
ENCODE_TF_ChIP-seq_2015,RAD21 GM12878 hg19,4/2690,0.9863043020429296,0.9999962494958698,0,0,0.4012937453462397,0.0055339808929892,GSTM1;PRAME;CACNA1S;NTS,ENCODE TF ChIP-seq
ENCODE_TF_ChIP-seq_2015,CEBPB C2C12 mm9,5/1513,0.5924478334755808,0.9999962494958698,0,0,0.9696433834364868,0.5076009948973017,CHRND;NRAP;ANKRD1;ASB5;ADH7,ENCODE TF ChIP-seq
ENCODE_TF_ChIP-seq_2015,KAT2A GM12878 hg19,2/1849,0.989265937761275,0.9999962494958698,0,0,0.2967137536709816,0.003202160908487,MYBPC1;FADD,ENCODE TF ChIP-seq
ENCODE_TF_ChIP-seq_2015,POLR2A ECC-1 hg19,1/1329,0.9907544462723104,0.9999962494958698,0,0,0.209090091710124,0.0019421456818828,TNNC1,ENCODE TF ChIP-seq
ENCODE_TF_ChIP-seq_2015,RCOR1 MEL cell line mm9,2/1567,0.9737615856333934,0.9999962494958698,0,0,0.3556394617097492,0.0094560207984267,MYBPH;SMYD1,ENCODE TF ChIP-seq
ENCODE_TF_ChIP-seq_2015,CTCF fibroblast of pulmonary artery hg19,4/2429,0.9722348424935232,0.9999962494958698,0,0,0.4512113402061856,0.0127051620819988,GSTM1;CCND1;PRAME;NTS,ENCODE TF ChIP-seq
ENCODE_TF_ChIP-seq_2015,TCF12 GM12878 hg19,1/1023,0.9720236290935932,0.9999962494958698,0,0,0.2761632152349797,0.00783617681306,FADD,ENCODE TF ChIP-seq
ENCODE_TF_ChIP-seq_2015,REST myocyte mm9,3/2000,0.9718115821422566,0.9999962494958698,0,0,0.4145063749470359,0.0118521212322025,CHRND;DES;FADD,ENCODE TF ChIP-seq
ENCODE_TF_ChIP-seq_2015,CTCF skin fibroblast hg19,3/2000,0.9718115821422566,0.9999962494958698,0,0,0.4145063749470359,0.0118521212322025,GSTM1;CCND1;PRAME,ENCODE TF ChIP-seq
ENCODE_TF_ChIP-seq_2015,CTCF osteoblast hg19,3/2000,0.9718115821422566,0.9999962494958698,0,0,0.4145063749470359,0.0118521212322025,GSTM1;CCND1;PRAME,ENCODE TF ChIP-seq
ENCODE_TF_ChIP-seq_2015,ZNF143 GM12878 hg19,3/2000,0.9718115821422566,0.9999962494958698,0,0,0.4145063749470359,0.0118521212322025,PPFIA1;PRAME;FADD,ENCODE TF ChIP-seq
ENCODE_TF_ChIP-seq_2015,SMC3 SK-N-SH hg19,3/2000,0.9718115821422566,0.9999962494958698,0,0,0.4145063749470359,0.0118521212322025,NEFM;CACNA1S;NTS,ENCODE TF ChIP-seq
ENCODE_TF_ChIP-seq_2015,RCOR1 HepG2 hg19,3/2000,0.9718115821422566,0.9999962494958698,0,0,0.4145063749470359,0.0118521212322025,ANKRD1;PRAME;FADD,ENCODE TF ChIP-seq
ENCODE_TF_ChIP-seq_2015,ARID3A HepG2 hg19,3/2000,0.9718115821422566,0.9999962494958698,0,0,0.4145063749470359,0.0118521212322025,CCND1;ANKRD1;PRAME,ENCODE TF ChIP-seq
ENCODE_TF_ChIP-seq_2015,CTCF testis mm9,3/2000,0.9718115821422566,0.9999962494958698,0,0,0.4145063749470359,0.0118521212322025,UPK1B;GSTM1;PPFIA1,ENCODE TF ChIP-seq
ENCODE_TF_ChIP-seq_2015,CTCF ES-Bruce4 mm9,3/2000,0.9718115821422566,0.9999962494958698,0,0,0.4145063749470359,0.0118521212322025,GSTM1;BPIFB1;ACTN2,ENCODE TF ChIP-seq
ENCODE_TF_ChIP-seq_2015,CTCF cardiac fibroblast hg19,3/2000,0.9718115821422566,0.9999962494958698,0,0,0.4145063749470359,0.0118521212322025,GSTM1;CCND1;PRAME,ENCODE TF ChIP-seq
ENCODE_TF_ChIP-seq_2015,EZH2 HeLa-S3 hg19,3/2000,0.9718115821422566,0.9999962494958698,0,0,0.4145063749470359,0.0118521212322025,CCND1;SMYD1;FADD,ENCODE TF ChIP-seq
ENCODE_TF_ChIP-seq_2015,EZH2 GM12878 hg19,3/2000,0.9718115821422566,0.9999962494958698,0,0,0.4145063749470359,0.0118521212322025,SLC34A2;MYBPC2;CCND1,ENCODE TF ChIP-seq
ENCODE_TF_ChIP-seq_2015,SMC3 HepG2 hg19,3/2000,0.9718115821422566,0.9999962494958698,0,0,0.4145063749470359,0.0118521212322025,CCND1;ANKRD1;PRAME,ENCODE TF ChIP-seq
ENCODE_TF_ChIP-seq_2015,RAD21 HeLa-S3 hg19,3/2000,0.9718115821422566,0.9999962494958698,0,0,0.4145063749470359,0.0118521212322025,ANKRD1;PRAME;FADD,ENCODE TF ChIP-seq
ENCODE_TF_ChIP-seq_2015,ZBTB33 K562 hg19,1/1048,0.9744262090316772,0.9999962494958698,0,0,0.2692126758756361,0.0069743540895448,FADD,ENCODE TF ChIP-seq
ENCODE_TF_ChIP-seq_2015,CTCF GM19240 hg19,3/2000,0.9718115821422566,0.9999962494958698,0,0,0.4145063749470359,0.0118521212322025,GSTM1;CCND1;PRAME,ENCODE TF ChIP-seq
ENCODE_TF_ChIP-seq_2015,RELA GM19099 hg19,2/2000,0.9934409918593984,0.9999962494958698,0,0,0.271999271999272,0.0017899219336379,GSTM1;FADD,ENCODE TF ChIP-seq
ENCODE_TF_ChIP-seq_2015,PHF8 H1-hESC hg19,3/2000,0.9718115821422566,0.9999962494958698,0,0,0.4145063749470359,0.0118521212322025,GSTM1;NEFM;LTF,ENCODE TF ChIP-seq
ENCODE_TF_ChIP-seq_2015,CTCF skeletal muscle myoblast hg19,3/2000,0.9718115821422566,0.9999962494958698,0,0,0.4145063749470359,0.0118521212322025,MYBPC1;CCND1;PRAME,ENCODE TF ChIP-seq
ENCODE_TF_ChIP-seq_2015,EP300 MEL cell line mm9,3/2000,0.9718115821422566,0.9999962494958698,0,0,0.4145063749470359,0.0118521212322025,NRAP;SMYD1;FADD,ENCODE TF ChIP-seq
ENCODE_TF_ChIP-seq_2015,EZH2 H1-hESC hg19,3/2000,0.9718115821422566,0.9999962494958698,0,0,0.4145063749470359,0.0118521212322025,SLC34A2;UPK1B;MYBPC2,ENCODE TF ChIP-seq
ENCODE_TF_ChIP-seq_2015,RBBP5 H1-hESC hg19,3/2000,0.9718115821422566,0.9999962494958698,0,0,0.4145063749470359,0.0118521212322025,NRAP;PPFIA1;NTS,ENCODE TF ChIP-seq
ENCODE_TF_ChIP-seq_2015,MAFK IMR-90 hg19,3/2000,0.9718115821422566,0.9999962494958698,0,0,0.4145063749470359,0.0118521212322025,BPIFA1;CCND1;ANKRD1,ENCODE TF ChIP-seq
ENCODE_TF_ChIP-seq_2015,MAFF K562 hg19,3/2000,0.9718115821422566,0.9999962494958698,0,0,0.4145063749470359,0.0118521212322025,SMYD1;PRAME;FADD,ENCODE TF ChIP-seq
ENCODE_TF_ChIP-seq_2015,TCF7L2 HEK293 hg19,3/2000,0.9718115821422566,0.9999962494958698,0,0,0.4145063749470359,0.0118521212322025,SLN;CCND1;NRAP,ENCODE TF ChIP-seq
ENCODE_TF_ChIP-seq_2015,CTCF GM13976 hg19,3/2000,0.9718115821422566,0.9999962494958698,0,0,0.4145063749470359,0.0118521212322025,CCND1;PRAME;NTS,ENCODE TF ChIP-seq
ENCODE_TF_ChIP-seq_2015,POLR2AphosphoS2 HepG2 hg19,3/2000,0.9718115821422566,0.9999962494958698,0,0,0.4145063749470359,0.0118521212322025,CCND1;ANKRD1;LMOD2,ENCODE TF ChIP-seq
ENCODE_TF_ChIP-seq_2015,EZH2 fibroblast of dermis hg19,3/2000,0.9718115821422566,0.9999962494958698,0,0,0.4145063749470359,0.0118521212322025,UPK1B;NEFM;ASB5,ENCODE TF ChIP-seq
ENCODE_TF_ChIP-seq_2015,CTCF fibroblast of dermis hg19,3/2000,0.9718115821422566,0.9999962494958698,0,0,0.4145063749470359,0.0118521212322025,CCND1;ANKRD1;PRAME,ENCODE TF ChIP-seq
ENCODE_TF_ChIP-seq_2015,CTCF bone marrow macrophage mm9,3/2000,0.9718115821422566,0.9999962494958698,0,0,0.4145063749470359,0.0118521212322025,GSTM1;MUC5B;LMOD2,ENCODE TF ChIP-seq
ENCODE_TF_ChIP-seq_2015,KDM1A K562 hg19,3/2000,0.9718115821422566,0.9999962494958698,0,0,0.4145063749470359,0.0118521212322025,DES;CCND1;FADD,ENCODE TF ChIP-seq
ENCODE_TF_ChIP-seq_2015,CTCF NB4 hg19,3/2000,0.9718115821422566,0.9999962494958698,0,0,0.4145063749470359,0.0118521212322025,CCND1;PRAME;NTS,ENCODE TF ChIP-seq
ENCODE_TF_ChIP-seq_2015,ZNF143 HeLa-S3 hg19,3/2000,0.9718115821422566,0.9999962494958698,0,0,0.4145063749470359,0.0118521212322025,ACTC1;CTTN;PRAME,ENCODE TF ChIP-seq
ENCODE_TF_ChIP-seq_2015,NCOR1 K562 hg19,3/2000,0.9718115821422566,0.9999962494958698,0,0,0.4145063749470359,0.0118521212322025,C10ORF71;PRAME;FADD,ENCODE TF ChIP-seq
ENCODE_TF_ChIP-seq_2015,CTCF cortical plate mm9,3/2000,0.9718115821422566,0.9999962494958698,0,0,0.4145063749470359,0.0118521212322025,GSTM1;BPIFB1;ACTN2,ENCODE TF ChIP-seq
ENCODE_TF_ChIP-seq_2015,MAZ HepG2 hg19,3/2000,0.9718115821422566,0.9999962494958698,0,0,0.4145063749470359,0.0118521212322025,CCND1;ANKRD1;PRAME,ENCODE TF ChIP-seq
ENCODE_TF_ChIP-seq_2015,CTCF H54 hg19,3/2000,0.9718115821422566,0.9999962494958698,0,0,0.4145063749470359,0.0118521212322025,CCND1;PRAME;NTS,ENCODE TF ChIP-seq
ENCODE_TF_ChIP-seq_2015,BCL3 A549 hg19,3/1712,0.9380906690591936,0.9999962494958698,0,0,0.4921366521132466,0.0314518001435473,CCND1;ANKRD1;FADD,ENCODE TF ChIP-seq
ENCODE_TF_ChIP-seq_2015,EP300 A549 hg19,2/1363,0.9510869318539042,0.9999962494958698,0,0,0.4134882996014516,0.0207363595059117,CCND1;ANKRD1,ENCODE TF ChIP-seq
ENCODE_TF_ChIP-seq_2015,ZBTB7A K562 hg19,1/864,0.9506126344158874,0.9999962494958698,0,0,0.3297936735788035,0.0167035957375991,ACTN2,ENCODE TF ChIP-seq
ENCODE_TF_ChIP-seq_2015,ATF3 A549 hg19,3/1991,0.971088403411004,0.9999962494958698,0,0,0.4165918588453799,0.0122218766208333,CCND1;ANKRD1;FADD,ENCODE TF ChIP-seq
ENCODE_TF_ChIP-seq_2015,CTCF retinal pigment epithelial cell hg19,4/2356,0.9664006059668456,0.9999962494958698,0,0,0.4671556122448979,0.015965895498406,GSTM1;CCND1;PRAME;NTS,ENCODE TF ChIP-seq
ENCODE_TF_ChIP-seq_2015,SIN3A SK-N-SH hg19,1/970,0.9661705797860672,0.9999962494958698,0,0,0.2920844692943949,0.0100520510052815,PRAME,ENCODE TF ChIP-seq
ENCODE_TF_ChIP-seq_2015,CTCF GM12868 hg19,2/1468,0.9644065075131224,0.9999962494958698,0,0,0.3817024267228905,0.0138338062915532,PPFIA1;PRAME,ENCODE TF ChIP-seq
ENCODE_TF_ChIP-seq_2015,SIN3A HepG2 hg19,1/955,0.964305365222424,0.9999962494958698,0,0,0.2969116680747207,0.0107919272679618,CTTN,ENCODE TF ChIP-seq
ENCODE_TF_ChIP-seq_2015,STAT1 HeLa-S3 hg19,1/945,0.963005965003838,0.9999962494958698,0,0,0.3002150265621047,0.0113168074752857,CCND1,ENCODE TF ChIP-seq
ENCODE_TF_ChIP-seq_2015,JUND CH12.LX mm9,2/1454,0.9628529338218604,0.9999962494958698,0,0,0.3856749311294766,0.0145995685287034,MYH2;MYBPH,ENCODE TF ChIP-seq
ENCODE_TF_ChIP-seq_2015,POU2F2 GM12878 hg19,2/1437,0.96088037875852,0.9999962494958698,0,0,0.3906028930419174,0.0155871465472972,PRAME;FADD,ENCODE TF ChIP-seq
ENCODE_TF_ChIP-seq_2015,TAF1 K562 hg19,2/1543,0.971735794181936,0.9999962494958698,0,0,0.3616502467897666,0.0103689929033354,ACTN2;PPFIA1,ENCODE TF ChIP-seq
ENCODE_TF_ChIP-seq_2015,YY1 GM12892 hg19,1/929,0.9608293460491876,0.9999962494958698,0,0,0.3056484817292846,0.0122132442616779,GSTM1,ENCODE TF ChIP-seq
ENCODE_TF_ChIP-seq_2015,TAL1 MEL cell line mm9,4/2290,0.9601867903616472,0.9999962494958698,0,0,0.4824475065616798,0.0196006072001849,TNNC1;NRAP;SMYD1;FADD,ENCODE TF ChIP-seq
ENCODE_TF_ChIP-seq_2015,GABPA A549 hg19,3/2041,0.974898260207444,0.9999962494958698,0,0,0.40523892202008,0.0103020494976187,ANKRD1;PRAME;FADD,ENCODE TF ChIP-seq
ENCODE_TF_ChIP-seq_2015,TEAD4 ECC-1 hg19,3/2051,0.9756018023249158,0.9999962494958698,0,0,0.4030348557692307,0.0099552693561209,SLC34A2;CCND1;ANKRD1,ENCODE TF ChIP-seq
ENCODE_TF_ChIP-seq_2015,CTCF GM12873 hg19,3/2055,0.9758780383410924,0.9999962494958698,0,0,0.4021592442645074,0.0098197881320202,MYBPC1;CCND1;PRAME,ENCODE TF ChIP-seq
ENCODE_TF_ChIP-seq_2015,USF1 ECC-1 hg19,3/2318,0.98879995586915,0.9999962494958698,0,0,0.3512277787007808,0.0039559616806781,PIGR;ACTN2;FADD,ENCODE TF ChIP-seq
ENCODE_TF_ChIP-seq_2015,JUND H1-hESC hg19,3/2394,0.9910850054819772,0.9999962494958698,0,0,0.3385966605540005,0.0030321232256884,ANKRD1;PRAME;NTS,ENCODE TF ChIP-seq
ENCODE_TF_ChIP-seq_2015,ZBTB33 HepG2 hg19,1/1336,0.9909875665433322,0.9999962494958698,0,0,0.207915478785846,0.0018823193546607,FADD,ENCODE TF ChIP-seq
ENCODE_TF_ChIP-seq_2015,ETS1 MEL cell line mm9,2/1902,0.990960691778706,0.9999962494958698,0,0,0.2875917065390749,0.0026114507940468,NRAP;SMYD1,ENCODE TF ChIP-seq
ENCODE_TF_ChIP-seq_2015,ATF3 K562 hg19,2/1433,0.9604021005933152,0.9999962494958698,0,0,0.3917794295152785,0.0158291533933876,PRAME;FADD,ENCODE TF ChIP-seq
ENCODE_TF_ChIP-seq_2015,POLR2A H1-hESC hg19,4/2809,0.9901970064860977,0.9999962494958698,0,0,0.3816176470588235,0.0037594525182601,MYBPC2;GSTM1;CTTN;ACTN2,ENCODE TF ChIP-seq
ENCODE_TF_ChIP-seq_2015,ARID3A K562 hg19,3/2000,0.9718115821422566,0.9999962494958698,0,0,0.4145063749470359,0.0118521212322025,CCND1;PRAME;FADD,ENCODE TF ChIP-seq
ENCODE_TF_ChIP-seq_2015,POLR2A small intestine mm9,3/2000,0.9718115821422566,0.9999962494958698,0,0,0.4145063749470359,0.0118521212322025,SLC34A2;DES;FADD,ENCODE TF ChIP-seq
ENCODE_TF_ChIP-seq_2015,POLR2AphosphoS5 H1-hESC hg19,2/1347,0.9486863285907096,0.9999962494958698,0,0,0.4187676016672299,0.0220594474878829,SLC34A2;PPFIA1,ENCODE TF ChIP-seq
ENCODE_TF_ChIP-seq_2015,USF1 H1-hESC hg19,5/2563,0.9468474368394756,0.9999962494958698,0,0,0.5390496047259143,0.0294414341468439,PIGR;UPK1B;ACTN2;NEFM;FADD,ENCODE TF ChIP-seq
ENCODE_TF_ChIP-seq_2015,POLR2AphosphoS5 SK-N-SH hg19,2/1331,0.9461756577417928,0.9999962494958698,0,0,0.4241740201108147,0.0234682940173032,NEFM;FADD,ENCODE TF ChIP-seq
ENCODE_TF_ChIP-seq_2015,CTCF Caco-2 hg19,4/2152,0.9437255051528745,0.9999962494958698,0,0,0.5174581005586593,0.0299711388047702,SLC34A2;CCND1;PRAME;FADD,ENCODE TF ChIP-seq
ENCODE_TF_ChIP-seq_2015,SIN3A H1-hESC hg19,6/2874,0.9387870053903692,0.9999962494958698,0,0,0.5757862059657174,0.0363704896763156,SLC34A2;GSTM1;CCND1;ACTN2;ANKRD1;NEFM,ENCODE TF ChIP-seq
ENCODE_TF_ChIP-seq_2015,TAF7 K562 hg19,1/793,0.93644162298624,0.9999962494958698,0,0,0.3606965174129353,0.0236862529359589,PRAME,ENCODE TF ChIP-seq
ENCODE_TF_ChIP-seq_2015,CTCF lung hg19,3/2000,0.9718115821422566,0.9999962494958698,0,0,0.4145063749470359,0.0118521212322025,CCND1;PRAME;FADD,ENCODE TF ChIP-seq
ENCODE_TF_ChIP-seq_2015,ELF1 A549 hg19,3/1699,0.9359311548537717,0.9999962494958698,0,0,0.4962626995645863,0.0328592196475353,CTTN;PRAME;FADD,ENCODE TF ChIP-seq
ENCODE_TF_ChIP-seq_2015,EZH2 astrocyte hg19,3/2000,0.9718115821422566,0.9999962494958698,0,0,0.4145063749470359,0.0118521212322025,ANO1;C10ORF71;ACTN2,ENCODE TF ChIP-seq
ENCODE_TF_ChIP-seq_2015,SMARCC2 HeLa-S3 hg19,1/779,0.9332074821428646,0.9999962494958698,0,0,0.3674557802248398,0.0254013807066541,FADD,ENCODE TF ChIP-seq
ENCODE_TF_ChIP-seq_2015,RUNX3 GM12878 hg19,3/1674,0.9315859565276906,0.9999962494958698,0,0,0.5043778483634858,0.0357436520022987,GSTM1;PRAME;FADD,ENCODE TF ChIP-seq
ENCODE_TF_ChIP-seq_2015,SPI1 GM12878 hg19,4/2068,0.9309511585476936,0.9999962494958698,0,0,0.5410610465116279,0.0387120870039408,CTTN;MYBPH;PRAME;NTS,ENCODE TF ChIP-seq
ENCODE_TF_ChIP-seq_2015,TRIM28 K562 hg19,4/2061,0.9297790133079946,0.9999962494958698,0,0,0.5431149732620321,0.0395433002677402,C10ORF71;PRAME;FADD;NTS,ENCODE TF ChIP-seq
ENCODE_TF_ChIP-seq_2015,JUN CH12.LX mm9,3/1659,0.9288530490514596,0.9999962494958698,0,0,0.5093645484949832,0.0375935152862761,MYH2;MYBPH;KLHL41,ENCODE TF ChIP-seq
ENCODE_TF_ChIP-seq_2015,CTCF kidney epithelial cell hg19,4/2227,0.9533032916018632,0.9999962494958698,0,0,0.4978913630229419,0.0238102487093212,GSTM1;CCND1;PRAME;NTS,ENCODE TF ChIP-seq
ENCODE_TF_ChIP-seq_2015,PML MCF-7 hg19,1/887,0.9544971580095396,0.9999962494958698,0,0,0.3208449850072437,0.0149419477214897,FADD,ENCODE TF ChIP-seq
ENCODE_TF_ChIP-seq_2015,FOXA1 T47D hg19,1/889,0.9548203542302311,0.9999962494958698,0,0,0.3200887454618797,0.0147983643101794,PPFIA1,ENCODE TF ChIP-seq
ENCODE_TF_ChIP-seq_2015,ZC3H11A CH12.LX mm9,2/1429,0.9599183137644643,0.9999962494958698,0,0,0.3929625618483362,0.0160749540861646,MYOG;CACNA1S,ENCODE TF ChIP-seq
ENCODE_TF_ChIP-seq_2015,CTCF H1-hESC hg19,9/3890,0.9324388319849326,0.9999962494958698,0,0,0.6308831814271177,0.0441313670302497,SLC34A2;MYBPC1;GSTM1;BPIFB1;CCND1;NEFM;PRAME;NTS;LTF,ENCODE TF ChIP-seq
ENCODE_TF_ChIP-seq_2015,FOXM1 ECC-1 hg19,2/578,0.5888351269171798,0.9999962494958698,0,0,1.0183080808080809,0.5393051802329758,CCND1;ANKRD1,ENCODE TF ChIP-seq
ENCODE_TF_ChIP-seq_2015,JUND MEL cell line mm9,1/257,0.5856096539196994,0.9999962494958698,0,0,1.1471548507462686,0.6138446610201492,FADD,ENCODE TF ChIP-seq
ENCODE_TF_ChIP-seq_2015,GATA3 SK-N-SH hg19,4/1185,0.5786143578112406,0.9999962494958698,0,0,0.9923264182895852,0.5429207090990129,NRAP;ANKRD1;SMYD1;ASB5,ENCODE TF ChIP-seq
ENCODE_TF_ChIP-seq_2015,RAD21 HCT116 hg19,5/1973,0.8134871419155312,0.9999962494958698,0,0,0.7244483159117305,0.1495443583134717,MYOG;CCND1;SPINK7;CACNA1S;NTS,ENCODE TF ChIP-seq
ENCODE_TF_ChIP-seq_2015,TAL1 megakaryocyte mm9,2/869,0.8011061511914374,0.9999962494958698,0,0,0.6663521023382615,0.1477714532155842,KRT2;FADD,ENCODE TF ChIP-seq
ENCODE_TF_ChIP-seq_2015,EP300 SK-N-SH hg19,7/2603,0.7985542510971253,0.9999962494958698,0,0,0.7663239788830231,0.1723863970565902,C10ORF71;CCND1;ANKRD1;SMYD1;NEFM;PRAME;ASB5,ENCODE TF ChIP-seq
ENCODE_TF_ChIP-seq_2015,ZEB1 GM12878 hg19,2/864,0.7984546449801625,0.9999962494958698,0,0,0.6703930253814244,0.1508901268727099,PPFIA1;FADD,ENCODE TF ChIP-seq
ENCODE_TF_ChIP-seq_2015,FOSL2 HepG2 hg19,1/459,0.794325990304341,0.9999962494958698,0,0,0.6346216515674901,0.1461288286214286,ANKRD1,ENCODE TF ChIP-seq
ENCODE_TF_ChIP-seq_2015,REST U-87 MG hg19,1/458,0.7936078159646701,0.9999962494958698,0,0,0.6360429798491133,0.1470314315382093,NEFM,ENCODE TF ChIP-seq
ENCODE_TF_ChIP-seq_2015,CTCF ECC-1 hg19,3/1220,0.7923987907487416,0.9999962494958698,0,0,0.7097528601226218,0.1651527409573805,PRAME;CACNA1S;NTS,ENCODE TF ChIP-seq
ENCODE_TF_ChIP-seq_2015,GTF2F1 H1-hESC hg19,5/2000,0.8228898130066331,0.9999962494958698,0,0,0.7135696383816684,0.1390982502166811,ACTA1;UPK1B;GSTM1;NEFM;PRAME,ENCODE TF ChIP-seq
ENCODE_TF_ChIP-seq_2015,CTCF keratinocyte hg19,9/3361,0.8286284780523985,0.9999962494958698,0,0,0.7545204482019335,0.1418373049253614,SLC34A2;LCE3D;UPK1B;GSTM1;BPIFB1;CCND1;KRT24;PPFIA1;PRAME,ENCODE TF ChIP-seq
ENCODE_TF_ChIP-seq_2015,REST H1-hESC hg19,4/1680,0.8337063374982183,0.9999962494958698,0,0,0.6807875894988067,0.1238175974135168,ACTA1;CCND1;CKM;NEFM,ENCODE TF ChIP-seq
ENCODE_TF_ChIP-seq_2015,GATA2 K562 hg19,2/951,0.8404408636906608,0.9999962494958698,0,0,0.6061564006769486,0.1053673713050865,C10ORF71;SPRR2B,ENCODE TF ChIP-seq
ENCODE_TF_ChIP-seq_2015,HNF4G HepG2 hg19,1/605,0.8765975661328101,0.9999962494958698,0,0,0.4776119402985074,0.0629049635757771,MYH7,ENCODE TF ChIP-seq
ENCODE_TF_ChIP-seq_2015,RFX5 SK-N-SH hg19,2/1018,0.8672842639773747,0.9999962494958698,0,0,0.5641851586733476,0.0803334700857249,MYBPC2;CCND1,ENCODE TF ChIP-seq
ENCODE_TF_ChIP-seq_2015,FOXA2 A549 hg19,3/1410,0.8668793390878382,0.9999962494958698,0,0,0.6076759061833689,0.0868098347747562,CCND1;PRAME;MUC5B,ENCODE TF ChIP-seq
ENCODE_TF_ChIP-seq_2015,THAP1 K562 hg19,4/1775,0.864458018831203,0.9999962494958698,0,0,0.640916149068323,0.0933510626360951,CTTN;PPFIA1;PRAME;FADD,ENCODE TF ChIP-seq
ENCODE_TF_ChIP-seq_2015,SUZ12 H1-hESC hg19,7/2827,0.8635336090053305,0.9999962494958698,0,0,0.6963376351587025,0.1021683710417388,ACTA1;ANO1;CHRND;PPFIA1;FADD;FGF3;FGF4,ENCODE TF ChIP-seq
ENCODE_TF_ChIP-seq_2015,EP300 HeLa-S3 hg19,4/1770,0.8629663304854475,0.9999962494958698,0,0,0.6429077010192525,0.0947514818453773,ANKRD1;FADD;ASB5;UGT1A7,ENCODE TF ChIP-seq
ENCODE_TF_ChIP-seq_2015,CTCF WERI-Rb-1 hg19,4/1833,0.8807918230105534,0.9999962494958698,0,0,0.6186098961180974,0.0785226144561006,GSTM1;CCND1;NEFM;PRAME,ENCODE TF ChIP-seq
ENCODE_TF_ChIP-seq_2015,ZNF263 K562 hg19,2/901,0.8173671947443568,0.9999962494958698,0,0,0.6415545892742778,0.1293802881946774,CTTN;PRAME,ENCODE TF ChIP-seq
ENCODE_TF_ChIP-seq_2015,CTCF myotube hg19,5/2000,0.8228898130066331,0.9999962494958698,0,0,0.7135696383816684,0.1390982502166811,MYBPC1;C10ORF71;CCND1;ANKRD1;PRAME,ENCODE TF ChIP-seq
ENCODE_TF_ChIP-seq_2015,EZH2 mammary epithelial cell hg19,5/2000,0.8228898130066331,0.9999962494958698,0,0,0.7135696383816684,0.1390982502166811,LCE3D;SLN;ACTN2;NTS;FGF4,ENCODE TF ChIP-seq
ENCODE_TF_ChIP-seq_2015,JUN HepG2 hg19,4/2000,0.9188009835812204,0.9999962494958698,0,0,0.561623246492986,0.0475614789170668,LCE3D;CTTN;ANKRD1;FADD,ENCODE TF ChIP-seq
ENCODE_TF_ChIP-seq_2015,ZNF143 H1-hESC hg19,4/2000,0.9188009835812204,0.9999962494958698,0,0,0.561623246492986,0.0475614789170668,SLC34A2;UPK1B;GSTM1;PRAME,ENCODE TF ChIP-seq
ENCODE_TF_ChIP-seq_2015,POLR2A lung mm9,4/2000,0.9188009835812204,0.9999962494958698,0,0,0.561623246492986,0.0475614789170668,UPK1B;ACTC1;DES;FADD,ENCODE TF ChIP-seq
ENCODE_TF_ChIP-seq_2015,EP300 ES-Bruce4 mm9,4/2000,0.9188009835812204,0.9999962494958698,0,0,0.561623246492986,0.0475614789170668,CHRND;MYBPH;HORMAD1;FGF4,ENCODE TF ChIP-seq
ENCODE_TF_ChIP-seq_2015,ZNF143 K562 hg19,4/2000,0.9188009835812204,0.9999962494958698,0,0,0.561623246492986,0.0475614789170668,C10ORF71;CCND1;PRAME;FADD,ENCODE TF ChIP-seq
ENCODE_TF_ChIP-seq_2015,eGFP-FOS K562 hg19,4/2000,0.9188009835812204,0.9999962494958698,0,0,0.561623246492986,0.0475614789170668,SPRR3;C10ORF71;ACTC1;FADD,ENCODE TF ChIP-seq
ENCODE_TF_ChIP-seq_2015,KDM5B K562 hg19,4/2000,0.9188009835812204,0.9999962494958698,0,0,0.561623246492986,0.0475614789170668,LCE3D;MYBPC2;NTS;LTF,ENCODE TF ChIP-seq
ENCODE_TF_ChIP-seq_2015,CTCF HGPS cell hg19,4/2000,0.9188009835812204,0.9999962494958698,0,0,0.561623246492986,0.0475614789170668,GSTM1;CCND1;PRAME;NTS,ENCODE TF ChIP-seq
ENCODE_TF_ChIP-seq_2015,REST HepG2 hg19,2/1002,0.8612712293466667,0.9999962494958698,0,0,0.5736969696969697,0.0856792371990901,ACTA1;NEFM,ENCODE TF ChIP-seq
ENCODE_TF_ChIP-seq_2015,CHD4 K562 hg19,4/2000,0.9188009835812204,0.9999962494958698,0,0,0.561623246492986,0.0475614789170668,C10ORF71;CCND1;KRT2;PRAME,ENCODE TF ChIP-seq
ENCODE_TF_ChIP-seq_2015,REST ECC-1 hg19,2/1057,0.8809685087857259,0.9999962494958698,0,0,0.542208818038202,0.0687159662264056,ACTA1;NEFM,ENCODE TF ChIP-seq
ENCODE_TF_ChIP-seq_2015,eGFP-NR4A1 K562 hg19,3/1199,0.7823892218780779,0.9999962494958698,0,0,0.7230254695137638,0.1774325730754073,C10ORF71;TCAP;MUC5B,ENCODE TF ChIP-seq
ENCODE_TF_ChIP-seq_2015,MAZ GM12878 hg19,5/2000,0.8228898130066331,0.9999962494958698,0,0,0.7135696383816684,0.1390982502166811,MYBPC2;CCND1;PPFIA1;PRAME;FADD,ENCODE TF ChIP-seq
ENCODE_TF_ChIP-seq_2015,SUZ12 K562 hg19,5/2000,0.8228898130066331,0.9999962494958698,0,0,0.7135696383816684,0.1390982502166811,SLC34A2;CCND1;MYL2;MYBPH;PRAME,ENCODE TF ChIP-seq
ENCODE_TF_ChIP-seq_2015,JUN H1-hESC hg19,5/2000,0.8228898130066331,0.9999962494958698,0,0,0.7135696383816684,0.1390982502166811,UPK1B;CCND1;ANKRD1;NEFM;FADD,ENCODE TF ChIP-seq
ENCODE_TF_ChIP-seq_2015,POLR2A myocyte mm9,5/2000,0.8228898130066331,0.9999962494958698,0,0,0.7135696383816684,0.1390982502166811,ACTC1;CKM;ACTN2;SMYD1;CACNA1S,ENCODE TF ChIP-seq
ENCODE_TF_ChIP-seq_2015,EZH2 endothelial cell of umbilical vein hg19,5/2000,0.8228898130066331,0.9999962494958698,0,0,0.7135696383816684,0.1390982502166811,DES;ACTN2;KRT2;NEFM;LMOD2,ENCODE TF ChIP-seq
ENCODE_TF_ChIP-seq_2015,EZH2 skeletal muscle myoblast hg19,5/2000,0.8228898130066331,0.9999962494958698,0,0,0.7135696383816684,0.1390982502166811,SLC34A2;ANO1;MYBPC2;NTS;FGF3,ENCODE TF ChIP-seq
ENCODE_TF_ChIP-seq_2015,SRF H1-hESC hg19,2/1073,0.8862027346782279,0.9999962494958698,0,0,0.5336558865970631,0.0644707191756358,ACTA1;ACTC1,ENCODE TF ChIP-seq
ENCODE_TF_ChIP-seq_2015,CTCF choroid plexus epithelial cell hg19,3/1381,0.8572486124217099,0.9999962494958698,0,0,0.6214357485765323,0.0957180743789818,CCND1;PRAME;NTS,ENCODE TF ChIP-seq
ENCODE_TF_ChIP-seq_2015,CTCF brain microvascular endothelial cell hg19,4/1747,0.855927631071699,0.9999962494958698,0,0,0.6522160068846816,0.1014648851819488,GSTM1;CCND1;PRAME;NTS,ENCODE TF ChIP-seq
ENCODE_TF_ChIP-seq_2015,FOSL2 A549 hg19,3/1375,0.8551832991037898,0.9999962494958698,0,0,0.6243552366001346,0.0976737886357074,CCND1;ANKRD1;FADD,ENCODE TF ChIP-seq
ENCODE_TF_ChIP-seq_2015,CHD2 HeLa-S3 hg19,1/2000,0.9992334350116124,0.9999962494958698,0,0,0.1338953058618861,0.00010267881360491484,PRAME,ENCODE TF ChIP-seq
ENCODE_TF_ChIP-seq_2015,CTCF GM19239 hg19,1/2000,0.9992334350116124,0.9999962494958698,0,0,0.1338953058618861,0.00010267881360491484,PRAME,ENCODE TF ChIP-seq
ENCODE_TF_ChIP-seq_2015,NRF1 H1-hESC hg19,1/2000,0.9992334350116124,0.9999962494958698,0,0,0.1338953058618861,0.00010267881360491484,FADD,ENCODE TF ChIP-seq
ENCODE_TF_ChIP-seq_2015,TBP HeLa-S3 hg19,1/2000,0.9992334350116124,0.9999962494958698,0,0,0.1338953058618861,0.00010267881360491484,FADD,ENCODE TF ChIP-seq
ENCODE_TF_ChIP-seq_2015,CTCF HL-60 hg19,2/2000,0.9934409918593984,0.9999962494958698,0,0,0.271999271999272,0.0017899219336379,CCND1;PRAME,ENCODE TF ChIP-seq
ENCODE_TF_ChIP-seq_2015,TBP MEL cell line mm9,1/2000,0.9992334350116124,0.9999962494958698,0,0,0.1338953058618861,0.00010267881360491484,CTTN,ENCODE TF ChIP-seq
ENCODE_TF_ChIP-seq_2015,CHD1 K562 hg19,1/2000,0.9992334350116124,0.9999962494958698,0,0,0.1338953058618861,0.00010267881360491484,CTTN,ENCODE TF ChIP-seq
ENCODE_TF_ChIP-seq_2015,ZMIZ1 K562 hg19,1/2000,0.9992334350116124,0.9999962494958698,0,0,0.1338953058618861,0.00010267881360491484,CTTN,ENCODE TF ChIP-seq
ENCODE_TF_ChIP-seq_2015,USF2 HeLa-S3 hg19,1/2000,0.9992334350116124,0.9999962494958698,0,0,0.1338953058618861,0.00010267881360491484,CCND1,ENCODE TF ChIP-seq
ENCODE_TF_ChIP-seq_2015,POLR2A GM19099 hg19,1/2000,0.9992334350116124,0.9999962494958698,0,0,0.1338953058618861,0.00010267881360491484,GSTM1,ENCODE TF ChIP-seq
ENCODE_TF_ChIP-seq_2015,CTCF liver mm9,1/2000,0.9992334350116124,0.9999962494958698,0,0,0.1338953058618861,0.00010267881360491484,GSTM1,ENCODE TF ChIP-seq
ENCODE_TF_ChIP-seq_2015,HCFC1 MEL cell line mm9,1/2000,0.9992334350116124,0.9999962494958698,0,0,0.1338953058618861,0.00010267881360491484,PPFIA1,ENCODE TF ChIP-seq
ENCODE_TF_ChIP-seq_2015,BHLHE40 MEL cell line mm9,1/2000,0.9992334350116124,0.9999962494958698,0,0,0.1338953058618861,0.00010267881360491484,GSTM1,ENCODE TF ChIP-seq
ENCODE_TF_ChIP-seq_2015,CTCF kidney mm9,1/2000,0.9992334350116124,0.9999962494958698,0,0,0.1338953058618861,0.00010267881360491484,GSTM1,ENCODE TF ChIP-seq
ENCODE_TF_ChIP-seq_2015,CUX1 K562 hg19,1/2000,0.9992334350116124,0.9999962494958698,0,0,0.1338953058618861,0.00010267881360491484,FADD,ENCODE TF ChIP-seq
ENCODE_TF_ChIP-seq_2015,MAZ CH12.LX mm9,1/2000,0.9992334350116124,0.9999962494958698,0,0,0.1338953058618861,0.00010267881360491484,NRAP,ENCODE TF ChIP-seq
ENCODE_TF_ChIP-seq_2015,NELFE CH12.LX mm9,1/2000,0.9992334350116124,0.9999962494958698,0,0,0.1338953058618861,0.00010267881360491484,PPFIA1,ENCODE TF ChIP-seq
ENCODE_TF_ChIP-seq_2015,TFAP2C HeLa-S3 hg19,1/2000,0.9992334350116124,0.9999962494958698,0,0,0.1338953058618861,0.00010267881360491484,ANKRD1,ENCODE TF ChIP-seq
ENCODE_TF_ChIP-seq_2015,POLR2A olfactory bulb mm9,1/2000,0.9992334350116124,0.9999962494958698,0,0,0.1338953058618861,0.00010267881360491484,ACTN2,ENCODE TF ChIP-seq
ENCODE_TF_ChIP-seq_2015,RNF2 K562 hg19,4/2000,0.9188009835812204,0.9999962494958698,0,0,0.561623246492986,0.0475614789170668,CCND1;CTTN;KRT24;PRAME,ENCODE TF ChIP-seq
ENCODE_TF_ChIP-seq_2015,POLR2A GM18526 hg19,1/2000,0.9992334350116124,0.9999962494958698,0,0,0.1338953058618861,0.00010267881360491484,PPFIA1,ENCODE TF ChIP-seq
ENCODE_TF_ChIP-seq_2015,PHF8 K562 hg19,1/2000,0.9992334350116124,0.9999962494958698,0,0,0.1338953058618861,0.00010267881360491484,PPFIA1,ENCODE TF ChIP-seq
ENCODE_TF_ChIP-seq_2015,POLR3A HeLa-S3 hg19,1/556,0.853456035080774,0.9999962494958698,0,0,0.5210972166196047,0.0825737160061284,CTTN,ENCODE TF ChIP-seq
ENCODE_TF_ChIP-seq_2015,GATA3 MCF-7 hg19,5/2095,0.8530495552284086,0.9999962494958698,0,0,0.6775271512113618,0.1076845650613264,CCND1;NRAP;KRT24;ANKRD1;MUC5B,ENCODE TF ChIP-seq
ENCODE_TF_ChIP-seq_2015,ZNF274 K562 hg19,2/974,0.850157659684062,0.9999962494958698,0,0,0.5910961466517022,0.0959546854663549,C10ORF71;FADD,ENCODE TF ChIP-seq
ENCODE_TF_ChIP-seq_2015,TCF7L2 HepG2 hg19,1/548,0.8492918043083935,0.9999962494958698,0,0,0.528936669486207,0.0864030998926769,CCND1,ENCODE TF ChIP-seq
ENCODE_TF_ChIP-seq_2015,RAD21 H1-hESC hg19,7/2750,0.8433473784441972,0.9999962494958698,0,0,0.7191061599421478,0.1225186696954477,SLC34A2;ACTA1;UPK1B;GSTM1;BPIFB1;CCND1;PRAME,ENCODE TF ChIP-seq
ENCODE_TF_ChIP-seq_2015,NFYA HeLa-S3 hg19,2/2000,0.9934409918593984,0.9999962494958698,0,0,0.271999271999272,0.0017899219336379,CCND1;PRAME,ENCODE TF ChIP-seq
ENCODE_TF_ChIP-seq_2015,CHD2 CH12.LX mm9,2/2000,0.9934409918593984,0.9999962494958698,0,0,0.271999271999272,0.0017899219336379,MYBPH;FADD,ENCODE TF ChIP-seq
ENCODE_TF_ChIP-seq_2015,MYC MCF-7 hg19,2/5003,0.9999962472176468,0.9999962494958698,0,0,0.0904728145280034,3.395254188784027e-07,CCND1;PPFIA1,ENCODE TF ChIP-seq
ENCODE_TF_ChIP-seq_2015,CTBP2 H1-hESC hg19,1/2000,0.9992334350116124,0.9999962494958698,0,0,0.1338953058618861,0.00010267881360491484,PRAME,ENCODE TF ChIP-seq
ENCODE_TF_ChIP-seq_2015,CEBPB IMR-90 hg19,1/2000,0.9992334350116124,0.9999962494958698,0,0,0.1338953058618861,0.00010267881360491484,ANKRD1,ENCODE TF ChIP-seq
ENCODE_TF_ChIP-seq_2015,POLR2A erythroblast hg19,1/2000,0.9992334350116124,0.9999962494958698,0,0,0.1338953058618861,0.00010267881360491484,GSTM1,ENCODE TF ChIP-seq
ENCODE_TF_ChIP-seq_2015,POLR2A liver mm9,1/2000,0.9992334350116124,0.9999962494958698,0,0,0.1338953058618861,0.00010267881360491484,CTTN,ENCODE TF ChIP-seq
ENCODE_TF_ChIP-seq_2015,BRCA1 H1-hESC hg19,1/2000,0.9992334350116124,0.9999962494958698,0,0,0.1338953058618861,0.00010267881360491484,SLC34A2,ENCODE TF ChIP-seq
ENCODE_TF_ChIP-seq_2015,HCFC1 HeLa-S3 hg19,1/2000,0.9992334350116124,0.9999962494958698,0,0,0.1338953058618861,0.00010267881360491484,PRAME,ENCODE TF ChIP-seq
ENCODE_TF_ChIP-seq_2015,NFYA K562 hg19,1/2000,0.9992334350116124,0.9999962494958698,0,0,0.1338953058618861,0.00010267881360491484,PPFIA1,ENCODE TF ChIP-seq
ENCODE_TF_ChIP-seq_2015,NFYA GM12878 hg19,1/2000,0.9992334350116124,0.9999962494958698,0,0,0.1338953058618861,0.00010267881360491484,PPFIA1,ENCODE TF ChIP-seq
ENCODE_TF_ChIP-seq_2015,GATA2 endothelial cell of umbilical vein hg19,1/2000,0.9992334350116124,0.9999962494958698,0,0,0.1338953058618861,0.00010267881360491484,ANKRD1,ENCODE TF ChIP-seq
ENCODE_TF_ChIP-seq_2015,RCOR1 GM12878 hg19,1/2000,0.9992334350116124,0.9999962494958698,0,0,0.1338953058618861,0.00010267881360491484,FADD,ENCODE TF ChIP-seq
ENCODE_TF_ChIP-seq_2015,NRF1 HepG2 hg19,1/2000,0.9992334350116124,0.9999962494958698,0,0,0.1338953058618861,0.00010267881360491484,FADD,ENCODE TF ChIP-seq
ENCODE_TF_ChIP-seq_2015,CTCF pancreas hg19,4/2000,0.9188009835812204,0.9999962494958698,0,0,0.561623246492986,0.0475614789170668,SLC34A2;GSTM1;CCND1;PRAME,ENCODE TF ChIP-seq
ENCODE_TF_ChIP-seq_2015,BHLHE40 CH12.LX mm9,4/2000,0.9188009835812204,0.9999962494958698,0,0,0.561623246492986,0.0475614789170668,PIGR;GSTM1;CKM;PPFIA1,ENCODE TF ChIP-seq
ENCODE_TF_ChIP-seq_2015,CTCF lung mm9,4/2000,0.9188009835812204,0.9999962494958698,0,0,0.561623246492986,0.0475614789170668,SLC34A2;GSTM1;BPIFB1;FADD,ENCODE TF ChIP-seq
ENCODE_TF_ChIP-seq_2015,EP300 MCF-7 hg19,2/175,0.119436461731878,0.9999962494958698,0,0,3.4610264494657557,7.3545799700984755,CCND1;ANKRD1,ENCODE TF ChIP-seq
ENCODE_TF_ChIP-seq_2015,FOSL1 C2C12 mm9,2/293,0.2628134585554681,0.9999962494958698,0,0,2.0452983442674166,2.7331542288770474,ANKRD1;ASB5,ENCODE TF ChIP-seq
ENCODE_TF_ChIP-seq_2015,SPI1 HL-60 hg19,6/1245,0.2478472311002378,0.9999962494958698,0,0,1.460048426150121,2.0366839320358583,CTTN;MYBPH;SCGB3A1;PRAME;NTS;FGF4,ENCODE TF ChIP-seq
ENCODE_TF_ChIP-seq_2015,TEAD4 HepG2 hg19,2/244,0.2013857367475101,0.9999962494958698,0,0,2.465564738292011,3.9511491568686608,ANKRD1;MYH7,ENCODE TF ChIP-seq
ENCODE_TF_ChIP-seq_2015,TEAD4 A549 hg19,3/447,0.1945282084645576,0.9999962494958698,0,0,2.025779625779626,3.316562030190561,CCND1;ANKRD1;ASB5,ENCODE TF ChIP-seq
ENCODE_TF_ChIP-seq_2015,CEBPB myocyte mm9,4/640,0.1730099435838684,0.9999962494958698,0,0,1.8962264150943395,3.3267513958803403,CHRND;ANKRD1;ASB5;ADH7,ENCODE TF ChIP-seq
ENCODE_TF_ChIP-seq_2015,NR2F2 MCF-7 hg19,4/616,0.157288688643375,0.9999962494958698,0,0,1.9730392156862744,3.649476143794839,BPIFB1;CCND1;ANKRD1;MUC5B,ENCODE TF ChIP-seq
ENCODE_TF_ChIP-seq_2015,TCF3 myocyte mm9,10/1987,0.1340025472056794,0.9999962494958698,0,0,1.5658521270472503,3.1472006630298015,ACTA1;CHRND;DES;TNNC1;ANKRD1;MYBPH;CACNA1S;ASB5;KLHL41;LMOD2,ENCODE TF ChIP-seq
ENCODE_TF_ChIP-seq_2015,TAL1 G1E-ER4 mm9,2/810,0.7678151602194251,0.9999962494958698,0,0,0.7172217221722172,0.1894944627807855,TNNC1;FADD,ENCODE TF ChIP-seq
ENCODE_TF_ChIP-seq_2015,SRF myocyte mm9,9/1668,0.1109872523465576,0.9999962494958698,0,0,1.680172862966255,3.69359109058324,ACTA1;ACTC1;CKM;TNNC1;ANKRD1;SMYD1;ASB5;LMOD2;TRDN,ENCODE TF ChIP-seq
ENCODE_TF_ChIP-seq_2015,FOSL2 MCF-7 hg19,3/329,0.1015394743263744,0.9999962494958698,0,0,2.7757432751297784,6.348978817888062,CTTN;ANKRD1;FADD,ENCODE TF ChIP-seq
ENCODE_TF_ChIP-seq_2015,CEBPB HCT116 hg19,3/303,0.0842116175355269,0.9999962494958698,0,0,3.0203076923076924,7.473516983882175,TNNC1;ANKRD1;ASB5,ENCODE TF ChIP-seq
ENCODE_TF_ChIP-seq_2015,MYOD1 C2C12 mm9,7/1026,0.0590314371774265,0.9999962494958698,0,0,2.1298766067665182,6.026880191583175,MYH1;CHRND;DES;ANKRD1;MYBPH;SMYD1;ASB5,ENCODE TF ChIP-seq
ENCODE_TF_ChIP-seq_2015,MYOG myocyte mm9,18/3623,0.0559282993252941,0.9999962494958698,0,0,1.6304355062413314,4.701662050550905,MYBPC1;MYBPC2;CKM;TNNC1;MYBPH;KLHL41;LMOD2;ACTA1;MYH1;CHRND;DES;NRAP;ANKRD1;SMYD1;HORMAD1;CACNA1S;FADD;ASB5,ENCODE TF ChIP-seq
ENCODE_TF_ChIP-seq_2015,FOSL2 SK-N-SH hg19,5/469,0.0216238235025608,0.9999962494958698,0,0,3.329912424740011,12.766749815048025,CTTN;ANKRD1;MYBPH;FADD;ASB5,ENCODE TF ChIP-seq
ENCODE_TF_ChIP-seq_2015,MYOD1 myocyte mm9,18/3164,0.016655164785391,0.9999962494958698,0,0,1.9208391608391608,7.865903426539661,MYOG;MYBPC1;MYBPC2;GSTM1;CKM;TNNC1;MYBPH;KLHL41;LMOD2;ACTA1;CHRND;ACTC1;DES;ANKRD1;SMYD1;CACNA1S;FADD;ASB5,ENCODE TF ChIP-seq
ENCODE_TF_ChIP-seq_2015,ESR1 ECC-1 hg19,7/637,0.0058063703214367,0.9999962494958698,0,0,3.515846994535519,18.10239171469891,SLC34A2;CSRP3;MYBPC2;CCND1;TNNC1;ANKRD1;FADD,ENCODE TF ChIP-seq
ENCODE_TF_ChIP-seq_2015,SUZ12 NT2-D1 hg19,3/563,0.2997078044818553,0.9999962494958698,0,0,1.5965934065934066,1.9238108570240344,ACTA1;CHRND;FGF3,ENCODE TF ChIP-seq
ENCODE_TF_ChIP-seq_2015,FOSL1 K562 hg19,3/849,0.5557431410999502,0.9999962494958698,0,0,1.0412438625204583,0.6116777365093214,CTTN;TCAP;FADD,ENCODE TF ChIP-seq
ENCODE_TF_ChIP-seq_2015,STAT1 K562 hg19,2/345,0.3282298703858471,0.9999962494958698,0,0,1.7306299143033836,1.927992839082762,DES;PRAME,ENCODE TF ChIP-seq
ENCODE_TF_ChIP-seq_2015,NR3C1 ECC-1 hg19,1/237,0.5560217671067543,0.9999962494958698,0,0,1.245636225651404,0.7311234871208083,ANKRD1,ENCODE TF ChIP-seq
ENCODE_TF_ChIP-seq_2015,NFIC SK-N-SH hg19,2/663,0.6639419107170681,0.9999962494958698,0,0,0.8834639893641406,0.3618320567513049,CSRP3;ANKRD1,ENCODE TF ChIP-seq
ENCODE_TF_ChIP-seq_2015,PRDM1 HeLa-S3 hg19,5/1625,0.656792206353246,0.9999962494958698,0,0,0.897119341563786,0.3771378352533238,CCND1;CTTN;PPFIA1;ASB5;UGT1A7,ENCODE TF ChIP-seq
ENCODE_TF_ChIP-seq_2015,JUND A549 hg19,2/657,0.6590147745050264,0.9999962494958698,0,0,0.8918343742771224,0.3719032505612734,CCND1;ANKRD1,ENCODE TF ChIP-seq
ENCODE_TF_ChIP-seq_2015,JUN endothelial cell of umbilical vein hg19,3/988,0.6595241683668309,0.9999962494958698,0,0,0.8877938305349473,0.3695323396748142,CTTN;ANKRD1;FADD,ENCODE TF ChIP-seq
ENCODE_TF_ChIP-seq_2015,MEF2A K562 hg19,1/316,0.6620334401021032,0.9999962494958698,0,0,0.9294953802416488,0.3833603408567262,C10ORF71,ENCODE TF ChIP-seq
ENCODE_TF_ChIP-seq_2015,JUND HeLa-S3 hg19,4/1492,0.7564294968823886,0.9999962494958698,0,0,0.7746975806451613,0.2162536894399615,CTTN;ANKRD1;FADD;ASB5,ENCODE TF ChIP-seq
ENCODE_TF_ChIP-seq_2015,REST HCT116 hg19,1/410,0.7560694899452686,0.9999962494958698,0,0,0.7124402437689304,0.1992139580845213,NEFM,ENCODE TF ChIP-seq
ENCODE_TF_ChIP-seq_2015,ZC3H11A MEL cell line mm9,2/779,0.748491813312314,0.9999962494958698,0,0,0.747045747045747,0.2164154271336487,MYOG;FADD,ENCODE TF ChIP-seq
ENCODE_TF_ChIP-seq_2015,GTF3C2 K562 hg19,2/773,0.7445993221132258,0.9999962494958698,0,0,0.753095153873364,0.2220945597810495,CTTN;PRAME,ENCODE TF ChIP-seq
ENCODE_TF_ChIP-seq_2015,CEBPB MCF-7 hg19,4/1173,0.5704060825998081,0.9999962494958698,0,0,1.0031544054747648,0.56317765070827,CTTN;TNNC1;ANKRD1;MYF6,ENCODE TF ChIP-seq
ENCODE_TF_ChIP-seq_2015,TEAD4 H1-hESC hg19,5/1752,0.7217448792591737,0.9999962494958698,0,0,0.8261327809124032,0.2693883143991623,SLC34A2;ACTA1;UPK1B;TNNC1;ANKRD1,ENCODE TF ChIP-seq
ENCODE_TF_ChIP-seq_2015,FOXA2 HepG2 hg19,1/349,0.698534444261989,0.9999962494958698,0,0,0.8399382398353062,0.3013453056421498,ANKRD1,ENCODE TF ChIP-seq
ENCODE_TF_ChIP-seq_2015,MYB MEL cell line mm9,2/692,0.6869692354775209,0.9999962494958698,0,0,0.8450592885375494,0.3172908353904672,NRAP;SMYD1,ENCODE TF ChIP-seq
ENCODE_TF_ChIP-seq_2015,EZH2 HepG2 hg19,6/2000,0.6862773858106264,0.9999962494958698,0,0,0.8705794803766137,0.3277499999635396,MYOG;SLC34A2;ACTA1;UPK1B;MYBPC2;ANKRD1,ENCODE TF ChIP-seq
ENCODE_TF_ChIP-seq_2015,CBX8 K562 hg19,6/2000,0.6862773858106264,0.9999962494958698,0,0,0.8705794803766137,0.3277499999635396,CSRP3;MYBPC1;SLN;CCND1;KRT24;PPFIA1,ENCODE TF ChIP-seq
ENCODE_TF_ChIP-seq_2015,CBX2 K562 hg19,6/2000,0.6862773858106264,0.9999962494958698,0,0,0.8705794803766137,0.3277499999635396,MYOG;CHRND;MYBPC1;CCND1;MYL2;PRAME,ENCODE TF ChIP-seq
ENCODE_TF_ChIP-seq_2015,CTCF heart mm9,6/2000,0.6862773858106264,0.9999962494958698,0,0,0.8705794803766137,0.3277499999635396,GSTM1;ACTC1;ACTN2;TCAP;LMOD2;MYH7,ENCODE TF ChIP-seq
ENCODE_TF_ChIP-seq_2015,EZH2 fibroblast of lung hg19,6/2000,0.6862773858106264,0.9999962494958698,0,0,0.8705794803766137,0.3277499999635396,UPK1B;DES;ACTN2;SMYD1;SCGB3A1;FGF3,ENCODE TF ChIP-seq
ENCODE_TF_ChIP-seq_2015,EZH2 T-cell acute lymphoblastic leukemia hg19,6/2000,0.6862773858106264,0.9999962494958698,0,0,0.8705794803766137,0.3277499999635396,UPK1B;CTTN;MYL1;MYL2;MYH8;FADD,ENCODE TF ChIP-seq
ENCODE_TF_ChIP-seq_2015,SPI1 GM12891 hg19,3/1074,0.7146353304399793,0.9999962494958698,0,0,0.8127989657401422,0.2730865485488145,MYBPH;PRAME;NTS,ENCODE TF ChIP-seq
ENCODE_TF_ChIP-seq_2015,MAZ HeLa-S3 hg19,1/2000,0.9992334350116124,0.9999962494958698,0,0,0.1338953058618861,0.00010267881360491484,PRAME,ENCODE TF ChIP-seq
ENCODE_TF_ChIP-seq_2015,RXRA H1-hESC hg19,1/117,0.3294379736603339,0.9999962494958698,0,0,2.549665465774575,2.8310648699590057,MYF6,ENCODE TF ChIP-seq
ENCODE_TF_ChIP-seq_2015,EP300 heart mm9,7/2000,0.5267451286781977,0.9999962494958698,0,0,1.0329020423942816,0.6621299492777574,CSRP3;DES;CTTN;TNNC1;SMYD1;XIRP2;LMOD2,ENCODE TF ChIP-seq
ENCODE_TF_ChIP-seq_2015,GATA1 megakaryocyte mm9,1/715,0.9162344163723396,0.9999962494958698,0,0,0.4017308415903675,0.035144632864833,FADD,ENCODE TF ChIP-seq
ENCODE_TF_ChIP-seq_2015,MYBL2 HepG2 hg19,3/1595,0.9160581741002188,0.9999962494958698,0,0,0.5316969462698106,0.0466167464209143,CCND1;ANKRD1;FADD,ENCODE TF ChIP-seq
ENCODE_TF_ChIP-seq_2015,STAT3 HeLa-S3 hg19,4/1974,0.9136834203671824,0.9999962494958698,0,0,0.5698604060913706,0.0514419455013299,CCND1;ANKRD1;FADD;ASB5,ENCODE TF ChIP-seq
ENCODE_TF_ChIP-seq_2015,ZNF217 MCF-7 hg19,3/1562,0.908689753042886,0.9999962494958698,0,0,0.5439285538066808,0.0520820014886291,CCND1;KRT24;ANKRD1,ENCODE TF ChIP-seq
ENCODE_TF_ChIP-seq_2015,TAF7 H1-hESC hg19,3/1466,0.8839006872060462,0.9999962494958698,0,0,0.5826489300173511,0.0719050350747698,CCND1;NEFM;PRAME,ENCODE TF ChIP-seq
ENCODE_TF_ChIP-seq_2015,SIN3A HCT116 hg19,1/689,0.9081831930449804,0.9999962494958698,0,0,0.4174765706351961,0.0402068204575192,CTTN,ENCODE TF ChIP-seq
ENCODE_TF_ChIP-seq_2015,REST Panc1 hg19,1/688,0.9078587587047218,0.9999962494958698,0,0,0.4181059766668839,0.0404168265789858,NEFM,ENCODE TF ChIP-seq
ENCODE_TF_ChIP-seq_2015,REST MCF-7 hg19,1/681,0.9055558746338478,0.9999962494958698,0,0,0.4225636523266022,0.0419209755013695,NEFM,ENCODE TF ChIP-seq
ENCODE_TF_ChIP-seq_2015,CEBPB HeLa-S3 hg19,4/2000,0.9188009835812204,0.9999962494958698,0,0,0.561623246492986,0.0475614789170668,ANKRD1;PPFIA1;PRAME;FADD,ENCODE TF ChIP-seq
ENCODE_TF_ChIP-seq_2015,CTCF fibroblast of mammary gland hg19,4/1929,0.9041622349087592,0.9999962494958698,0,0,0.5846428571428571,0.0589007048261061,GSTM1;CCND1;PRAME;NTS,ENCODE TF ChIP-seq
ENCODE_TF_ChIP-seq_2015,ETS1 K562 hg19,3/1502,0.8938137147416589,0.9999962494958698,0,0,0.5675475958331195,0.06371170028972,CTTN;PPFIA1;PRAME,ENCODE TF ChIP-seq
ENCODE_TF_ChIP-seq_2015,NR3C1 A549 hg19,4/1855,0.8865367213373033,0.9999962494958698,0,0,0.6105145867098866,0.0735259392965138,MYL2;ANKRD1;TCAP;ASB5,ENCODE TF ChIP-seq
ENCODE_TF_ChIP-seq_2015,POLR2A embryonic fibroblast mm9,4/2000,0.9188009835812204,0.9999962494958698,0,0,0.561623246492986,0.0475614789170668,CTTN;ACTN2;ANKRD1;FADD,ENCODE TF ChIP-seq
ENCODE_TF_ChIP-seq_2015,POLR2A ES-Bruce4 mm9,4/2000,0.9188009835812204,0.9999962494958698,0,0,0.561623246492986,0.0475614789170668,CTTN;ACTN2;FADD;FGF4,ENCODE TF ChIP-seq
ENCODE_TF_ChIP-seq_2015,POLR2AphosphoS2 myocyte mm9,4/2000,0.9188009835812204,0.9999962494958698,0,0,0.561623246492986,0.0475614789170668,CSRP3;ACTC1;SMYD1;LMOD2,ENCODE TF ChIP-seq
ENCODE_TF_ChIP-seq_2015,TBP H1-hESC hg19,4/2000,0.9188009835812204,0.9999962494958698,0,0,0.561623246492986,0.0475614789170668,UPK1B;GSTM1;ACTN2;TNNC1,ENCODE TF ChIP-seq
ENCODE_TF_ChIP-seq_2015,ELF1 HepG2 hg19,4/2019,0.9223712858400416,0.9999962494958698,0,0,0.5557382133995037,0.0449077825278279,CTTN;ANKRD1;PRAME;FADD,ENCODE TF ChIP-seq
ENCODE_TF_ChIP-seq_2015,GATA1 K562 hg19,1/727,0.9197117197655048,0.9999962494958698,0,0,0.3948439620081411,0.0330464678182136,C10ORF71,ENCODE TF ChIP-seq
ENCODE_TF_ChIP-seq_2015,USF1 K562 hg19,4/1928,0.9039407377714608,0.9999962494958698,0,0,0.5849792099792099,0.0590779140214058,PIGR;ACTN2;PRAME;FADD,ENCODE TF ChIP-seq
ENCODE_TF_ChIP-seq_2015,JUND HCT116 hg19,2/348,0.3319719469801526,0.9999962494958698,0,0,1.7153617095813627,1.8915376092175695,ANKRD1;ASB5,ENCODE TF ChIP-seq
ENCODE_TF_ChIP-seq_2015,SMC3 MEL cell line mm9,4/2000,0.9188009835812204,0.9999962494958698,0,0,0.561623246492986,0.0475614789170668,MYOG;GSTM1;CACNA1S;FADD,ENCODE TF ChIP-seq
ENCODE_TF_ChIP-seq_2015,CTCF GM19238 hg19,4/2000,0.9188009835812204,0.9999962494958698,0,0,0.561623246492986,0.0475614789170668,GSTM1;CCND1;PRAME;NTS,ENCODE TF ChIP-seq
ENCODE_TF_ChIP-seq_2015,EZH2 keratinocyte hg19,7/2000,0.5267451286781977,0.9999962494958698,0,0,1.0329020423942816,0.6621299492777574,MYBPC2;DES;ACTN2;NEFM;ASB5;FGF3;LTF,ENCODE TF ChIP-seq
ENCODE_TF_ChIP-seq_2015,ZZZ3 HeLa-S3 hg19,1/216,0.5227140196657857,0.9999962494958698,0,0,1.36876084692815,0.8879435932935233,NTS,ENCODE TF ChIP-seq
ENCODE_TF_ChIP-seq_2015,JUN HeLa-S3 hg19,2/506,0.516274891900948,0.9999962494958698,0,0,1.168109668109668,0.7722558968559373,ANKRD1;ASB5,ENCODE TF ChIP-seq
ENCODE_TF_ChIP-seq_2015,CBX3 HCT116 hg19,1/209,0.511073485461755,0.9999962494958698,0,0,1.4153272101033294,0.9500269142406652,ASB5,ENCODE TF ChIP-seq
ENCODE_TF_ChIP-seq_2015,TEAD4 SK-N-SH hg19,2/493,0.5023253252791968,0.9999962494958698,0,0,1.1998395358884155,0.8260982923233604,ANKRD1;ASB5,ENCODE TF ChIP-seq
ENCODE_TF_ChIP-seq_2015,RFX5 IMR-90 hg19,2/478,0.4859212500423306,0.9999962494958698,0,0,1.2386045327221795,0.8939116735174513,MYBPC2;CCND1,ENCODE TF ChIP-seq
ENCODE_TF_ChIP-seq_2015,SUPT20H HeLa-S3 hg19,1/172,0.4447397074859672,0.9999962494958698,0,0,1.7247970672951034,1.3975445842988603,CCND1,ENCODE TF ChIP-seq
ENCODE_TF_ChIP-seq_2015,ESR1 T47D hg19,2/425,0.4254744854320612,0.9999962494958698,0,0,1.3975929507844402,1.194313470477114,MYOG;NRAP,ENCODE TF ChIP-seq
ENCODE_TF_ChIP-seq_2015,FOS endothelial cell of umbilical vein hg19,4/2000,0.9188009835812204,0.9999962494958698,0,0,0.561623246492986,0.0475614789170668,ACTC1;ANKRD1;PPFIA1;FADD,ENCODE TF ChIP-seq
ENCODE_TF_ChIP-seq_2015,TEAD4 MCF-7 hg19,1/150,0.4011737390521622,0.9999962494958698,0,0,1.981668837022939,1.8099783985756157,ANKRD1,ENCODE TF ChIP-seq
ENCODE_TF_ChIP-seq_2015,EZH2 myotube hg19,8/2000,0.3696838707380958,0.9999962494958698,0,0,1.2008032128514057,1.1949277331226933,SLC34A2;TMPRSS11B;SLN;ANKRD1;STATH;NTS;TRDN;LTF,ENCODE TF ChIP-seq
ENCODE_TF_ChIP-seq_2015,TAL1 erythroblast mm9,4/885,0.3547775181828796,0.9999962494958698,0,0,1.3515181611804767,1.400530150053078,TNNC1;KRT2;NRAP;FADD,ENCODE TF ChIP-seq
ENCODE_TF_ChIP-seq_2015,FOSL1 HCT116 hg19,2/360,0.3468829884534076,0.9999962494958698,0,0,1.6568478076857964,1.7542170502406411,CTTN;ASB5,ENCODE TF ChIP-seq
ENCODE_TF_ChIP-seq_2015,TCF12 SK-N-SH hg19,4/857,0.3329484422642398,0.9999962494958698,0,0,1.3979337631887456,1.5374023002748338,CSRP3;ANKRD1;SMYD1;ASB5,ENCODE TF ChIP-seq
ENCODE_TF_ChIP-seq_2015,GATA2 G1E mm9,1/424,0.7676635013003388,0.9999962494958698,0,0,0.6883666772520377,0.182006759200122,MYOG,ENCODE TF ChIP-seq
ENCODE_TF_ChIP-seq_2015,FOXA1 ECC-1 hg19,1/435,0.7763906331252751,0.9999962494958698,0,0,0.6705413027030744,0.1697136632508905,ANKRD1,ENCODE TF ChIP-seq
ENCODE_TF_ChIP-seq_2015,CTCF bronchial epithelial cell hg19,4/2023,0.9231051679919148,0.9999962494958698,0,0,0.5545133729569094,0.0443677847072362,SLC34A2;GSTM1;CCND1;PRAME,ENCODE TF ChIP-seq
ENCODE_TF_ChIP-seq_2015,SIN3A K562 hg19,1/698,0.9110529073412232,0.9999962494958698,0,0,0.4118931882909698,0.038369624633962,PRAME,ENCODE TF ChIP-seq
ENCODE_TF_ChIP-seq_2015,POLR2A heart mm9,8/2000,0.3696838707380958,0.9999962494958698,0,0,1.2008032128514057,1.1949277331226933,DES;CKM;ACTN2;NRAP;ANKRD1;XIRP2;FADD;KLHL41,ENCODE TF ChIP-seq
ENCODE_TF_ChIP-seq_2015,EP300 K562 hg19,2/4840,0.9999962039242606,0.9999962494958698,0,0,0.0945419469603016,3.588890723985511e-07,MYBPC2;PRAME,ENCODE TF ChIP-seq
