Gene_set,Term,Overlap,P-value,Adjusted P-value,Old P-value,Old Adjusted P-value,Odds Ratio,Combined Score,Genes,Analysis
PanglaoDB_Augmented_2021,Myocytes,27/163,2.1500119043632823e-39,1.5265084520979306e-37,0,0,95.8558106169297,8534.555192279397,LMOD2;CSRP3;C10ORF71;SLN;NRAP;ANKRD1;SMYD1;XIRP2;CACNA1S;MYOG;CKM;ACTN2;TNNC1;KLHL41;TRDN;ACTA1;MYH1;MYH2;ACTC1;DES;MYL1;MYL2;MYH8;MYF6;TCAP;ASB5;MYH7,PanglaoDB
PanglaoDB_Augmented_2021,Cardiomyocytes,22/174,3.3786544845219815e-29,1.1994223420053035e-27,0,0,62.23684210526316,4080.091163164037,CKM;ACTN2;TNNC1;KLHL41;LMOD2;TRDN;ACTA1;CSRP3;C10ORF71;ACTC1;DES;SLN;MYL1;MYL2;NRAP;ANKRD1;SMYD1;XIRP2;TCAP;CACNA1S;ASB5;MYH7,PanglaoDB
MSigDB_Hallmark_2020,Myogenesis,18/200,3.7778122070163435e-21,5.666718310524515e-20,0,0,39.065934065934066,1837.0810925946353,MYOG;CKM;ACTN2;TNNC1;MYBPH;ACTA1;MYH1;CSRP3;MYH2;ACTC1;DES;SLN;MYL1;MYL2;MYH8;MYF6;TCAP;MYH7,MSigDB Hallmark
Cancer_Cell_Line_Encyclopedia,RD SOFT TISSUE,18/211,1.0063521100404752e-20,5.122332240106018e-18,0,0,36.818860103626946,1695.338030538914,MYOG;MYBPC1;CKM;ACTN2;MYBPH;ACTA1;CHRND;CSRP3;ACTC1;DES;SLN;MYL1;MYH8;SMYD1;XIRP2;CACNA1S;ASB5;MYH7,Cancer Cell Line Encyclopedia
Human_Gene_Atlas,SkeletalMuscle,20/441,1.492421351882826e-17,4.626506190836762e-16,0,0,19.31017418844022,748.1446356781652,MYBPC1;MYBPC2;CKM;ACTN2;LMOD2;ACTA1;MYH1;MYH2;DES;SLN;MYL1;MYL2;NRAP;ANKRD1;MYH8;MYF6;TCAP;CACNA1S;ASB5;MYH7,Human Gene Atlas
GO_Biological_Process_2023,Muscle Contraction (GO:0006936),11/94,1.663530663909194e-14,8.201206173072327e-12,0,0,46.150708095540054,1464.2350096844843,MYH1;CHRND;MYH2;DES;MYL1;MYH8;CACNA1S;KLHL41;LMOD2;TRDN;MYH7,GO Biological Process
OMIM_Disease,cardiomyopathy,8/42,1.2561345479441553e-12,1.0049076383553242e-11,0,0,78.03137254901961,2138.29229189179,CSRP3;DES;ACTC1;ACTN2;TNNC1;MYL2;TCAP;MYH7,OMIM Disease
Reactome_2022,Striated Muscle Contraction R-HSA-390522,8/33,1.5134996987248272e-13,3.783749246812067e-11,0,0,106.17066666666666,3134.071185520483,MYBPC1;MYBPC2;DES;ACTN2;MYL1;MYL2;MYH8;TCAP,Reactome Pathways
OMIM_Disease,"cardiomyopathy, dilated",7/33,1.522369931360945e-11,6.089479725443779e-11,0,0,87.85750315258512,2188.369425473644,CSRP3;DES;ACTC1;ACTN2;TNNC1;TCAP;MYH7,OMIM Disease
GO_Cellular_Component_2023,Myofibril (GO:0030016),7/29,5.62159354552473e-12,4.6097067073302776e-10,0,0,103.85245901639344,2690.236256559119,MYBPC1;MYH2;DES;MYL1;MYL2;LMOD2;MYH7,GO Cellular Component
GO_Biological_Process_2023,Myofibril Assembly (GO:0030239),8/46,2.74750253562026e-12,6.77259375030394e-10,0,0,69.80350877192983,1858.192353907799,CSRP3;ACTN2;MYL2;ANKRD1;TCAP;KLHL41;LMOD2;MYH7,GO Biological Process
GO_Cellular_Component_2023,Cornified Envelope (GO:0001533),7/41,7.842343072732682e-11,3.2153606598204e-09,0,0,67.15814850530376,1562.6961324151755,SPRR2F;SPRR3;FLG2;SPRR2G;KRT2;SPRR2B;RPTN,GO Cellular Component
OMIM_Disease,"cardiomyopathy, hypertrophic",5/17,2.344537118946338e-09,6.252098983856902e-09,0,0,131.74603174603175,2617.9488272212684,CSRP3;ACTC1;TNNC1;MYL2;MYH7,OMIM Disease
GO_Biological_Process_2023,Heart Contraction (GO:0060047),7/41,7.842343072732682e-11,1.2887583782857376e-08,0,0,67.15814850530376,1562.6961324151755,CSRP3;ACTC1;TNNC1;MYL2;TCAP;TRDN;MYH7,GO Biological Process
GO_Biological_Process_2023,Striated Muscle Contraction (GO:0006941),7/57,8.836808105651632e-10,1.0891365990215637e-07,0,0,45.630819672131146,951.262284178066,CSRP3;TNNC1;MYL2;MYH8;TCAP;KLHL41;MYH7,GO Biological Process
Reactome_2022,Muscle Contraction R-HSA-397014,10/196,1.1521298445768035e-09,1.440162305721005e-07,0,0,18.303670745272527,376.71981031507784,MYBPC1;MYBPC2;DES;SLN;ACTN2;MYL1;MYL2;MYH8;TCAP;TRDN,Reactome Pathways
Human_Gene_Atlas,Heart,12/415,1.3871738105967568e-08,2.150119406424973e-07,0,0,10.384083658277207,187.8835069496649,CSRP3;ACTC1;DES;CTTN;CKM;ACTN2;TNNC1;MYL2;NRAP;MYH8;TCAP;MYH7,Human Gene Atlas
Reactome_2022,Formation Of Cornified Envelope R-HSA-6809371,7/74,5.747850140884365e-09,4.789875117403638e-07,0,0,34.02373379006606,645.5812933543245,SPRR2F;SPRR3;LCE3D;SPRR2G;SPINK6;SPRR2B;RPTN,Reactome Pathways
PanglaoDB_Augmented_2021,Oxyphil Cells,7/94,3.0992056871200374e-08,7.334786792850754e-07,0,0,26.175805539853023,452.56750329269926,C10ORF71;ACTN2;SMYD1;CACNA1S;LMOD2;TRDN;MYH7,PanglaoDB
GO_Biological_Process_2023,Actomyosin Structure Organization (GO:0031032),7/77,7.619631288666613e-09,7.51295645062528e-07,0,0,32.56065573770492,608.6412899845278,CSRP3;ACTN2;ANKRD1;TCAP;KLHL41;LMOD2;MYH7,GO Biological Process
OMIM_Disease,myopathy,5/44,3.833299673537719e-07,7.666599347075438e-07,0,0,40.48229548229549,598.1003991573739,ACTA1;MYH2;DES;MYF6;MYH7,OMIM Disease
CellMarker_2024,Myocyte Undefined Human,4/8,8.46494860665659e-09,1.1089082674720137e-06,0,0,311.375,5787.63046807539,MYOG;MYH1;MYH2;MYH7,CellMarker
Human_Gene_Atlas,Tongue,7/115,1.2541913742426248e-07,1.2959977533840458e-06,0,0,21.06375227686703,334.73682277332347,SPRR3;LCE3D;MYH2;SPINK7;ADH7;SPRR2B;TRDN,Human Gene Atlas
PanglaoDB_Augmented_2021,Clara Cells,7/113,1.111450078352812e-07,1.9728238890762416e-06,0,0,21.463346736776987,343.6803395774017,PIGR;SLC34A2;BPIFA1;BPIFB1;SCGB3A1;ADH7;MUC5B,PanglaoDB
Reactome_2022,Keratinization R-HSA-6805567,9/208,3.4690468492351564e-08,2.1681542807719727e-06,0,0,15.126224342049229,259.8201434525976,SPRR2F;SPRR3;LCE3D;SPRR2G;SPINK6;KRT2;KRT24;SPRR2B;RPTN,Reactome Pathways
GO_Cellular_Component_2023,Muscle Myosin Complex (GO:0005859),4/14,1.1920688421339993e-07,3.2583215018329313e-06,0,0,124.5125,1985.0287437157128,MYH2;MYL1;MYH8;MYH7,GO Cellular Component
GO_Cellular_Component_2023,Myosin Filament (GO:0032982),4/15,1.621396359670757e-07,3.323862537325051e-06,0,0,113.1875,1769.664821735429,MYH1;MYH2;MYH8;MYH7,GO Cellular Component
GO_Biological_Process_2023,Sarcomere Organization (GO:0045214),5/29,4.3600051786859435e-08,3.582470921820283e-06,0,0,65.83333333333333,1115.7569936723246,CSRP3;ANKRD1;TCAP;LMOD2;MYH7,GO Biological Process
GO_Biological_Process_2023,Cardiac Muscle Tissue Morphogenesis (GO:0055008),5/31,6.205506818374838e-08,3.824143576823494e-06,0,0,60.76312576312576,1008.3788769505026,TNNC1;MYL2;ANKRD1;TCAP;MYH7,GO Biological Process
GO_Biological_Process_2023,Actin-Myosin Filament Sliding (GO:0033275),4/12,5.9250691261669034e-08,3.824143576823494e-06,0,0,155.65625,2590.3516772270473,MYH2;MYL1;MYH8;MYH7,GO Biological Process
GO_Biological_Process_2023,Cardiac Muscle Contraction (GO:0060048),5/33,8.622634593552894e-08,4.723287616246195e-06,0,0,56.4172335600907,917.6990859604076,CSRP3;TNNC1;MYL2;TCAP;MYH7,GO Biological Process
GO_Biological_Process_2023,Cardiac Myofibril Assembly (GO:0055003),4/15,1.621396359670757e-07,7.99348405317683e-06,0,0,113.1875,1769.664821735429,CSRP3;MYL2;NRAP;TCAP,GO Biological Process
CellMarker_2024,Contractile Smooth Muscle Cell Aorta Mouse,4/16,2.1563393383743657e-07,1.4124022666352096e-05,0,0,103.75,1592.5296753394375,MYH1;MYH2;DES;MYH7,CellMarker
GO_Biological_Process_2023,Epidermis Development (GO:0008544),6/85,4.367435703039008e-07,1.8722433053680655e-05,0,0,24.319722335647203,356.1360588140758,FLG2;SPRR2F;SPRR3;SPRR2G;KRT2;SPRR2B,GO Biological Process
GO_Biological_Process_2023,Skeletal Muscle Contraction (GO:0003009),4/19,4.557184516108882e-07,1.8722433053680655e-05,0,0,82.9875,1211.7329064671835,TNNC1;MYH8;TCAP;MYH7,GO Biological Process
Cancer_Cell_Line_Encyclopedia,RH41 SOFT TISSUE,10/311,9.371636808559121e-08,2.3850815677782957e-05,0,0,11.24470156948104,181.97292652601183,MYOG;CHRND;CSRP3;C10ORF71;ACTC1;DES;MYL1;MYH8;ASB5;STATH,Cancer Cell Line Encyclopedia
PanglaoDB_Augmented_2021,Ionocytes,6/107,1.7022383284218771e-06,2.4171784263590657e-05,0,0,19.00127754710955,252.4047340561556,PIGR;SLC34A2;BPIFA1;BPIFB1;ADH7;SHANK2,PanglaoDB
KEGG_2021_Human,Dilated cardiomyopathy,6/96,8.990837685169573e-07,3.476457238265568e-05,0,0,21.335483870967742,297.03025159351245,ACTC1;DES;TNNC1;MYL2;CACNA1S;MYH7,KEGG Pathways
KEGG_2021_Human,Hypertrophic cardiomyopathy,6/90,6.13538860194074e-07,3.476457238265568e-05,0,0,22.86635944700461,327.08091391776514,ACTC1;DES;TNNC1;MYL2;CACNA1S;MYH7,KEGG Pathways
KEGG_2021_Human,Cardiac muscle contraction,6/87,5.016037182758686e-07,3.476457238265568e-05,0,0,23.7168458781362,344.0236509399057,ACTC1;TNNC1;MYL2;CACNA1S;TRDN;MYH7,KEGG Pathways
Cancer_Cell_Line_Encyclopedia,SNUC2A LARGE INTESTINE,6/80,3.04095477731656e-07,5.1594866055137627e-05,0,0,25.969485614646903,389.6961303965052,SPRR3;LCE3D;MYBPC1;BPIFB1;MUC5B;RPTN,Cancer Cell Line Encyclopedia
PanglaoDB_Augmented_2021,Myoblasts,6/126,4.41062574758605e-06,5.219240467976826e-05,0,0,15.977419354838707,197.02545068111573,MYOG;ACTC1;DES;MYL1;MYF6;ASB5,PanglaoDB
GO_Cellular_Component_2023,Actin Filament (GO:0005884),5/71,4.281406345798273e-06,7.021506407109167e-05,0,0,23.88888888888889,295.29602651426154,ACTA1;ACTC1;CTTN;ACTN2;LMOD2,GO Cellular Component
GO_Cellular_Component_2023,Supramolecular Fiber (GO:0099512),4/36,6.631012731346725e-06,9.062384066173856e-05,0,0,38.8671875,463.4427441612301,MYH1;MYH2;MYH8;MYH7,GO Cellular Component
CellMarker_2024,Secretory Cell Trachea Mouse,5/63,2.3603415917517268e-06,0.00010306824950649208,0,0,27.194854953475645,352.35569158807573,PIGR;ANO1;BPIFA1;BPIFB1;MUC5B,CellMarker
GO_Biological_Process_2023,Regulation Of Muscle Contraction (GO:0006937),4/29,2.721978566510944e-06,0.00010322580256076118,0,0,49.7675,637.7282861665242,TNNC1;MYL2;MYBPH;CACNA1S,GO Biological Process
GO_Biological_Process_2023,Muscle Cell Fate Commitment (GO:0042693),3/9,3.1116468497818627e-06,0.0001095744212101756,0,0,153.27692307692308,1943.606324925113,MYOG;MYL2;MYF6,GO Biological Process
GO_Biological_Process_2023,Muscle Filament Sliding (GO:0030049),3/10,4.434399496193174e-06,0.00014574393010821564,0,0,131.37362637362637,1619.3268670724071,MYL1;MYH8;MYH7,GO Biological Process
GO_Biological_Process_2023,Skeletal Muscle Organ Development (GO:0060538),4/35,5.909325614872254e-06,0.00018208109550825133,0,0,40.122983870967744,483.0397539091498,MYOG;CSRP3;DES;MYF6,GO Biological Process
Cancer_Cell_Line_Encyclopedia,SNU1214 UPPER AERODIGESTIVE TRACT,8/240,1.52094439828934e-06,0.00019354017468231852,0,0,11.32183908045977,151.66938407882094,FLG2;LCE3D;SPRR2G;SPINK7;SPINK6;KRT2;ADH7;RPTN,Cancer Cell Line Encyclopedia
CellMarker_2024,Secretory Cell Lung Human,5/80,7.720839576090566e-06,0.000252857496116966,0,0,21.012698412698413,247.35281685119588,PIGR;SLC34A2;BPIFA1;SCGB3A1;MUC5B,CellMarker
PanglaoDB_Augmented_2021,Airway Epithelial Cells,5/103,2.647066866178224e-05,0.0002684882107123627,0,0,16.062520246193717,169.29050295910355,PIGR;SLC34A2;BPIFA1;BPIFB1;ADH7,PanglaoDB
GO_Biological_Process_2023,Actin Filament Organization (GO:0007015),6/144,9.513330772216888e-06,0.00027588659239428974,0,0,13.88078541374474,160.50097466771362,ACTA1;ACTC1;NRAP;XIRP2;TCAP;LMOD2,GO Biological Process
ENCODE_TF_ChIP-seq_2015,TCF12 myocyte mm9,17/1223,4.801293360993649e-07,0.00030008083506210306,0,0,5.175787728026534,75.30362422224378,MYOG;CKM;TNNC1;MYBPH;KLHL41;LMOD2;ACTA1;CHRND;ACTC1;DES;MYL1;NRAP;ANKRD1;SMYD1;TCAP;CACNA1S;ASB5,ENCODE TF ChIP-seq
GO_Biological_Process_2023,Keratinocyte Differentiation (GO:0030216),4/42,1.2408288722730247e-05,0.0003219624389634743,0,0,32.7203947368421,369.6470720462672,SPRR2F;SPRR3;SPRR2G;SPRR2B,GO Biological Process
GO_Biological_Process_2023,Skeletal Muscle Tissue Development (GO:0007519),4/42,1.2408288722730247e-05,0.0003219624389634743,0,0,32.7203947368421,369.6470720462672,MYOG;CSRP3;MYF6;KLHL41,GO Biological Process
GO_Cellular_Component_2023,Polymeric Cytoskeletal Fiber (GO:0099513),7/265,3.222894816860599e-05,0.0003775391071179558,0,0,8.750667174990468,90.50504846047008,ACTA1;ACTC1;CTTN;ACTN2;KRT2;NEFM;LMOD2,GO Cellular Component
Cancer_Cell_Line_Encyclopedia,BICR16 UPPER AERODIGESTIVE TRACT,6/125,4.211769696353973e-06,0.0004287581550888344,0,0,16.112496611547844,199.4344834595144,SPRR3;LCE3D;SPRR2G;SPINK7;SPINK6;KRT24,Cancer Cell Line Encyclopedia
CellMarker_2024,Secretory Cell Airway Epithelium Human,3/15,1.6610279367976186e-05,0.00043518931944097605,0,0,76.61538461538461,843.1897584581213,PIGR;BPIFB1;MUC5B,CellMarker
PanglaoDB_Augmented_2021,Airway Goblet Cells,5/118,5.086727192545035e-05,0.0004514470383383718,0,0,13.919792105632814,137.61511303446343,PIGR;BPIFB1;SCGB3A1;MUC5B;LTF,PanglaoDB
GO_Biological_Process_2023,Heart Process (GO:0003015),3/16,2.0393699200298096e-05,0.000502704685287348,0,0,70.71834319526627,763.778230654716,ACTC1;MYL2;TRDN,GO Biological Process
GO_Biological_Process_2023,Epidermal Cell Differentiation (GO:0009913),4/54,3.400003748412858e-05,0.000761909930894336,0,0,24.8525,255.7110738045548,SPRR2F;SPRR3;SPRR2G;SPRR2B,GO Biological Process
GO_Biological_Process_2023,Regulation Of Myoblast Differentiation (GO:0045661),4/54,3.400003748412858e-05,0.000761909930894336,0,0,24.8525,255.7110738045548,MYOG;MYF6;SMYD1;KLHL41,GO Biological Process
CellMarker_2024,Cardiomyocyte Heart Mouse,3/19,3.503155869033606e-05,0.0007648556980723372,0,0,57.45,589.3945574264905,ACTC1;ACTN2;TNNC1,CellMarker
Human_Gene_Atlas,Trachea,4/72,0.00010563700699436324,0.000818686804206315,0,0,18.25735294117647,167.15522777206678,PIGR;UPK1B;MUC5B;LTF,Human Gene Atlas
Cancer_Cell_Line_Encyclopedia,SJRH30 SOFT TISSUE,8/315,1.1271696753569324e-05,0.0009562156079277976,0,0,8.523344191096633,97.10829873823454,MYOG;CHRND;CSRP3;ACTC1;DES;CKM;SMYD1;STATH,Cancer Cell Line Encyclopedia
GO_Cellular_Component_2023,Sarcoplasmic Reticulum Membrane (GO:0033017),3/27,0.000103706510385465,0.001062991731451,0,0,38.284615384615385,351.2209812956565,SLN;KLHL41;TRDN,GO Cellular Component
Cancer_Cell_Line_Encyclopedia,HARA LUNG,5/93,1.6132240787677964e-05,0.0011730443658468,0,0,17.896825396825395,197.4859337497494,LCE3D;SPRR2G;SPINK7;SPINK6;NTS,Cancer Cell Line Encyclopedia
Cancer_Cell_Line_Encyclopedia,SCC9 UPPER AERODIGESTIVE TRACT,7/248,2.1086994359826613e-05,0.0013416600161439,0,0,9.376028841575405,100.95033446750404,FLG2;SPRR3;LCE3D;SPRR2G;SPINK7;SPINK6;RPTN,Cancer Cell Line Encyclopedia
GO_Biological_Process_2023,Ventricular Cardiac Muscle Tissue Development (GO:0003229),3/25,8.194477284226889e-05,0.00166593916621,0,0,41.76923076923077,393.026116651049,TNNC1;MYL2;MYH7,GO Biological Process
GO_Biological_Process_2023,Positive Regulation Of Striated Muscle Cell Differentiation (GO:0051155),3/25,8.194477284226889e-05,0.00166593916621,0,0,41.76923076923077,393.026116651049,MYOG;MYF6;SMYD1,GO Biological Process
GO_Biological_Process_2023,Skin Development (GO:0043588),4/68,8.447967374290188e-05,0.00166593916621,0,0,19.40234375,181.9745742695092,SPRR2F;SPRR3;SPRR2G;SPRR2B,GO Biological Process
Cancer_Cell_Line_Encyclopedia,TE6 OESOPHAGUS,5/110,3.633628788350884e-05,0.0016813791393369,0,0,14.986394557823129,153.20132047987494,PPFIA1;HORMAD1;FADD;NTS;ADH7,Cancer Cell Line Encyclopedia
Cancer_Cell_Line_Encyclopedia,TT OESOPHAGUS,7/262,2.997192444036378e-05,0.0016813791393369,0,0,8.8549662487946,92.22668249839322,ANO1;SPRR3;LCE3D;UPK1B;PPFIA1;FADD;ADH7,Cancer Cell Line Encyclopedia
Cancer_Cell_Line_Encyclopedia,TE14 OESOPHAGUS,5/110,3.633628788350884e-05,0.0016813791393369,0,0,14.986394557823129,153.20132047987494,PPFIA1;STATH;ADH7;RPTN;TRDN,Cancer Cell Line Encyclopedia
GO_Biological_Process_2023,Cardiac Muscle Cell Development (GO:0055013),3/26,9.240810800337933e-05,0.001752199894064,0,0,39.95117056856187,371.118242334436,CSRP3;MYL2;TCAP,GO Biological Process
GO_Biological_Process_2023,Supramolecular Fiber Organization (GO:0097435),7/316,9.767900963960374e-05,0.0017835463611972,0,0,7.287442304631545,67.29095868216858,DES;KRT2;KRT24;XIRP2;KLHL41;LMOD2;TRDN,GO Biological Process
GO_Biological_Process_2023,Positive Regulation Of Skeletal Muscle Fiber Development (GO:0048743),2/5,0.00011315119111665648,0.001969774434446,0,0,201.3030303030303,1829.1974888825955,MYOG;MYF6,GO Biological Process
GO_Biological_Process_2023,Mucosal Immune Response (GO:0002385),3/28,0.00011586908437918095,0.001969774434446,0,0,36.751384615384616,333.0796211647444,PIGR;BPIFB1;LTF,GO Biological Process
CellMarker_2024,Cardiomyocyte Embryo Human,2/5,0.00011315119111665648,0.0021175437194688,0,0,201.3030303030303,1829.1974888825955,MYL2;MYH7,CellMarker
CellMarker_2024,Granulocytic Neutrophil Blood Mouse,2/6,0.00016935418711549392,0.0024650442791255,0,0,150.96969696969697,1310.94811949453,GSTM1;LTF,CellMarker
CellMarker_2024,Cardiomyocyte Heart Muscle Human,2/6,0.00016935418711549392,0.0024650442791255,0,0,150.96969696969697,1310.94811949453,MYL2;MYH7,CellMarker
GO_Biological_Process_2023,Skeletal Muscle Thin Filament Assembly (GO:0030240),2/6,0.00016935418711549392,0.0026932778789657,0,0,150.96969696969697,1310.94811949453,ACTC1;TCAP,GO Biological Process
GO_Biological_Process_2023,Detection Of Muscle Stretch (GO:0035995),2/6,0.00016935418711549392,0.0026932778789657,0,0,150.96969696969697,1310.94811949453,CSRP3;TCAP,GO Biological Process
CellMarker_2024,Club Cell (Clara Cell) Lung Human,2/7,0.0002365753274945057,0.00281739708198,0,0,120.76969696969697,1008.3356546729788,SCGB3A1;MUC5B,CellMarker
CellMarker_2024,Myoblast Undefined Human,2/7,0.0002365753274945057,0.00281739708198,0,0,120.76969696969697,1008.3356546729788,MYOG;MYF6,CellMarker
Cancer_Cell_Line_Encyclopedia,TE11 OESOPHAGUS,4/64,6.658670949613468e-05,0.0028243862611277,0,0,20.7,199.07201503915695,ANO1;PPFIA1;FADD;ADH7,Cancer Cell Line Encyclopedia
GO_Biological_Process_2023,Ventricular Cardiac Muscle Tissue Morphogenesis (GO:0055010),3/33,0.0001906414942440443,0.0029370705206973,0,0,30.61846153846154,262.25067136359644,TNNC1;MYL2;MYH7,GO Biological Process
GO_Biological_Process_2023,Positive Regulation Of Myotube Differentiation (GO:0010831),2/7,0.0002365753274945057,0.0033323324701368,0,0,120.76969696969697,1008.3356546729788,MYOG;SMYD1,GO Biological Process
GO_Biological_Process_2023,Cardiac Muscle Hypertrophy (GO:0003300),2/7,0.0002365753274945057,0.0033323324701368,0,0,120.76969696969697,1008.3356546729788,CSRP3;TCAP,GO Biological Process
GO_Biological_Process_2023,Regulation Of Skeletal Muscle Fiber Development (GO:0048742),2/7,0.0002365753274945057,0.0033323324701368,0,0,120.76969696969697,1008.3356546729788,MYOG;MYF6,GO Biological Process
CellMarker_2024,Fibroblast Muscle Human,2/8,0.00031474126366608674,0.0034359254616881,0,0,100.63636363636364,811.5074475931799,MYH1;MYH7,CellMarker
PanglaoDB_Augmented_2021,Salivary Mucous Cells,4/105,0.0004512442209666195,0.0035598155209588,0,0,12.271658415841584,94.53474337185132,ANO1;LCE3D;SPRR2G;RPTN,PanglaoDB
GO_Biological_Process_2023,Muscle Cell Differentiation (GO:0042692),3/37,0.00026886963687817376,0.003582506242728,0,0,27.010859728506787,222.06394667301703,MYOG;ACTN2;MYF6,GO Biological Process
GO_Biological_Process_2023,Muscle Tissue Development (GO:0060537),3/37,0.00026886963687817376,0.003582506242728,0,0,27.010859728506787,222.06394667301703,MYOG;CSRP3;MYF6,GO Biological Process
KEGG_2021_Human,Adrenergic signaling in cardiomyocytes,5/150,0.00015818100130258317,0.0037403120603611,0,0,10.83032293377121,94.78450187002986,ACTC1;TNNC1;MYL2;CACNA1S;MYH7,KEGG Pathways
KEGG_2021_Human,Chemical carcinogenesis,6/239,0.00016122034742936192,0.0037403120603611,0,0,8.181780423646684,71.44934899502134,GSTM1;CCND1;CACNA1S;FGF3;UGT1A7;FGF4,KEGG Pathways
Cancer_Cell_Line_Encyclopedia,RH30 SOFT TISSUE,7/315,9.577071289703075e-05,0.0037497917588145,0,0,7.311475409836065,67.65712982382988,MYOG;CHRND;C10ORF71;ACTC1;DES;MYL1;ASB5,Cancer Cell Line Encyclopedia
GO_Biological_Process_2023,Positive Regulation Of Myoblast Differentiation (GO:0045663),3/38,0.00029120715321542454,0.0037780296456632,0,0,26.237802197802196,213.6144284200033,MYOG;MYF6;SMYD1,GO Biological Process
GO_Biological_Process_2023,Adult Heart Development (GO:0007512),2/8,0.00031474126366608674,0.0038791860746845,0,0,100.63636363636364,811.5074475931799,TCAP;MYH7,GO Biological Process
GO_Biological_Process_2023,Skeletal Myofibril Assembly (GO:0014866),2/8,0.00031474126366608674,0.0038791860746845,0,0,100.63636363636364,811.5074475931799,ACTC1;TCAP,GO Biological Process
CellMarker_2024,Goblet Cell Airway Epithelium Human,2/9,0.00040377900206164984,0.004068849943852,0,0,86.25541125541126,674.0552332096978,SCGB3A1;MUC5B,CellMarker
GO_Cellular_Component_2023,Sarcoplasmic Reticulum (GO:0016529),3/45,0.0004815756056455739,0.0043876888514374,0,0,21.857142857142858,166.9546342358889,SLN;KLHL41;TRDN,GO Cellular Component
CellMarker_2024,Club Cell (Clara Cell) Airway Epithelium Human,2/10,0.0005036159037475685,0.0047124059564951,0,0,75.46969696969697,573.09398703068,SCGB3A1;MUC5B,CellMarker
GO_Biological_Process_2023,Cardiac Ventricle Morphogenesis (GO:0003208),3/42,0.0003924528755522667,0.0047190065279821,0,0,23.542011834319528,184.64221389004297,TNNC1;MYL2;MYH7,GO Biological Process
GO_Biological_Process_2023,Positive Regulation Of Skeletal Muscle Tissue Development (GO:0048643),2/9,0.00040377900206164984,0.0047395963813426,0,0,86.25541125541126,674.0552332096978,MYOG;MYF6,GO Biological Process
GO_Biological_Process_2023,Sarcoplasmic Reticulum Calcium Ion Transport (GO:0070296),2/10,0.0005036159037475685,0.0057740148964546,0,0,75.46969696969697,573.09398703068,SLN;TRDN,GO Biological Process
GO_Biological_Process_2023,Regulation Of Muscle System Process (GO:0090257),2/11,0.0006141796834823028,0.0068816041808358,0,0,67.08080808080808,496.077536690995,SLN;TNNC1,GO Biological Process
GO_Cellular_Component_2023,Actin Cytoskeleton (GO:0015629),6/327,0.0008521710408473169,0.0069878025349479,0,0,5.912270123605667,41.786289303267914,ACTA1;ACTC1;CTTN;ACTN2;MYL2;LMOD2,GO Cellular Component
GO_Biological_Process_2023,Blood Circulation (GO:0008015),3/50,0.0006571555344566322,0.0071995039663804,0,0,19.527004909983635,143.08588265054038,ACTC1;MYL2;TRDN,GO Biological Process
GO_Biological_Process_2023,Cardiac Muscle Tissue Development (GO:0048738),3/52,0.0007373900840415971,0.0079028980746197,0,0,18.728100470957617,135.0744304682555,CSRP3;ANKRD1;TCAP,GO Biological Process
PanglaoDB_Augmented_2021,Pulmonary Alveolar Type II Cells,4/135,0.0011574048589502,0.0082175744985467,0,0,9.447041984732824,63.8768826308708,PIGR;SLC34A2;SCGB3A1;LTF,PanglaoDB
Cancer_Cell_Line_Encyclopedia,L33 PANCREAS,4/88,0.0002298672195672479,0.0083573153399806,0,0,14.767857142857142,123.72523594775036,BPIFA1;BPIFB1;SPINK6;MUC5B,Cancer Cell Line Encyclopedia
OMIM_Disease,muscular dystrophy,2/33,0.0056185685544129,0.0089897096870607,0,0,19.453567937438905,100.80213187276532,MYF6;TCAP,OMIM Disease
GO_Biological_Process_2023,Regulation Of Myoblast Fusion (GO:1901739),2/13,0.0008672004982370924,0.0090963796942741,0,0,54.878787878787875,386.90864481269017,MYOG;SCGB3A1,GO Biological Process
Cancer_Cell_Line_Encyclopedia,LU65 LUNG,4/93,0.00028417040343567076,0.0096428490232504,0,0,13.934691011235955,113.78980177265366,BPIFA1;BPIFB1;HORMAD1;MUC5B,Cancer Cell Line Encyclopedia
GO_Biological_Process_2023,Response To Muscle Stretch (GO:0035994),2/14,0.0010095147214072,0.0101569542378318,0,0,50.303030303030305,347.00466642918985,CSRP3;TCAP,GO Biological Process
GO_Biological_Process_2023,Striated Muscle Cell Development (GO:0055002),2/14,0.0010095147214072,0.0101569542378318,0,0,50.303030303030305,347.00466642918985,KLHL41;LMOD2,GO Biological Process
Cancer_Cell_Line_Encyclopedia,VMRCLCP LUNG,4/96,0.0003208563224514985,0.0102072417579882,0,0,13.478260869565217,108.42610042953902,BPIFA1;UPK1B;BPIFB1;ADH7,Cancer Cell Line Encyclopedia
Cancer_Cell_Line_Encyclopedia,BICR18 UPPER AERODIGESTIVE TRACT,4/100,0.000374898293077499,0.0112248959515557,0,0,12.9140625,101.87717668990722,SPRR3;PPFIA1;FADD;ADH7,Cancer Cell Line Encyclopedia
Reactome_2022,Developmental Biology R-HSA-1266738,12/1073,0.0002399908405865705,0.0119995420293285,0,0,3.811296620438939,31.76681355077665,MYOG;SPRR2F;SPRR3;LCE3D;SPRR2G;SPINK6;KRT2;KRT24;MYF6;CACNA1S;SPRR2B;RPTN,Reactome Pathways
GO_Biological_Process_2023,Negative Regulation Of ATP-dependent Activity (GO:0032780),2/16,0.0013253963875063,0.0130684083808122,0,0,43.112554112554115,285.66566773659633,SLN;LTF,GO Biological Process
GO_Biological_Process_2023,Muscle Tissue Morphogenesis (GO:0060415),2/17,0.0014988231077721,0.0144886233751307,0,0,40.236363636363635,261.66009341787907,ANKRD1;TCAP,GO Biological Process
CellMarker_2024,Neutrophil Bone Marrow Mouse,2/18,0.0016824805132125,0.0146936631487229,0,0,37.71969696969697,240.93403928127228,GSTM1;LTF,CellMarker
GO_Biological_Process_2023,Intermediate Filament Organization (GO:0045109),3/68,0.0016085848542601,0.0152506217913511,0,0,14.106745562130175,90.74023662909386,DES;KRT2;KRT24,GO Biological Process
CellMarker_2024,Axin2-Palpha+ Cell Lung Mouse,2/19,0.0018762991031729,0.0153621989072288,0,0,35.49910873440285,222.8795213878254,ACTC1;DES,CellMarker
GO_Biological_Process_2023,Detection Of Mechanical Stimulus (GO:0050982),2/18,0.0016824805132125,0.0156502432644111,0,0,37.71969696969697,240.93403928127228,CSRP3;TCAP,GO Biological Process
GO_Cellular_Component_2023,Cell-Substrate Junction (GO:0030055),6/395,0.0022295498798593,0.016620280922588,0,0,4.861845924205987,29.68621515996816,ACTC1;CTTN;ACTN2;NRAP;PPFIA1;XIRP2,GO Cellular Component
GO_Cellular_Component_2023,Intermediate Filament Cytoskeleton (GO:0045111),3/81,0.002653771927353,0.0181341081702456,0,0,11.74792899408284,69.68605132829177,DES;KRT2;NEFM,GO Cellular Component
Cancer_Cell_Line_Encyclopedia,LS180 LARGE INTESTINE,4/117,0.000678792668290459,0.0191947482311024,0,0,10.96183628318584,79.96873133270765,PIGR;MYH1;MYH8;MUC5B,Cancer Cell Line Encyclopedia
Cancer_Cell_Line_Encyclopedia,CL11 LARGE INTESTINE,4/120,0.0007464027821625444,0.019995737690565,0,0,10.676724137931034,76.87503152296487,SPRR3;SPINK6;TNNC1;ANKRD1,Cancer Cell Line Encyclopedia
GO_Biological_Process_2023,Focal Adhesion Assembly (GO:0048041),2/21,0.0022941435449256,0.0205638685026975,0,0,31.759170653907496,193.0130467915525,CTTN;ACTN2,GO Biological Process
GO_Biological_Process_2023,Innate Immune Response In Mucosa (GO:0002227),2/21,0.0022941435449256,0.0205638685026975,0,0,31.759170653907496,193.0130467915525,BPIFB1;LTF,GO Biological Process
Cancer_Cell_Line_Encyclopedia,TE9 OESOPHAGUS,4/125,0.0008694669438706805,0.0210742225919131,0,0,10.232954545454543,72.11807992255137,FLG2;SPINK7;PPFIA1;FADD,Cancer Cell Line Encyclopedia
Cancer_Cell_Line_Encyclopedia,PECAPJ15 UPPER AERODIGESTIVE TRACT,3/55,0.0008690133722139896,0.0210742225919131,0,0,17.644970414201183,124.36443430473982,SPRR3;SPINK7;SPINK6,Cancer Cell Line Encyclopedia
CellMarker_2024,Myoblast Skeletal Muscle Human,2/24,0.0029954011693546,0.0230822090109092,0,0,27.424242424242426,159.35341771425578,MYOG;MYF6,CellMarker
GO_Biological_Process_2023,Heart Development (GO:0007507),4/171,0.0027453974719119,0.0233903615631846,0,0,7.397080838323354,43.6267209607359,CSRP3;MYL2;TCAP;MYH7,GO Biological Process
GO_Biological_Process_2023,Regulation Of Myotube Differentiation (GO:0010830),2/23,0.0027518072427276,0.0233903615631846,0,0,28.73160173160173,169.38708342077788,MYOG;SMYD1,GO Biological Process
GO_Biological_Process_2023,Regulation Of Toll-Like Receptor 4 Signaling Pathway (GO:0034143),2/23,0.0027518072427276,0.0233903615631846,0,0,28.73160173160173,169.38708342077788,BPIFB1;LTF,GO Biological Process
Cancer_Cell_Line_Encyclopedia,T3M4 PANCREAS,4/132,0.0010649008171358,0.0235667180835711,0,0,9.669921875,66.18939308783337,SPRR3;SPINK7;CACNA1S;RPTN,Cancer Cell Line Encyclopedia
Cancer_Cell_Line_Encyclopedia,LI7 LIVER,4/131,0.001035258015484,0.0235667180835711,0,0,9.746555118110235,66.98909274830557,XIRP2;FADD;FGF3;FGF4,Cancer Cell Line Encyclopedia
CellMarker_2024,Type II Pneumocyte Lung Mouse,2/25,0.0032487464098998,0.0236436544276047,0,0,26.23056653491436,150.2876657557229,SLC34A2;MYL1,CellMarker
MSigDB_Hallmark_2020,KRAS Signaling Dn,4/200,0.0047986051189846,0.0239930255949231,0,0,6.293367346938775,33.6029944353692,SPRR3;ACTC1;CKM;MYH7,MSigDB Hallmark
MSigDB_Hallmark_2020,Apical Junction,4/200,0.0047986051189846,0.0239930255949231,0,0,6.293367346938775,33.6029944353692,ACTA1;ACTC1;ACTN2;NRAP,MSigDB Hallmark
CellMarker_2024,Cardiomyocyte Heart Human,2/26,0.0035117758263918,0.0242127701714385,0,0,25.136363636363637,142.0615131867415,MYL2;MYH7,CellMarker
KEGG_2021_Human,Calcium signaling pathway,5/240,0.0013451471201442,0.0260061776561217,0,0,6.652144545761567,43.97900319342434,TNNC1;CACNA1S;FGF3;FGF4;TRDN,KEGG Pathways
GO_Cellular_Component_2023,Cytoskeleton (GO:0005856),7/599,0.0041679586721087,0.0262902008548398,0,0,3.7488923349579086,20.545162969148624,ACTA1;DES;CTTN;ACTN2;MYL2;NEFM;KLHL41,GO Cellular Component
CellMarker_2024,Rheaume Et al.Nat Commun.32 Retina Mouse,2/28,0.0040666203013127,0.0266363629735986,0,0,23.2004662004662,127.71724440818856,MYH2;MYH8,CellMarker
GO_Cellular_Component_2023,Intercalated Disc (GO:0014704),2/31,0.0049698589293484,0.0291091737290409,0,0,20.79728317659352,110.31635651344553,DES;NRAP,GO Cellular Component
KEGG_2021_Human,Metabolism of xenobiotics by cytochrome P450,3/76,0.002213182258085,0.0296102154818125,0,0,12.555742887249735,76.75732261509744,GSTM1;ADH7;UGT1A7,KEGG Pathways
KEGG_2021_Human,Arrhythmogenic right ventricular cardiomyopathy,3/77,0.0022973443046233,0.0296102154818125,0,0,12.385446985446986,75.25399413146187,DES;ACTN2;CACNA1S,KEGG Pathways
KEGG_2021_Human,Melanoma,3/72,0.001895838132275,0.0296102154818125,0,0,13.28628762541806,83.2797030961845,CCND1;FGF3;FGF4,KEGG Pathways
CellMarker_2024,Epithelial Cell Bronchial Vessel Human,2/31,0.0049698589293484,0.0310024533211736,0,0,20.79728317659352,110.31635651344553,MUC5B;LTF,CellMarker
Cancer_Cell_Line_Encyclopedia,KYSE520 OESOPHAGUS,3/66,0.0014758981403422,0.031301339726425,0,0,14.556043956043956,94.8834060906592,LCE3D;ACTC1;RPTN,Cancer Cell Line Encyclopedia
Cancer_Cell_Line_Encyclopedia,KMBC2 URINARY TRACT,4/148,0.0016240064024725,0.0330647703543414,0,0,8.588541666666666,55.16299295517263,PIGR;SPRR3;UPK1B;BPIFB1,Cancer Cell Line Encyclopedia
GO_Biological_Process_2023,Cell-Substrate Junction Assembly (GO:0007044),2/28,0.0040666203013127,0.0339804035346982,0,0,23.2004662004662,127.71724440818856,CTTN;ACTN2,GO Biological Process
PanglaoDB_Augmented_2021,Ciliated Cells,3/104,0.0053583527040772,0.034585731089953,0,0,9.062147753236864,47.38686487674727,BPIFA1;BPIFB1;ADH7,PanglaoDB
GO_Biological_Process_2023,Regulation Of Striated Muscle Contraction (GO:0006942),2/29,0.0043583027397844,0.0358107208452289,0,0,22.34006734006734,121.43329141490818,MYL2;MYBPH,GO Biological Process
Reactome_2022,FGFRL1 Modulation Of FGFR1 Signaling R-HSA-5658623,2/13,0.0008672004982370924,0.0361333540932121,0,0,54.878787878787875,386.90864481269017,FGF3;FGF4,Reactome Pathways
GO_Biological_Process_2023,Negative Regulation Of Calcium Ion Transmembrane Transporter Activity (GO:1901020),2/30,0.0046594041129255,0.0376571512733164,0,0,21.541125541125545,115.65145339322927,SLN;TRDN,GO Biological Process
GO_Biological_Process_2023,Purine Ribonucleoside Triphosphate Metabolic Process (GO:0009205),2/32,0.0052896020248526,0.0413932348928944,0,0,20.1030303030303,105.38033146318956,MYH8;MYH7,GO Biological Process
GO_Biological_Process_2023,Muscle Cell Development (GO:0055001),2/32,0.0052896020248526,0.0413932348928944,0,0,20.1030303030303,105.38033146318956,ACTN2;TCAP,GO Biological Process
Reactome_2022,FGFR1 Ligand Binding And Activation R-HSA-190242,2/16,0.0013253963875063,0.0414186371095723,0,0,43.112554112554115,285.66566773659633,FGF3;FGF4,Reactome Pathways
Reactome_2022,Phospholipase C-mediated Cascade: FGFR1 R-HSA-5654219,2/16,0.0013253963875063,0.0414186371095723,0,0,43.112554112554115,285.66566773659633,FGF3;FGF4,Reactome Pathways
Reactome_2022,Activated Point Mutants Of FGFR2 R-HSA-2033519,2/17,0.0014988231077721,0.0416339752158929,0,0,40.236363636363635,261.66009341787907,FGF3;FGF4,Reactome Pathways
Reactome_2022,FRS-mediated FGFR1 Signaling R-HSA-5654693,2/22,0.0025180320994553,0.0419672016575893,0,0,30.169696969696968,180.5438416371124,FGF3;FGF4,Reactome Pathways
Reactome_2022,PI-3K cascade:FGFR1 R-HSA-5654689,2/21,0.0022941435449256,0.0419672016575893,0,0,31.759170653907496,193.0130467915525,FGF3;FGF4,Reactome Pathways
Reactome_2022,SHC-mediated cascade:FGFR2 R-HSA-5654699,2/22,0.0025180320994553,0.0419672016575893,0,0,30.169696969696968,180.5438416371124,FGF3;FGF4,Reactome Pathways
Reactome_2022,SHC-mediated cascade:FGFR1 R-HSA-5654688,2/20,0.0020802097196089,0.0419672016575893,0,0,33.525252525252526,207.02804146104273,FGF3;FGF4,Reactome Pathways
Reactome_2022,Phospholipase C-mediated Cascade; FGFR2 R-HSA-5654221,2/18,0.0016824805132125,0.0419672016575893,0,0,37.71969696969697,240.93403928127228,FGF3;FGF4,Reactome Pathways
Reactome_2022,FGFR2 Ligand Binding And Activation R-HSA-190241,2/20,0.0020802097196089,0.0419672016575893,0,0,33.525252525252526,207.02804146104273,FGF3;FGF4,Reactome Pathways
Reactome_2022,PI-3K cascade:FGFR2 R-HSA-5654695,2/23,0.0027518072427276,0.0429969881676188,0,0,28.73160173160173,169.38708342077788,FGF3;FGF4,Reactome Pathways
Reactome_2022,FRS-mediated FGFR2 Signaling R-HSA-5654700,2/24,0.0029954011693546,0.0440500171963917,0,0,27.424242424242426,159.35341771425578,FGF3;FGF4,Reactome Pathways
GO_Cellular_Component_2023,Brush Border Membrane (GO:0031526),2/40,0.0081742109725009,0.0446856866496717,0,0,15.864433811802233,76.25670171031994,SLC34A2;SHANK2,GO Cellular Component
PanglaoDB_Augmented_2021,Intercalated Cells,3/118,0.0075936925993113,0.0449293478792588,0,0,7.953311036789298,38.81563582183563,PIGR;SLC34A2;BPIFB1,PanglaoDB
GO_Biological_Process_2023,ATP Metabolic Process (GO:0046034),2/34,0.0059566939997746,0.0458851584670141,0,0,18.84469696969697,96.54589870420406,MYH8;MYH7,GO Biological Process
GO_Biological_Process_2023,Cell-Matrix Adhesion (GO:0007160),3/109,0.0061033061199502,0.0462912294943915,0,0,8.632510885341073,44.01652269786551,CTTN;ACTN2;PPFIA1,GO Biological Process
GO_Biological_Process_2023,Positive Regulation Of Cell Development (GO:0010720),2/35,0.0063039141585197,0.0470883284871246,0,0,18.272727272727273,92.58031756768877,MYOG;MYF6,GO Biological Process
Reactome_2022,Antimicrobial Peptides R-HSA-6803157,3/89,0.0034646715994478,0.0481204388812198,0,0,10.650805008944545,60.338274087322745,BPIFA1;BPIFB1;LTF,Reactome Pathways
Cancer_Cell_Line_Encyclopedia,NCIH1734 LUNG,3/80,0.0025616672983476,0.0482921724021837,0,0,11.9010989010989,71.01501088382052,BPIFA1;BPIFB1;HORMAD1,Cancer Cell Line Encyclopedia
Cancer_Cell_Line_Encyclopedia,NCIH2170 LUNG,3/80,0.0025616672983476,0.0482921724021837,0,0,11.9010989010989,71.01501088382052,BPIFB1;TCAP;MUC5B,Cancer Cell Line Encyclopedia
CellMarker_2024,Krt4/13+ Cell Trachea Mouse,3/124,0.0086966292801961,0.0517844743502588,0,0,7.556643356643357,35.85491077419694,UPK1B;ADH7;LTF,CellMarker
GO_Cellular_Component_2023,Focal Adhesion (GO:0005925),5/387,0.0101743325988453,0.0521434545690823,0,0,4.061746862793983,18.634836206098065,ACTC1;CTTN;ACTN2;PPFIA1;XIRP2,GO Cellular Component
Reactome_2022,Downstream Signaling Of Activated FGFR2 R-HSA-5654696,2/29,0.0043583027397844,0.0544787842473056,0,0,22.34006734006734,121.43329141490818,FGF3;FGF4,Reactome Pathways
Reactome_2022,Myogenesis R-HSA-525793,2/29,0.0043583027397844,0.0544787842473056,0,0,22.34006734006734,121.43329141490818,MYOG;MYF6,Reactome Pathways
Reactome_2022,Downstream Signaling Of Activated FGFR1 R-HSA-5654687,2/30,0.0046594041129255,0.0554690965824472,0,0,21.541125541125545,115.65145339322927,FGF3;FGF4,Reactome Pathways
GO_Biological_Process_2023,Fibroblast Growth Factor Receptor Signaling Pathway (GO:0008543),2/39,0.0077824691030821,0.0556051777944852,0,0,16.294021294021295,79.12183861051456,FGF3;FGF4,GO Biological Process
GO_Biological_Process_2023,Retina Homeostasis (GO:0001895),2/39,0.0077824691030821,0.0556051777944852,0,0,16.294021294021295,79.12183861051456,PIGR;LTF,GO Biological Process
GO_Biological_Process_2023,Positive Regulation Of Intracellular Transport (GO:0032388),2/39,0.0077824691030821,0.0556051777944852,0,0,16.294021294021295,79.12183861051456,ACTN2;MYL1,GO Biological Process
GO_Biological_Process_2023,Positive Regulation Of Phosphorylation (GO:0042327),4/231,0.0079292776239378,0.0558447695514477,0,0,5.425385462555066,26.2436384348986,CSRP3;CCND1;FGF3;FGF4,GO Biological Process
PanglaoDB_Augmented_2021,Ependymal Cells,3/136,0.0111720241335456,0.0566581223915529,0,0,6.870676691729323,30.87917405822662,BPIFA1;BPIFB1;ADH7,PanglaoDB
PanglaoDB_Augmented_2021,Cholangiocytes,3/134,0.0107341655413983,0.0566581223915529,0,0,6.976277157956547,31.632698040210716,PIGR;SCGB3A1;MUC5B,PanglaoDB
Cancer_Cell_Line_Encyclopedia,A172 CENTRAL NERVOUS SYSTEM,3/86,0.0031449411298114,0.0571705369669292,0,0,11.037442075996292,63.59730093256308,DES;SPINK6;MYL2,Cancer Cell Line Encyclopedia
GO_Biological_Process_2023,Positive Regulation Of Actin Filament Polymerization (GO:0030838),2/41,0.0085746690191542,0.0587126642561535,0,0,15.456876456876456,73.55839223915375,CTTN;LMOD2,GO Biological Process
GO_Biological_Process_2023,Regulation Of Cell Motility (GO:2000145),3/123,0.0085066405985343,0.0587126642561535,0,0,7.62,36.32384028293845,CSRP3;FGF3;FGF4,GO Biological Process
Reactome_2022,Negative Regulation Of FGFR1 Signaling R-HSA-5654726,2/33,0.0056185685544129,0.0610713973305758,0,0,19.453567937438905,100.80213187276532,FGF3;FGF4,Reactome Pathways
Reactome_2022,FGFR2 Mutant Receptor Activation R-HSA-1839126,2/33,0.0056185685544129,0.0610713973305758,0,0,19.453567937438905,100.80213187276532,FGF3;FGF4,Reactome Pathways
Reactome_2022,Negative Regulation Of FGFR2 Signaling R-HSA-5654727,2/34,0.0059566939997746,0.0620488958309859,0,0,18.84469696969697,96.54589870420406,FGF3;FGF4,Reactome Pathways
GO_Biological_Process_2023,Negative Regulation Of Immune System Process (GO:0002683),2/44,0.0098277218378831,0.0663707789873475,0,0,14.35064935064935,66.33656728780416,BPIFB1;FADD,GO Biological Process
GO_Cellular_Component_2023,Tertiary Granule Lumen (GO:1904724),2/53,0.0140377695733921,0.0677115944128325,0,0,11.81283422459893,50.39359516285688,FLG2;LTF,GO Cellular Component
KEGG_2021_Human,Drug metabolism,3/108,0.005949632253918,0.0690157341454495,0,0,8.715164835164835,44.66021611996363,GSTM1;ADH7;UGT1A7,KEGG Pathways
CellMarker_2024,Epithelial Cell Blood Human,1/6,0.020229739174506,0.0736137731072302,0,0,59.48358208955224,232.02175076653657,SPRR3,CellMarker
CellMarker_2024,Smooth Muscle Cell Skin Human,1/5,0.016886331477543,0.0736137731072302,0,0,74.35820895522389,303.4744977483959,DES,CellMarker
CellMarker_2024,Cardiac-muscle-cell Lineage Embryo Mouse,1/5,0.016886331477543,0.0736137731072302,0,0,74.35820895522389,303.4744977483959,MYL2,CellMarker
CellMarker_2024,Epithelial Cell Lung Human,2/63,0.0194677024405894,0.0736137731072302,0,0,9.871336313959263,38.88317865399663,SPRR3;MUC5B,CellMarker
CellMarker_2024,Urothelium Cell Kidney Human,1/5,0.016886331477543,0.0736137731072302,0,0,74.35820895522389,303.4744977483959,UPK1B,CellMarker
CellMarker_2024,Basal Cell Skin Human,1/6,0.020229739174506,0.0736137731072302,0,0,59.48358208955224,232.02175076653657,KRT2,CellMarker
CellMarker_2024,Muscle Cell Muscle Mouse,1/6,0.020229739174506,0.0736137731072302,0,0,59.48358208955224,232.02175076653657,ACTC1,CellMarker
CellMarker_2024,Pretubular Aggregate Cell Fetal Kidney Human,1/6,0.020229739174506,0.0736137731072302,0,0,59.48358208955224,232.02175076653657,CCND1,CellMarker
CellMarker_2024,Neuron Primary Motor Cortex Mouse,1/6,0.020229739174506,0.0736137731072302,0,0,59.48358208955224,232.02175076653657,MYH8,CellMarker
CellMarker_2024,Smooth Muscle Cell Lung Human,1/6,0.020229739174506,0.0736137731072302,0,0,59.48358208955224,232.02175076653657,DES,CellMarker
CellMarker_2024,Enteroendocrine Cell Ileum Human,1/6,0.020229739174506,0.0736137731072302,0,0,59.48358208955224,232.02175076653657,NTS,CellMarker
CellMarker_2024,Mural Cell Undefined Mouse,1/5,0.016886331477543,0.0736137731072302,0,0,74.35820895522389,303.4744977483959,DES,CellMarker
CellMarker_2024,Lung Epithelial Cell Lung Human,1/6,0.020229739174506,0.0736137731072302,0,0,59.48358208955224,232.02175076653657,SLC34A2,CellMarker
CellMarker_2024,Lee Et al.Cell.E Lung Mouse,1/6,0.020229739174506,0.0736137731072302,0,0,59.48358208955224,232.02175076653657,ACTC1,CellMarker
OMIM_Disease,ichthyosis,1/17,0.056275905553084,0.0750345407374454,0,0,18.578358208955223,53.4590176825742,KRT2,OMIM Disease
CellMarker_2024,Early Neuroblast Brain Mouse,1/7,0.0235619444744116,0.0771653681536983,0,0,49.56716417910448,185.78379790492124,FGF3,CellMarker
CellMarker_2024,Granulocyte Bone Marrow Mouse,1/7,0.0235619444744116,0.0771653681536983,0,0,49.56716417910448,185.78379790492124,LTF,CellMarker
CellMarker_2024,Myoblast Muscle Human,1/7,0.0235619444744116,0.0771653681536983,0,0,49.56716417910448,185.78379790492124,MYOG,CellMarker
CellMarker_2024,Neuron Pluripotent Stem Cell Human,1/7,0.0235619444744116,0.0771653681536983,0,0,49.56716417910448,185.78379790492124,NEFM,CellMarker
GO_Biological_Process_2023,Antibacterial Humoral Response (GO:0019731),2/49,0.0120847413708695,0.0805105067005226,0,0,12.820760799484203,56.61406510399833,BPIFA1;LTF,GO Biological Process
GO_Cellular_Component_2023,Filopodium (GO:0030175),2/60,0.0177588230505749,0.0809013050081745,0,0,10.383490073145246,41.85452784289615,ACTC1;ACTN2,GO Cellular Component
CellMarker_2024,P53-like Cell Bladder Human,1/8,0.0268829840764004,0.0818993235815921,0,0,42.48400852878465,153.63329523076956,DES,CellMarker
CellMarker_2024,Ganglion Cell Retina Human,1/8,0.0268829840764004,0.0818993235815921,0,0,42.48400852878465,153.63329523076956,NEFM,CellMarker
CellMarker_2024,Ganglion Cell Retina Mouse,1/8,0.0268829840764004,0.0818993235815921,0,0,42.48400852878465,153.63329523076956,NEFM,CellMarker
Cancer_Cell_Line_Encyclopedia,CAPAN1 PANCREAS,3/99,0.0046711795590451,0.0819872550191027,0,0,9.53653846153846,51.17634268241488,PIGR;BPIFB1;TNNC1,Cancer Cell Line Encyclopedia
CellMarker_2024,Late Enterocyte Precursor Cell Intestinal Crypt Mouse,1/10,0.0334917127632155,0.0827814032449289,0,0,33.039800995024876,112.21827165973409,GSTM1,CellMarker
CellMarker_2024,Mesangial Cell Kidney Mouse,3/198,0.0299398212066266,0.0827814032449289,0,0,4.671479289940828,16.390192807184754,ANO1;DES;CCND1,CellMarker
CellMarker_2024,Epithelial Cell Esophagus Human,1/9,0.0301928946413059,0.0827814032449289,0,0,37.17164179104478,130.10627217002806,SPRR3,CellMarker
CellMarker_2024,Epithelial Cell Ovarian Cortex Human,1/9,0.0301928946413059,0.0827814032449289,0,0,37.17164179104478,130.10627217002806,PIGR,CellMarker
CellMarker_2024,Embryonic Stem Cell Blood Mouse,1/10,0.0334917127632155,0.0827814032449289,0,0,33.039800995024876,112.21827165973409,FGF4,CellMarker
CellMarker_2024,Enterocyte Intestine Mouse,1/10,0.0334917127632155,0.0827814032449289,0,0,33.039800995024876,112.21827165973409,CCND1,CellMarker
CellMarker_2024,Stellate Cell Liver Mouse,1/10,0.0334917127632155,0.0827814032449289,0,0,33.039800995024876,112.21827165973409,DES,CellMarker
CellMarker_2024,Cardiomyocyte Heart Muscle Mouse,1/10,0.0334917127632155,0.0827814032449289,0,0,33.039800995024876,112.21827165973409,MYH7,CellMarker
CellMarker_2024,Epicardial Cell Heart Muscle Mouse,1/10,0.0334917127632155,0.0827814032449289,0,0,33.039800995024876,112.21827165973409,UPK1B,CellMarker
CellMarker_2024,Myofibroblast Undefined Human,1/9,0.0301928946413059,0.0827814032449289,0,0,37.17164179104478,130.10627217002806,DES,CellMarker
GO_Cellular_Component_2023,Cortical Cytoskeleton (GO:0030863),2/63,0.0194677024405894,0.0840185052699121,0,0,9.871336313959263,38.88317865399663,CTTN;ACTN2,GO Cellular Component
Cancer_Cell_Line_Encyclopedia,KYSE140 OESOPHAGUS,3/102,0.0050766226053206,0.086133363536941,0,0,9.246153846153844,48.84843933940704,PPFIA1;FADD;NTS,Cancer Cell Line Encyclopedia
CellMarker_2024,Rheaume Et al.Nat Commun.29 Retina Mouse,1/11,0.0367794749552908,0.0892242818359832,0,0,29.734328358208955,98.20699568293152,NTS,CellMarker
Reactome_2022,Signaling By FGFR2 In Disease R-HSA-5655253,2/42,0.0089837812478537,0.0898378124785378,0,0,15.06969696969697,71.0134515924959,FGF3;FGF4,Reactome Pathways
GO_Cellular_Component_2023,Death-Inducing Signaling Complex (GO:0031264),1/7,0.0235619444744116,0.092003783185798,0,0,49.56716417910448,185.78379790492124,FADD,GO Cellular Component
GO_Cellular_Component_2023,Intermediate Filament (GO:0005882),2/69,0.0230828770826961,0.092003783185798,0,0,8.984622342831297,33.86002446746899,KRT2;NEFM,GO Cellular Component
Cancer_Cell_Line_Encyclopedia,SNU475 LIVER,3/109,0.0061033061199502,0.0941388731834743,0,0,8.632510885341073,44.01652269786551,ACTC1;MYBPH;ASB5,Cancer Cell Line Encyclopedia
Cancer_Cell_Line_Encyclopedia,MDAMB361 BREAST,3/109,0.0061033061199502,0.0941388731834743,0,0,8.632510885341073,44.01652269786551,MYBPC1;BPIFB1;LTF,Cancer Cell Line Encyclopedia
Cancer_Cell_Line_Encyclopedia,A253 SALIVARY GLAND,3/109,0.0061033061199502,0.0941388731834743,0,0,8.632510885341073,44.01652269786551,SPRR2G;KRT24;NEFM,Cancer Cell Line Encyclopedia
PanglaoDB_Augmented_2021,Smooth Muscle Cells,3/169,0.0198963880547454,0.0941762367924616,0,0,5.495644114921223,21.527630929438807,ACTC1;DES;ANKRD1,PanglaoDB
Reactome_2022,PI3K Cascade R-HSA-109704,2/44,0.0098277218378831,0.0944973253642606,0,0,14.35064935064935,66.33656728780416,FGF3;FGF4,Reactome Pathways
CellMarker_2024,Rheaume Et al.Nat Commun.22 Retina Mouse,1/12,0.0400562176312821,0.0954066274490537,0,0,27.029850746268657,86.96777093294467,CKM,CellMarker
GO_Cellular_Component_2023,Junctional Sarcoplasmic Reticulum Membrane (GO:0014701),1/8,0.0268829840764004,0.0958436823593407,0,0,42.48400852878465,153.63329523076956,TRDN,GO Cellular Component
GO_Cellular_Component_2023,Pseudopodium (GO:0031143),1/8,0.0268829840764004,0.0958436823593407,0,0,42.48400852878465,153.63329523076956,ACTN2,GO Cellular Component
GO_Biological_Process_2023,Regulation Of Cell Population Proliferation (GO:0042127),7/766,0.0150696239223642,0.0977542709700734,0,0,2.8987883107626513,12.160632117628516,MYOG;SCGB3A1;PRAME;FGF3;KLHL41;SHANK2;FGF4,GO Biological Process
GO_Biological_Process_2023,Cellular Response To Fibroblast Growth Factor Stimulus (GO:0044344),2/55,0.0150621225458357,0.0977542709700734,0,0,11.365923384791309,47.686551353608394,FGF3;FGF4,GO Biological Process
CellMarker_2024,Rheaume Et al.Nat Commun.23 Retina Mouse,1/13,0.0433219771034119,0.0992163995795358,0,0,24.77611940298507,77.77459794803441,CSRP3,CellMarker
CellMarker_2024,Basal Cell Trachea Mouse,2/98,0.0439278715695655,0.0992163995795358,0,0,6.261363636363637,19.568052911815936,UPK1B;ADH7,CellMarker
CellMarker_2024,Basophil Bone Marrow Mouse,1/13,0.0433219771034119,0.0992163995795358,0,0,24.77611940298507,77.77459794803441,CSRP3,CellMarker
CellMarker_2024,Idiopathic Pulmonary Fibrosis Cell Lung Human,1/14,0.0465767895867937,0.1000255645224587,0,0,22.869115958668196,70.13164167770657,MUC5B,CellMarker
CellMarker_2024,Luminal Cell Breast Mouse,1/14,0.0465767895867937,0.1000255645224587,0,0,22.869115958668196,70.13164167770657,LTF,CellMarker
CellMarker_2024,Hematopoietic Stem Cell Bone Mouse,1/14,0.0465767895867937,0.1000255645224587,0,0,22.869115958668196,70.13164167770657,PIGR,CellMarker
GO_Biological_Process_2023,Positive Regulation Of Osteoblast Proliferation (GO:0033690),1/5,0.016886331477543,0.1003007399810686,0,0,74.35820895522389,303.4744977483959,LTF,GO Biological Process
GO_Biological_Process_2023,Intracellular Phosphate Ion Homeostasis (GO:0030643),1/5,0.016886331477543,0.1003007399810686,0,0,74.35820895522389,303.4744977483959,SLC34A2,GO Biological Process
GO_Biological_Process_2023,Regulation Of Protein Depolymerization (GO:1901879),1/5,0.016886331477543,0.1003007399810686,0,0,74.35820895522389,303.4744977483959,SLN,GO Biological Process
GO_Biological_Process_2023,Coumarin Metabolic Process (GO:0009804),1/5,0.016886331477543,0.1003007399810686,0,0,74.35820895522389,303.4744977483959,UGT1A7,GO Biological Process
GO_Biological_Process_2023,Striated Muscle Hypertrophy (GO:0014897),1/5,0.016886331477543,0.1003007399810686,0,0,74.35820895522389,303.4744977483959,TCAP,GO Biological Process
GO_Biological_Process_2023,Negative Regulation Of Calcium Ion Import (GO:0090281),1/5,0.016886331477543,0.1003007399810686,0,0,74.35820895522389,303.4744977483959,SLN,GO Biological Process
GO_Biological_Process_2023,Positive Regulation Of Cell Differentiation (GO:0045597),4/283,0.0157482744617341,0.1003007399810686,0,0,4.40255376344086,18.27510843642246,MYOG;MYF6;SMYD1;LTF,GO Biological Process
Cancer_Cell_Line_Encyclopedia,IGROV1 OVARY,3/113,0.0067417025821938,0.1009272533628427,0,0,8.316923076923077,41.57998100648248,SLC34A2;TNNC1;KRT24,Cancer Cell Line Encyclopedia
GO_Biological_Process_2023,Heart Morphogenesis (GO:0003007),2/59,0.0172041893668329,0.1009722066410551,0,0,10.566188197767143,42.92622107655824,ANKRD1;TCAP,GO Biological Process
GO_Biological_Process_2023,Regulation Of Osteoclast Development (GO:2001204),1/6,0.020229739174506,0.1017679736023619,0,0,59.48358208955224,232.02175076653657,LTF,GO Biological Process
GO_Biological_Process_2023,Skeletal Muscle Cell Differentiation (GO:0035914),1/6,0.020229739174506,0.1017679736023619,0,0,59.48358208955224,232.02175076653657,KLHL41,GO Biological Process
GO_Biological_Process_2023,Regulation Of Cardiac Muscle Cell Membrane Potential (GO:0086036),1/6,0.020229739174506,0.1017679736023619,0,0,59.48358208955224,232.02175076653657,TRDN,GO Biological Process
GO_Biological_Process_2023,Release Of Sequestered Calcium Ion Into Cytosol By Sarcoplasmic Reticulum (GO:0014808),1/6,0.020229739174506,0.1017679736023619,0,0,59.48358208955224,232.02175076653657,TRDN,GO Biological Process
GO_Biological_Process_2023,Regulation Of Skeletal Muscle Satellite Cell Proliferation (GO:0014842),1/6,0.020229739174506,0.1017679736023619,0,0,59.48358208955224,232.02175076653657,MYOG,GO Biological Process
GO_Biological_Process_2023,Regulation Of Relaxation Of Muscle (GO:1901077),1/6,0.020229739174506,0.1017679736023619,0,0,59.48358208955224,232.02175076653657,SLN,GO Biological Process
GO_Biological_Process_2023,Long-Term Synaptic Depression (GO:0060292),1/6,0.020229739174506,0.1017679736023619,0,0,59.48358208955224,232.02175076653657,SHANK2,GO Biological Process
GO_Biological_Process_2023,Meiotic DNA Double-Strand Break Formation (GO:0042138),1/6,0.020229739174506,0.1017679736023619,0,0,59.48358208955224,232.02175076653657,HORMAD1,GO Biological Process
GO_Biological_Process_2023,Negative Regulation Of Retinoic Acid Receptor Signaling Pathway (GO:0048387),1/6,0.020229739174506,0.1017679736023619,0,0,59.48358208955224,232.02175076653657,PRAME,GO Biological Process
GO_Biological_Process_2023,Xenobiotic Glucuronidation (GO:0052697),1/6,0.020229739174506,0.1017679736023619,0,0,59.48358208955224,232.02175076653657,UGT1A7,GO Biological Process
GO_Biological_Process_2023,TRAIL-activated Apoptotic Signaling Pathway (GO:0036462),1/6,0.020229739174506,0.1017679736023619,0,0,59.48358208955224,232.02175076653657,FADD,GO Biological Process
GO_Biological_Process_2023,Negative Regulation Of Meiotic Nuclear Division (GO:0045835),1/6,0.020229739174506,0.1017679736023619,0,0,59.48358208955224,232.02175076653657,HORMAD1,GO Biological Process
GO_Biological_Process_2023,Regulation Of Endothelial Cell Chemotaxis To Fibroblast Growth Factor (GO:2000544),1/6,0.020229739174506,0.1017679736023619,0,0,59.48358208955224,232.02175076653657,FGF4,GO Biological Process
GO_Biological_Process_2023,Keratinocyte Proliferation (GO:0043616),1/6,0.020229739174506,0.1017679736023619,0,0,59.48358208955224,232.02175076653657,KRT2,GO Biological Process
GO_Biological_Process_2023,Antimicrobial Humoral Immune Response Mediated By Antimicrobial Peptide (GO:0061844),2/65,0.0206438804303416,0.1028023540622063,0,0,9.556998556998558,37.08436890424736,BPIFA1;LTF,GO Biological Process
Reactome_2022,IRS-mediated Signaling R-HSA-112399,2/47,0.011157007032523,0.1033056206715096,0,0,13.391919191919191,60.20588431539311,FGF3;FGF4,Reactome Pathways
CellMarker_2024,Keratinocyte Skin Human,1/15,0.0498206911792053,0.1035954054678714,0,0,21.23454157782516,63.6892892034775,KRT2,CellMarker
CellMarker_2024,Pericyte Brain Mouse,1/15,0.0498206911792053,0.1035954054678714,0,0,21.23454157782516,63.6892892034775,DES,CellMarker
GO_Biological_Process_2023,Intermediate Filament Bundle Assembly (GO:0045110),1/7,0.0235619444744116,0.1043679226278867,0,0,49.56716417910448,185.78379790492124,NEFM,GO Biological Process
GO_Biological_Process_2023,Release Of Sequestered Calcium Ion Into Cytosol By Endoplasmic Reticulum (GO:1903514),1/7,0.0235619444744116,0.1043679226278867,0,0,49.56716417910448,185.78379790492124,TRDN,GO Biological Process
GO_Biological_Process_2023,Negative Regulation Of T Cell Apoptotic Process (GO:0070233),1/7,0.0235619444744116,0.1043679226278867,0,0,49.56716417910448,185.78379790492124,FADD,GO Biological Process
GO_Biological_Process_2023,Sodium-Dependent Phosphate Transport (GO:0044341),1/7,0.0235619444744116,0.1043679226278867,0,0,49.56716417910448,185.78379790492124,SLC34A2,GO Biological Process
GO_Biological_Process_2023,Spleen Development (GO:0048536),1/7,0.0235619444744116,0.1043679226278867,0,0,49.56716417910448,185.78379790492124,FADD,GO Biological Process
GO_Biological_Process_2023,Ethanol Oxidation (GO:0006069),1/7,0.0235619444744116,0.1043679226278867,0,0,49.56716417910448,185.78379790492124,ADH7,GO Biological Process
GO_Biological_Process_2023,Regulation Of Extent Of Cell Growth (GO:0061387),1/7,0.0235619444744116,0.1043679226278867,0,0,49.56716417910448,185.78379790492124,CTTN,GO Biological Process
GO_Biological_Process_2023,Hepoxilin Biosynthetic Process (GO:0051122),1/7,0.0235619444744116,0.1043679226278867,0,0,49.56716417910448,185.78379790492124,GSTM1,GO Biological Process
GO_Biological_Process_2023,Hepoxilin Metabolic Process (GO:0051121),1/7,0.0235619444744116,0.1043679226278867,0,0,49.56716417910448,185.78379790492124,GSTM1,GO Biological Process
GO_Biological_Process_2023,Positive Regulation Of Protein Polymerization (GO:0032273),2/70,0.0237103597045097,0.1043679226278867,0,0,8.85204991087344,33.122982836017705,CTTN;LMOD2,GO Biological Process
GO_Biological_Process_2023,Regulation Of Actin Filament Polymerization (GO:0030833),2/70,0.0237103597045097,0.1043679226278867,0,0,8.85204991087344,33.122982836017705,CTTN;LMOD2,GO Biological Process
GO_Biological_Process_2023,Regulation Of ATPase-coupled Calcium Transmembrane Transporter Activity (GO:1901894),1/7,0.0235619444744116,0.1043679226278867,0,0,49.56716417910448,185.78379790492124,SLN,GO Biological Process
GO_Biological_Process_2023,Positive Regulation Of Ryanodine-Sensitive Calcium-Release Channel Activity (GO:0060316),1/7,0.0235619444744116,0.1043679226278867,0,0,49.56716417910448,185.78379790492124,TRDN,GO Biological Process
GO_Biological_Process_2023,Positive Regulation Of Cell Population Proliferation (GO:0008284),5/483,0.0241788847512499,0.1054884086935062,0,0,3.2300591087201966,12.023170070109586,PRAME;FGF3;SHANK2;FGF4;LTF,GO Biological Process
Reactome_2022,Insulin Receptor Signaling Cascade R-HSA-74751,2/53,0.0140377695733921,0.1063467391923644,0,0,11.81283422459893,50.39359516285688,FGF3;FGF4,Reactome Pathways
Reactome_2022,IGF1R Signaling Cascade R-HSA-2428924,2/52,0.0135374651522263,0.1063467391923644,0,0,12.049696969696967,51.84134187640708,FGF3;FGF4,Reactome Pathways
Reactome_2022,Ion Homeostasis R-HSA-5578775,2/50,0.0125608922452035,0.1063467391923644,0,0,12.553030303030305,54.94671101969335,SLN;TRDN,Reactome Pathways
Reactome_2022,Signaling By FGFR1 R-HSA-5654736,2/49,0.0120847413708695,0.1063467391923644,0,0,12.820760799484203,56.61406510399833,FGF3;FGF4,Reactome Pathways
Reactome_2022,IRS-related Events Triggered By IGF1R R-HSA-2428928,2/51,0.0130451531567721,0.1063467391923644,0,0,12.296227581941867,53.357495224329035,FGF3;FGF4,Reactome Pathways
Reactome_2022,Signaling By Type 1 Insulin-like Growth Factor 1 Receptor (IGF1R) R-HSA-2404192,2/53,0.0140377695733921,0.1063467391923644,0,0,11.81283422459893,50.39359516285688,FGF3;FGF4,Reactome Pathways
CellMarker_2024,Cardiomyocyte Embryo Mouse,1/16,0.0530537178751864,0.1069236467946065,0,0,19.817910447761193,58.19430975162623,TNNC1,CellMarker
CellMarker_2024,Neuron Inferior Colliculus Mouse,1/16,0.0530537178751864,0.1069236467946065,0,0,19.817910447761193,58.19430975162623,NTS,CellMarker
Cancer_Cell_Line_Encyclopedia,NCIH1781 LUNG,3/117,0.0074184496843124,0.107885453980429,0,0,8.023481781376518,39.34543105999912,SLC34A2;BPIFB1;HORMAD1,Cancer Cell Line Encyclopedia
Human_Gene_Atlas,Colorectaladenocarcinoma,4/292,0.0174623372076962,0.1082664906877167,0,0,4.263020833333333,17.25546726922195,ANO1;CCND1;PPFIA1;FGF3,Human Gene Atlas
GO_Biological_Process_2023,Regulation Of Tumor Necrosis Factor Superfamily Cytokine Production (GO:1903555),1/8,0.0268829840764004,0.1113723626022305,0,0,42.48400852878465,153.63329523076956,LTF,GO Biological Process
GO_Biological_Process_2023,Positive Regulation Of Adaptive Immune Response (GO:0002821),1/8,0.0268829840764004,0.1113723626022305,0,0,42.48400852878465,153.63329523076956,FADD,GO Biological Process
GO_Biological_Process_2023,Regulation Of Skeletal Muscle Cell Differentiation (GO:2001014),1/8,0.0268829840764004,0.1113723626022305,0,0,42.48400852878465,153.63329523076956,KLHL41,GO Biological Process
GO_Biological_Process_2023,Negative Regulation Of Protein-Containing Complex Disassembly (GO:0043242),1/8,0.0268829840764004,0.1113723626022305,0,0,42.48400852878465,153.63329523076956,SLN,GO Biological Process
GO_Biological_Process_2023,Gland Development (GO:0048732),2/74,0.0262896180895775,0.1113723626022305,0,0,8.358585858585858,30.41339308929262,FADD;UGT1A7,GO Biological Process
GO_Biological_Process_2023,Regulation Of Epidermis Development (GO:0045682),1/8,0.0268829840764004,0.1113723626022305,0,0,42.48400852878465,153.63329523076956,KRT2,GO Biological Process
CellMarker_2024,Clara Cell Trachea Mouse,1/17,0.056275905553084,0.1116991458705153,0,0,18.578358208955223,53.4590176825742,BPIFA1,CellMarker
GO_Cellular_Component_2023,Actin-Based Cell Projection (GO:0098858),2/84,0.033204772723483,0.1134496401385669,0,0,7.335550628233555,24.978002174688363,ACTC1;ACTN2,GO Cellular Component
GO_Biological_Process_2023,Protein Localization To Membrane (GO:0072657),3/192,0.0276787340857232,0.1137134658688462,0,0,4.821245421245421,17.29424549610241,PIGR;ANO1;ACTN2,GO Biological Process
Reactome_2022,Drug-mediated Inhibition Of CDK4/CDK6 Activity R-HSA-9754119,1/5,0.016886331477543,0.114096834307723,0,0,74.35820895522389,303.4744977483959,CCND1,Reactome Pathways
Reactome_2022,Defective RIPK1-mediated Regulated Necrosis R-HSA-9693928,1/5,0.016886331477543,0.114096834307723,0,0,74.35820895522389,303.4744977483959,FADD,Reactome Pathways
Reactome_2022,FasL/ CD95L Signaling R-HSA-75157,1/5,0.016886331477543,0.114096834307723,0,0,74.35820895522389,303.4744977483959,FADD,Reactome Pathways
Reactome_2022,Sodium-coupled Phosphate Cotransporters R-HSA-427652,1/5,0.016886331477543,0.114096834307723,0,0,74.35820895522389,303.4744977483959,SLC34A2,Reactome Pathways
MSigDB_Hallmark_2020,Estrogen Response Late,3/200,0.0307146647785553,0.1151799929195826,0,0,4.623584537290121,16.10401456697529,CCND1;TNNC1;LTF,MSigDB Hallmark
CellMarker_2024,Wnt2+ Cell Lung Mouse,1/18,0.0594872899827324,0.1163109699662381,0,0,17.484635645302898,49.34151245692923,UPK1B,CellMarker
GO_Biological_Process_2023,Positive Regulation Of Epidermis Development (GO:0045684),1/9,0.0301928946413059,0.1181356909378082,0,0,37.17164179104478,130.10627217002806,KRT2,GO Biological Process
GO_Biological_Process_2023,Regulation Of Sequestering Of Calcium Ion (GO:0051282),1/9,0.0301928946413059,0.1181356909378082,0,0,37.17164179104478,130.10627217002806,TRDN,GO Biological Process
GO_Biological_Process_2023,Negative Regulation Of Toll-Like Receptor 4 Signaling Pathway (GO:0034144),1/9,0.0301928946413059,0.1181356909378082,0,0,37.17164179104478,130.10627217002806,BPIFB1,GO Biological Process
GO_Biological_Process_2023,Positive Regulation Of Myoblast Fusion (GO:1901741),1/9,0.0301928946413059,0.1181356909378082,0,0,37.17164179104478,130.10627217002806,SCGB3A1,GO Biological Process
GO_Biological_Process_2023,Positive Regulation Of Cytoskeleton Organization (GO:0051495),2/79,0.0296657352467767,0.1181356909378082,0,0,7.813852813852814,27.48727914818012,CTTN;LMOD2,GO Biological Process
GO_Biological_Process_2023,Histone Methylation (GO:0016571),1/9,0.0301928946413059,0.1181356909378082,0,0,37.17164179104478,130.10627217002806,SMYD1,GO Biological Process
Reactome_2022,FGFR1b Ligand Binding And Activation R-HSA-190370,1/6,0.020229739174506,0.1204151141339644,0,0,59.48358208955224,232.02175076653657,FGF3,Reactome Pathways
Reactome_2022,TLR3-mediated TICAM1-dependent Programmed Cell Death R-HSA-9013957,1/6,0.020229739174506,0.1204151141339644,0,0,59.48358208955224,232.02175076653657,FADD,Reactome Pathways
Reactome_2022,PTK6 Regulates Cell Cycle R-HSA-8849470,1/6,0.020229739174506,0.1204151141339644,0,0,59.48358208955224,232.02175076653657,CCND1,Reactome Pathways
Reactome_2022,Signaling By FGFR In Disease R-HSA-1226099,2/61,0.0183209904394635,0.1204151141339644,0,0,10.20698510529019,40.824958531179334,FGF3;FGF4,Reactome Pathways
Reactome_2022,Metal Sequestration By Antimicrobial Proteins R-HSA-6799990,1/6,0.020229739174506,0.1204151141339644,0,0,59.48358208955224,232.02175076653657,LTF,Reactome Pathways
Cancer_Cell_Line_Encyclopedia,JHOS4 OVARY,3/124,0.0086966292801961,0.122960675100551,0,0,7.556643356643357,35.85491077419694,SLC34A2;UPK1B;TNNC1,Cancer Cell Line Encyclopedia
GO_Biological_Process_2023,Negative Regulation Of Lipopolysaccharide-Mediated Signaling Pathway (GO:0031665),1/10,0.0334917127632155,0.1232195103900392,0,0,33.039800995024876,112.21827165973409,LTF,GO Biological Process
GO_Biological_Process_2023,Purine Ribonucleotide Metabolic Process (GO:0009150),2/84,0.033204772723483,0.1232195103900392,0,0,7.335550628233555,24.978002174688363,MYH8;MYH7,GO Biological Process
GO_Biological_Process_2023,Surfactant Homeostasis (GO:0043129),1/10,0.0334917127632155,0.1232195103900392,0,0,33.039800995024876,112.21827165973409,BPIFA1,GO Biological Process
GO_Biological_Process_2023,Positive Regulation Of Macrophage Differentiation (GO:0045651),1/10,0.0334917127632155,0.1232195103900392,0,0,33.039800995024876,112.21827165973409,FADD,GO Biological Process
GO_Biological_Process_2023,Positive Regulation Of Protein Depolymerization (GO:1901881),1/10,0.0334917127632155,0.1232195103900392,0,0,33.039800995024876,112.21827165973409,SLN,GO Biological Process
GO_Biological_Process_2023,Positive Regulation Of Toll-Like Receptor 4 Signaling Pathway (GO:0034145),1/10,0.0334917127632155,0.1232195103900392,0,0,33.039800995024876,112.21827165973409,LTF,GO Biological Process
GO_Biological_Process_2023,Meiotic Sister Chromatid Cohesion (GO:0051177),1/10,0.0334917127632155,0.1232195103900392,0,0,33.039800995024876,112.21827165973409,HORMAD1,GO Biological Process
GO_Biological_Process_2023,Cellular Response To Cholesterol (GO:0071397),1/10,0.0334917127632155,0.1232195103900392,0,0,33.039800995024876,112.21827165973409,MYL1,GO Biological Process
Reactome_2022,Ion Channel Transport R-HSA-983712,3/175,0.0217910284059355,0.1266920256159043,0,0,5.3023255813953485,20.288060026940617,ANO1;SLN;TRDN,Reactome Pathways
CellMarker_2024,Enteroendocrine Cell Intestinal Crypt Mouse,2/124,0.0666600478367522,0.128418621567861,0,0,4.920516641828117,13.325494626622934,PIGR;GSTM1,CellMarker
GO_Biological_Process_2023,Negative Regulation Of Ryanodine-Sensitive Calcium-Release Channel Activity (GO:0060315),1/11,0.0367794749552908,0.1285977386734636,0,0,29.734328358208955,98.20699568293152,TRDN,GO Biological Process
GO_Biological_Process_2023,Positive Regulation Of Muscle Contraction (GO:0045933),1/11,0.0367794749552908,0.1285977386734636,0,0,29.734328358208955,98.20699568293152,CTTN,GO Biological Process
GO_Biological_Process_2023,Negative Regulation Of Release Of Sequestered Calcium Ion Into Cytosol (GO:0051280),1/11,0.0367794749552908,0.1285977386734636,0,0,29.734328358208955,98.20699568293152,TRDN,GO Biological Process
GO_Biological_Process_2023,Cellular Response To Acetylcholine (GO:1905145),1/11,0.0367794749552908,0.1285977386734636,0,0,29.734328358208955,98.20699568293152,CHRND,GO Biological Process
GO_Biological_Process_2023,Regulation Of Cell Communication By Electrical Coupling Involved In Cardiac Conduction (GO:1901844),1/11,0.0367794749552908,0.1285977386734636,0,0,29.734328358208955,98.20699568293152,TRDN,GO Biological Process
GO_Biological_Process_2023,Positive Regulation Of Macromolecule Metabolic Process (GO:0010604),4/364,0.0353697769870351,0.1285977386734636,0,0,3.3979166666666667,11.355489488532465,ACTC1;NTS;FGF3;FGF4,GO Biological Process
GO_Biological_Process_2023,Endoplasmic Reticulum Membrane Organization (GO:0090158),1/11,0.0367794749552908,0.1285977386734636,0,0,29.734328358208955,98.20699568293152,TRDN,GO Biological Process
Cancer_Cell_Line_Encyclopedia,SW1353 BONE,3/128,0.0094814825748279,0.1304344494753362,0,0,7.313353846153846,34.06863422360056,MYL2;MYH8;LTF,Cancer Cell Line Encyclopedia
Reactome_2022,Highly Sodium Permeable Postsynaptic Acetylcholine Nicotinic Receptors R-HSA-629587,1/7,0.0235619444744116,0.1317644352466548,0,0,49.56716417910448,185.78379790492124,CHRND,Reactome Pathways
Reactome_2022,Innate Immune System R-HSA-168249,8/1035,0.0237175983443978,0.1317644352466548,0,0,2.454397922752353,9.183222997450628,PIGR;FLG2;BPIFA1;MYH2;BPIFB1;FADD;MUC5B;LTF,Reactome Pathways
CellMarker_2024,Goblet Cell Intestinal Crypt Mouse,3/284,0.0724485341594258,0.1336726475335884,0,0,3.2276485080755544,8.472186281049764,PIGR;GSTM1;CCND1,CellMarker
CellMarker_2024,Beta-2M - SPalpha-6 + THY1 + Spermatogonial Stem Cell Testis Mouse,1/22,0.0722255067202058,0.1336726475335884,0,0,14.15138592750533,37.18930470253887,NEFM,CellMarker
CellMarker_2024,Transit Amplifying (TA) Cell Intestinal Crypt Mouse,2/128,0.0704439388843971,0.1336726475335884,0,0,4.763347763347763,12.636866663127067,PIGR;GSTM1,CellMarker
GO_Biological_Process_2023,Negative Regulation By Host Of Viral Process (GO:0044793),1/12,0.0400562176312821,0.1352583239193293,0,0,27.029850746268657,86.96777093294467,LTF,GO Biological Process
GO_Biological_Process_2023,Phosphate Ion Homeostasis (GO:0055062),1/12,0.0400562176312821,0.1352583239193293,0,0,27.029850746268657,86.96777093294467,SLC34A2,GO Biological Process
GO_Biological_Process_2023,Regulation Of Retinoic Acid Receptor Signaling Pathway (GO:0048385),1/12,0.0400562176312821,0.1352583239193293,0,0,27.029850746268657,86.96777093294467,PRAME,GO Biological Process
GO_Biological_Process_2023,Negative Regulation Of Hippo Signaling (GO:0035331),1/12,0.0400562176312821,0.1352583239193293,0,0,27.029850746268657,86.96777093294467,SHANK2,GO Biological Process
GO_Biological_Process_2023,Regulation Of Cell Communication By Electrical Coupling (GO:0010649),1/12,0.0400562176312821,0.1352583239193293,0,0,27.029850746268657,86.96777093294467,TRDN,GO Biological Process
Reactome_2022,Signaling By FGFR2 R-HSA-5654738,2/72,0.0249862294254293,0.1357947251382027,0,0,8.598268398268399,31.722713064037848,FGF3;FGF4,Reactome Pathways
CellMarker_2024,Endothelial Cell Artery Mouse,1/23,0.0753834075225752,0.1371559220202411,0,0,13.507462686567164,34.919061481317286,NTS,CellMarker
GO_Biological_Process_2023,Positive Regulation Of Protein Modification Process (GO:0031401),3/225,0.0412841409186852,0.1377918368514972,0,0,4.097713097713098,13.06054609382049,CCND1;FGF3;FGF4,GO Biological Process
GO_Biological_Process_2023,Thymus Development (GO:0048538),1/13,0.0433219771034119,0.1377918368514972,0,0,24.77611940298507,77.77459794803441,FADD,GO Biological Process
GO_Biological_Process_2023,Immune Response-Regulating Cell Surface Receptor Signaling Pathway (GO:0002768),1/13,0.0433219771034119,0.1377918368514972,0,0,24.77611940298507,77.77459794803441,PIGR,GO Biological Process
GO_Biological_Process_2023,Negative Regulation Of Bone Mineralization (GO:0030502),1/13,0.0433219771034119,0.1377918368514972,0,0,24.77611940298507,77.77459794803441,STATH,GO Biological Process
GO_Biological_Process_2023,Regulation Of Response To Stress (GO:0080134),1/13,0.0433219771034119,0.1377918368514972,0,0,24.77611940298507,77.77459794803441,MYL1,GO Biological Process
GO_Biological_Process_2023,T Cell Differentiation In Thymus (GO:0033077),1/13,0.0433219771034119,0.1377918368514972,0,0,24.77611940298507,77.77459794803441,FADD,GO Biological Process
GO_Biological_Process_2023,Response To UV-A (GO:0070141),1/13,0.0433219771034119,0.1377918368514972,0,0,24.77611940298507,77.77459794803441,CCND1,GO Biological Process
GO_Biological_Process_2023,Positive Regulation Of Supramolecular Fiber Organization (GO:1902905),2/96,0.0423258636601282,0.1377918368514972,0,0,6.395228884590587,20.223996482743463,CTTN;LMOD2,GO Biological Process
GO_Biological_Process_2023,Positive Regulation Of Insulin Secretion Involved In Cellular Response To Glucose Stimulus (GO:0035774),1/13,0.0433219771034119,0.1377918368514972,0,0,24.77611940298507,77.77459794803441,ANO1,GO Biological Process
KEGG_2021_Human,Breast cancer,3/147,0.0137639696368881,0.1379329053153665,0,0,6.342307692307692,27.181234400391325,CCND1;FGF3;FGF4,KEGG Pathways
KEGG_2021_Human,Gastric cancer,3/149,0.0142689212395206,0.1379329053153665,0,0,6.254794520547946,26.580821679201694,CCND1;FGF3;FGF4,KEGG Pathways
GO_Biological_Process_2023,Ethanol Metabolic Process (GO:0006067),1/14,0.0465767895867937,0.1391658016138747,0,0,22.869115958668196,70.13164167770657,ADH7,GO Biological Process
GO_Biological_Process_2023,Regulation Of Endothelial Cell Chemotaxis (GO:2001026),1/14,0.0465767895867937,0.1391658016138747,0,0,22.869115958668196,70.13164167770657,FGF4,GO Biological Process
GO_Biological_Process_2023,Antimicrobial Humoral Response (GO:0019730),2/100,0.0455522545652315,0.1391658016138747,0,0,6.132962275819419,18.944077490294053,BPIFA1;LTF,GO Biological Process
GO_Biological_Process_2023,Synaptonemal Complex Organization (GO:0070193),1/14,0.0465767895867937,0.1391658016138747,0,0,22.869115958668196,70.13164167770657,HORMAD1,GO Biological Process
GO_Biological_Process_2023,Striated Muscle Tissue Development (GO:0014706),1/14,0.0465767895867937,0.1391658016138747,0,0,22.869115958668196,70.13164167770657,CSRP3,GO Biological Process
GO_Biological_Process_2023,Regulation Of Macrophage Differentiation (GO:0045649),1/14,0.0465767895867937,0.1391658016138747,0,0,22.869115958668196,70.13164167770657,FADD,GO Biological Process
GO_Biological_Process_2023,Synaptonemal Complex Assembly (GO:0007130),1/14,0.0465767895867937,0.1391658016138747,0,0,22.869115958668196,70.13164167770657,HORMAD1,GO Biological Process
GO_Biological_Process_2023,Bone Morphogenesis (GO:0060349),1/14,0.0465767895867937,0.1391658016138747,0,0,22.869115958668196,70.13164167770657,LTF,GO Biological Process
GO_Biological_Process_2023,Positive Regulation Of Protein-Containing Complex Disassembly (GO:0043243),1/14,0.0465767895867937,0.1391658016138747,0,0,22.869115958668196,70.13164167770657,SLN,GO Biological Process
GO_Biological_Process_2023,Cardiac Cell Development (GO:0055006),1/14,0.0465767895867937,0.1391658016138747,0,0,22.869115958668196,70.13164167770657,TCAP,GO Biological Process
Reactome_2022,TRAIL Signaling R-HSA-75158,1/8,0.0268829840764004,0.1400155420645857,0,0,42.48400852878465,153.63329523076956,FADD,Reactome Pathways
Reactome_2022,RUNX3 Regulates WNT Signaling R-HSA-8951430,1/8,0.0268829840764004,0.1400155420645857,0,0,42.48400852878465,153.63329523076956,CCND1,Reactome Pathways
GO_Biological_Process_2023,Calcium Ion Homeostasis (GO:0055074),2/102,0.0471986449847515,0.1401742890209791,0,0,6.00969696969697,18.349949199739168,CSRP3;TRDN,GO Biological Process
CellMarker_2024,Rheaume Et al.Nat Commun.39 Retina Mouse,1/24,0.0785307173419281,0.1409249859149669,0,0,12.919532770927969,32.870720562250014,SLN,CellMarker
GO_Biological_Process_2023,Negative Regulation Of Synaptic Transmission (GO:0050805),1/15,0.0498206911792053,0.1411586250077484,0,0,21.23454157782516,63.6892892034775,SHANK2,GO Biological Process
GO_Biological_Process_2023,T Cell Homeostasis (GO:0043029),1/15,0.0498206911792053,0.1411586250077484,0,0,21.23454157782516,63.6892892034775,FADD,GO Biological Process
GO_Biological_Process_2023,Positive Regulation Of Syncytium Formation By Plasma Membrane Fusion (GO:0060143),1/15,0.0498206911792053,0.1411586250077484,0,0,21.23454157782516,63.6892892034775,SCGB3A1,GO Biological Process
GO_Biological_Process_2023,Glucuronate Metabolic Process (GO:0019585),1/15,0.0498206911792053,0.1411586250077484,0,0,21.23454157782516,63.6892892034775,UGT1A7,GO Biological Process
GO_Biological_Process_2023,Positive Regulation Of Cyclin-Dependent Protein Serine/Threonine Kinase Activity (GO:0045737),1/15,0.0498206911792053,0.1411586250077484,0,0,21.23454157782516,63.6892892034775,CCND1,GO Biological Process
GO_Biological_Process_2023,Cellular Glucuronidation (GO:0052695),1/15,0.0498206911792053,0.1411586250077484,0,0,21.23454157782516,63.6892892034775,UGT1A7,GO Biological Process
GO_Biological_Process_2023,Cellular Response To Sterol (GO:0036315),1/15,0.0498206911792053,0.1411586250077484,0,0,21.23454157782516,63.6892892034775,MYL1,GO Biological Process
GO_Biological_Process_2023,Oogenesis (GO:0048477),1/15,0.0498206911792053,0.1411586250077484,0,0,21.23454157782516,63.6892892034775,HORMAD1,GO Biological Process
GO_Cellular_Component_2023,Acetylcholine-Gated Channel Complex (GO:0005892),1/13,0.0433219771034119,0.142096084899191,0,0,24.77611940298507,77.77459794803441,CHRND,GO Cellular Component
Cancer_Cell_Line_Encyclopedia,KYSE510 OESOPHAGUS,2/46,0.010705542973315,0.1433979308794042,0,0,13.696969696969695,62.14306435802923,PPFIA1;FADD,Cancer Cell Line Encyclopedia
Reactome_2022,Signaling By Insulin Receptor R-HSA-74752,2/77,0.0282953801353318,0.1443641843639377,0,0,8.023030303030303,28.602558206981847,FGF3;FGF4,Reactome Pathways
GO_Biological_Process_2023,Positive Regulation Of Cellular Process (GO:0048522),5/594,0.0513860656274031,0.1447618877389128,0,0,2.606381545261002,7.73675232795143,MYL1;PRAME;FGF3;SHANK2;FGF4,GO Biological Process
Reactome_2022,Constitutive Signaling By Aberrant PI3K In Cancer R-HSA-2219530,2/78,0.0289772739894376,0.1448863699471884,0,0,7.917065390749602,28.036255655392363,FGF3;FGF4,Reactome Pathways
Reactome_2022,Diseases Associated With Surfactant Metabolism R-HSA-5687613,1/9,0.0301928946413059,0.1451581473139709,0,0,37.17164179104478,130.10627217002806,SLC34A2,Reactome Pathways
Reactome_2022,TRIF-mediated Programmed Cell Death R-HSA-2562578,1/9,0.0301928946413059,0.1451581473139709,0,0,37.17164179104478,130.10627217002806,FADD,Reactome Pathways
OMIM_Disease,colorectal cancer,1/40,0.1274755006404551,0.1456862864462344,0,0,7.6130884041331806,15.6816761453018,CCND1,OMIM Disease
GO_Biological_Process_2023,Activation Of Cysteine-Type Endopeptidase Activity (GO:0097202),1/16,0.0530537178751864,0.1469409152385782,0,0,19.817910447761193,58.19430975162623,FADD,GO Biological Process
GO_Biological_Process_2023,Regulation Of Osteoblast Proliferation (GO:0033688),1/16,0.0530537178751864,0.1469409152385782,0,0,19.817910447761193,58.19430975162623,LTF,GO Biological Process
GO_Biological_Process_2023,Prostanoid Metabolic Process (GO:0006692),1/16,0.0530537178751864,0.1469409152385782,0,0,19.817910447761193,58.19430975162623,GSTM1,GO Biological Process
Reactome_2022,Protein-protein Interactions At Synapses R-HSA-6794362,2/88,0.0361490718881948,0.1504235316090691,0,0,6.992952783650458,23.217330541087087,PPFIA1;SHANK2,Reactome Pathways
Reactome_2022,FGFR2b Ligand Binding And Activation R-HSA-190377,1/10,0.0334917127632155,0.1504235316090691,0,0,33.039800995024876,112.21827165973409,FGF3,Reactome Pathways
Reactome_2022,RUNX3 Regulates p14-ARF R-HSA-8951936,1/10,0.0334917127632155,0.1504235316090691,0,0,33.039800995024876,112.21827165973409,CCND1,Reactome Pathways
Reactome_2022,FGFR1c Ligand Binding And Activation R-HSA-190373,1/12,0.0400562176312821,0.1504235316090691,0,0,27.029850746268657,86.96777093294467,FGF4,Reactome Pathways
Reactome_2022,Drug ADME R-HSA-9748784,2/95,0.0415333663112977,0.1504235316090691,0,0,6.464320625610948,20.56467278617517,GSTM1;UGT1A7,Reactome Pathways
Reactome_2022,Neuronal System R-HSA-112316,4/386,0.042386238422904,0.1504235316090691,0,0,3.198625654450262,10.110636699570517,CHRND;ACTN2;PPFIA1;SHANK2,Reactome Pathways
Reactome_2022,Signaling By FGFR R-HSA-190236,2/86,0.0346645906265795,0.1504235316090691,0,0,7.16017316017316,24.07276391232094,FGF3;FGF4,Reactome Pathways
Reactome_2022,Presynaptic Nicotinic Acetylcholine Receptors R-HSA-622323,1/12,0.0400562176312821,0.1504235316090691,0,0,27.029850746268657,86.96777093294467,CHRND,Reactome Pathways
Reactome_2022,FGFR2c Ligand Binding And Activation R-HSA-190375,1/13,0.0433219771034119,0.1504235316090691,0,0,24.77611940298507,77.77459794803441,FGF4,Reactome Pathways
Reactome_2022,Phospholipase C-mediated Cascade; FGFR3 R-HSA-5654227,1/13,0.0433219771034119,0.1504235316090691,0,0,24.77611940298507,77.77459794803441,FGF4,Reactome Pathways
Reactome_2022,NF-kB Activation Thru FADD/RIP-1 Pathway Mediated By Caspase-8 And -10 R-HSA-933543,1/13,0.0433219771034119,0.1504235316090691,0,0,24.77611940298507,77.77459794803441,FADD,Reactome Pathways
Reactome_2022,FGFR3 Ligand Binding And Activation R-HSA-190239,1/13,0.0433219771034119,0.1504235316090691,0,0,24.77611940298507,77.77459794803441,FGF4,Reactome Pathways
Reactome_2022,FGFR3 Mutant Receptor Activation R-HSA-2033514,1/12,0.0400562176312821,0.1504235316090691,0,0,27.029850746268657,86.96777093294467,FGF4,Reactome Pathways
Reactome_2022,Biological Oxidations R-HSA-211859,3/218,0.0381608311538026,0.1504235316090691,0,0,4.232629695885509,13.82353855129215,GSTM1;ADH7;UGT1A7,Reactome Pathways
Reactome_2022,Signaling By Activated Point Mutants Of FGFR1 R-HSA-1839122,1/11,0.0367794749552908,0.1504235316090691,0,0,29.734328358208955,98.20699568293152,FGF4,Reactome Pathways
Reactome_2022,Ethanol Oxidation R-HSA-71384,1/11,0.0367794749552908,0.1504235316090691,0,0,29.734328358208955,98.20699568293152,ADH7,Reactome Pathways
Reactome_2022,Dimerization Of Procaspase-8 R-HSA-69416,1/11,0.0367794749552908,0.1504235316090691,0,0,29.734328358208955,98.20699568293152,FADD,Reactome Pathways
Reactome_2022,Creatine Metabolism R-HSA-71288,1/10,0.0334917127632155,0.1504235316090691,0,0,33.039800995024876,112.21827165973409,CKM,Reactome Pathways
Reactome_2022,TNFR1-induced Proapoptotic Signaling R-HSA-5357786,1/13,0.0433219771034119,0.1504235316090691,0,0,24.77611940298507,77.77459794803441,FADD,Reactome Pathways
Reactome_2022,CASP8 Activity Is Inhibited R-HSA-5218900,1/11,0.0367794749552908,0.1504235316090691,0,0,29.734328358208955,98.20699568293152,FADD,Reactome Pathways
GO_Biological_Process_2023,Negative Regulation Of Calcium Ion Transport (GO:0051926),1/17,0.056275905553084,0.1524396782289585,0,0,18.578358208955223,53.4590176825742,SLN,GO Biological Process
GO_Biological_Process_2023,Calcium Ion Transport (GO:0006816),2/112,0.0557481068944516,0.1524396782289585,0,0,5.460606060606061,15.76428821495794,SLN;CACNA1S,GO Biological Process
GO_Biological_Process_2023,Regulation Of Protein Serine/Threonine Kinase Activity (GO:0071900),2/112,0.0557481068944516,0.1524396782289585,0,0,5.460606060606061,15.76428821495794,CCND1;LTF,GO Biological Process
GO_Biological_Process_2023,Cellular Response To Alkaloid (GO:0071312),1/17,0.056275905553084,0.1524396782289585,0,0,18.578358208955223,53.4590176825742,CACNA1S,GO Biological Process
GO_Biological_Process_2023,Positive Regulation Of calcineurin-NFAT Signaling Cascade (GO:0070886),1/19,0.0626879068283445,0.1545256903318692,0,0,16.512437810945272,45.73262853376193,C10ORF71,GO Biological Process
GO_Biological_Process_2023,Positive Regulation Of Cyclin-Dependent Protein Kinase Activity (GO:1904031),1/18,0.0594872899827324,0.1545256903318692,0,0,17.484635645302898,49.34151245692923,CCND1,GO Biological Process
GO_Biological_Process_2023,Positive Regulation Of Protein Serine/Threonine Kinase Activity (GO:0071902),2/117,0.060211953164582,0.1545256903318692,0,0,5.221870882740448,14.672853473877986,CCND1;LTF,GO Biological Process
GO_Biological_Process_2023,Regulation Of Protein Phosphorylation (GO:0001932),3/265,0.0614980241566758,0.1545256903318692,0,0,3.4650616559013505,9.663191497549745,CCND1;FGF3;FGF4,GO Biological Process
GO_Biological_Process_2023,Negative Regulation Of Signal Transduction (GO:0009968),3/267,0.0626111372595934,0.1545256903318692,0,0,3.4384615384615387,9.527330854052256,BPIFB1;PRAME;LTF,GO Biological Process
GO_Biological_Process_2023,Establishment Of Skin Barrier (GO:0061436),1/19,0.0626879068283445,0.1545256903318692,0,0,16.512437810945272,45.73262853376193,FLG2,GO Biological Process
GO_Biological_Process_2023,Response To Cholesterol (GO:0070723),1/18,0.0594872899827324,0.1545256903318692,0,0,17.484635645302898,49.34151245692923,MYL1,GO Biological Process
GO_Biological_Process_2023,Regulation Of Protein-Containing Complex Disassembly (GO:0043244),1/19,0.0626879068283445,0.1545256903318692,0,0,16.512437810945272,45.73262853376193,SLN,GO Biological Process
GO_Biological_Process_2023,Neuromuscular Process (GO:0050905),1/18,0.0594872899827324,0.1545256903318692,0,0,17.484635645302898,49.34151245692923,CHRND,GO Biological Process
GO_Biological_Process_2023,Phosphate Ion Transport (GO:0006817),1/19,0.0626879068283445,0.1545256903318692,0,0,16.512437810945272,45.73262853376193,SLC34A2,GO Biological Process
GO_Biological_Process_2023,Negative Regulation Of Calcium Ion Transmembrane Transport (GO:1903170),1/19,0.0626879068283445,0.1545256903318692,0,0,16.512437810945272,45.73262853376193,SLN,GO Biological Process
GO_Biological_Process_2023,Positive Regulation Of Calcineurin-Mediated Signaling (GO:0106058),1/19,0.0626879068283445,0.1545256903318692,0,0,16.512437810945272,45.73262853376193,C10ORF71,GO Biological Process
GO_Biological_Process_2023,Response To Ethanol (GO:0045471),1/18,0.0594872899827324,0.1545256903318692,0,0,17.484635645302898,49.34151245692923,ADH7,GO Biological Process
GO_Biological_Process_2023,Xenobiotic Catabolic Process (GO:0042178),1/19,0.0626879068283445,0.1545256903318692,0,0,16.512437810945272,45.73262853376193,GSTM1,GO Biological Process
GO_Biological_Process_2023,Regulation Of Adaptive Immune Response (GO:0002819),1/18,0.0594872899827324,0.1545256903318692,0,0,17.484635645302898,49.34151245692923,FADD,GO Biological Process
GO_Biological_Process_2023,Multicellular Organismal-Level Water Homeostasis (GO:0050891),1/19,0.0626879068283445,0.1545256903318692,0,0,16.512437810945272,45.73262853376193,BPIFA1,GO Biological Process
GO_Biological_Process_2023,Receptor Clustering (GO:0043113),1/19,0.0626879068283445,0.1545256903318692,0,0,16.512437810945272,45.73262853376193,PIGR,GO Biological Process
GO_Biological_Process_2023,Positive Regulation Of Activated T Cell Proliferation (GO:0042104),1/19,0.0626879068283445,0.1545256903318692,0,0,16.512437810945272,45.73262853376193,FADD,GO Biological Process
Reactome_2022,Stimuli-sensing Channels R-HSA-2672351,2/100,0.0455522545652315,0.1552559652893126,0,0,6.132962275819419,18.944077490294053,ANO1;TRDN,Reactome Pathways
Reactome_2022,FGFR4 Ligand Binding And Activation R-HSA-190322,1/14,0.0465767895867937,0.1552559652893126,0,0,22.869115958668196,70.13164167770657,FGF4,Reactome Pathways
Reactome_2022,Acetylcholine Binding And Downstream Events R-HSA-181431,1/14,0.0465767895867937,0.1552559652893126,0,0,22.869115958668196,70.13164167770657,CHRND,Reactome Pathways
GO_Cellular_Component_2023,Cell Projection Membrane (GO:0031253),2/105,0.049708699731429,0.1567735914606609,0,0,5.833774639599882,17.510513959080843,SLC34A2;SHANK2,GO Cellular Component
GO_Biological_Process_2023,Regulation Of Calcium Ion Transmembrane Transport (GO:1903169),1/20,0.0658777916264093,0.1568973491392261,0,0,15.642576590730558,42.547087131862945,TRDN,GO Biological Process
GO_Biological_Process_2023,Regulation Of Calcium Ion Import (GO:0090279),1/20,0.0658777916264093,0.1568973491392261,0,0,15.642576590730558,42.547087131862945,SLN,GO Biological Process
GO_Biological_Process_2023,Regulation Of Smooth Muscle Contraction (GO:0006940),1/20,0.0658777916264093,0.1568973491392261,0,0,15.642576590730558,42.547087131862945,CTTN,GO Biological Process
GO_Biological_Process_2023,Cellular Response To Estradiol Stimulus (GO:0071392),1/20,0.0658777916264093,0.1568973491392261,0,0,15.642576590730558,42.547087131862945,MYOG,GO Biological Process
GO_Biological_Process_2023,Negative Regulation Of Protein Localization To Plasma Membrane (GO:1903077),1/20,0.0658777916264093,0.1568973491392261,0,0,15.642576590730558,42.547087131862945,PPFIA1,GO Biological Process
GO_Biological_Process_2023,Negative Regulation Of Protein Localization To Cell Periphery (GO:1904376),1/20,0.0658777916264093,0.1568973491392261,0,0,15.642576590730558,42.547087131862945,PPFIA1,GO Biological Process
GO_Biological_Process_2023,Long-Term Synaptic Potentiation (GO:0060291),1/20,0.0658777916264093,0.1568973491392261,0,0,15.642576590730558,42.547087131862945,SHANK2,GO Biological Process
GO_Biological_Process_2023,Negative Regulation Of Growth (GO:0045926),2/124,0.0666600478367522,0.1579971326130715,0,0,4.920516641828117,13.325494626622934,MYL2;SCGB3A1,GO Biological Process
KEGG_2021_Human,Viral myocarditis,2/60,0.0177588230505749,0.1584633441435915,0,0,10.383490073145246,41.85452784289615,CCND1;MYH7,KEGG Pathways
GO_Biological_Process_2023,Skin Epidermis Development (GO:0098773),1/21,0.0690569798213239,0.1590892105229564,0,0,14.859701492537312,39.71735668720526,FLG2,GO Biological Process
GO_Biological_Process_2023,Negative Regulation Of Biomineral Tissue Development (GO:0070168),1/21,0.0690569798213239,0.1590892105229564,0,0,14.859701492537312,39.71735668720526,STATH,GO Biological Process
GO_Biological_Process_2023,Positive Regulation Of G2/M Transition Of Mitotic Cell Cycle (GO:0010971),1/21,0.0690569798213239,0.1590892105229564,0,0,14.859701492537312,39.71735668720526,CCND1,GO Biological Process
GO_Biological_Process_2023,Regulation Of Lipopolysaccharide-Mediated Signaling Pathway (GO:0031664),1/21,0.0690569798213239,0.1590892105229564,0,0,14.859701492537312,39.71735668720526,LTF,GO Biological Process
GO_Biological_Process_2023,Negative Regulation Of Osteoclast Differentiation (GO:0045671),1/21,0.0690569798213239,0.1590892105229564,0,0,14.859701492537312,39.71735668720526,LTF,GO Biological Process
GO_Biological_Process_2023,Negative Regulation Of Cell Growth (GO:0030308),2/125,0.067599414005056,0.1590892105229564,0,0,4.880266075388026,13.148197955524717,MYL2;SCGB3A1,GO Biological Process
GO_Biological_Process_2023,Regulation Of Tumor Necrosis Factor Production (GO:0032680),2/127,0.0694913993669451,0.1593453948274601,0,0,4.80169696969697,12.80397602250948,FADD;LTF,GO Biological Process
Reactome_2022,Phospholipase C-mediated Cascade; FGFR4 R-HSA-5654228,1/15,0.0498206911792053,0.1606516415574252,0,0,21.23454157782516,63.6892892034775,FGF4,Reactome Pathways
Reactome_2022,"PI5P, PP2A And IER3 Regulate PI3K/AKT Signaling R-HSA-6811558",2/106,0.05055599663343,0.1606516415574252,0,0,5.777389277389277,17.243621904768,FGF3;FGF4,Reactome Pathways
Reactome_2022,PI3K/AKT Signaling In Cancer R-HSA-2219528,2/105,0.049708699731429,0.1606516415574252,0,0,5.833774639599882,17.510513959080843,FGF3;FGF4,Reactome Pathways
Reactome_2022,Phase II - Conjugation Of Compounds R-HSA-156580,2/107,0.051408525298376,0.1606516415574252,0,0,5.722077922077922,16.9828483697141,GSTM1;UGT1A7,Reactome Pathways
Reactome_2022,Transmission Across Chemical Synapses R-HSA-112315,3/246,0.0514026772348549,0.1606516415574252,0,0,3.739601139601139,11.099379337171564,CHRND;ACTN2;PPFIA1,Reactome Pathways
Reactome_2022,Ras Activation Upon Ca2+ Influx Thru NMDA Receptor R-HSA-442982,1/19,0.0626879068283445,0.161348083694682,0,0,16.512437810945272,45.73262853376193,ACTN2,Reactome Pathways
Reactome_2022,Caspase Activation Via Death Receptors In Presence Of Ligand R-HSA-140534,1/16,0.0530537178751864,0.161348083694682,0,0,19.817910447761193,58.19430975162623,FADD,Reactome Pathways
Reactome_2022,Aberrant Regulation Of Mitotic G1/S Transition In Cancer Due To RB1 Defects R-HSA-9659787,1/17,0.056275905553084,0.161348083694682,0,0,18.578358208955223,53.4590176825742,CCND1,Reactome Pathways
Reactome_2022,Acetylcholine Neurotransmitter Release Cycle R-HSA-264642,1/17,0.056275905553084,0.161348083694682,0,0,18.578358208955223,53.4590176825742,PPFIA1,Reactome Pathways
Reactome_2022,Regulation Of RUNX1 Expression And Activity R-HSA-8934593,1/17,0.056275905553084,0.161348083694682,0,0,18.578358208955223,53.4590176825742,CCND1,Reactome Pathways
Reactome_2022,SHC-mediated cascade:FGFR3 R-HSA-5654704,1/17,0.056275905553084,0.161348083694682,0,0,18.578358208955223,53.4590176825742,FGF4,Reactome Pathways
Reactome_2022,PI-3K cascade:FGFR3 R-HSA-5654710,1/18,0.0594872899827324,0.161348083694682,0,0,17.484635645302898,49.34151245692923,FGF4,Reactome Pathways
Reactome_2022,Defective GALNT12 Causes CRCS1 R-HSA-5083636,1/18,0.0594872899827324,0.161348083694682,0,0,17.484635645302898,49.34151245692923,MUC5B,Reactome Pathways
Reactome_2022,Defective GALNT3 Causes HFTC R-HSA-5083625,1/18,0.0594872899827324,0.161348083694682,0,0,17.484635645302898,49.34151245692923,MUC5B,Reactome Pathways
Reactome_2022,Serotonin Neurotransmitter Release Cycle R-HSA-181429,1/18,0.0594872899827324,0.161348083694682,0,0,17.484635645302898,49.34151245692923,PPFIA1,Reactome Pathways
Reactome_2022,Norepinephrine Neurotransmitter Release Cycle R-HSA-181430,1/18,0.0594872899827324,0.161348083694682,0,0,17.484635645302898,49.34151245692923,PPFIA1,Reactome Pathways
Reactome_2022,FRS-mediated FGFR3 Signaling R-HSA-5654706,1/19,0.0626879068283445,0.161348083694682,0,0,16.512437810945272,45.73262853376193,FGF4,Reactome Pathways
Reactome_2022,Negative Regulation Of PI3K/AKT Network R-HSA-199418,2/113,0.0566311064322393,0.161348083694682,0,0,5.4111384111384115,15.536443621202164,FGF3;FGF4,Reactome Pathways
Reactome_2022,SHC-mediated cascade:FGFR4 R-HSA-5654719,1/19,0.0626879068283445,0.161348083694682,0,0,16.512437810945272,45.73262853376193,FGF4,Reactome Pathways
Reactome_2022,Defective C1GALT1C1 Causes TNPS R-HSA-5083632,1/19,0.0626879068283445,0.161348083694682,0,0,16.512437810945272,45.73262853376193,MUC5B,Reactome Pathways
Reactome_2022,Negative Regulation Of NMDA Receptor-Mediated Neuronal Transmission R-HSA-9617324,1/21,0.0690569798213239,0.161348083694682,0,0,14.859701492537312,39.71735668720526,ACTN2,Reactome Pathways
Reactome_2022,Signaling By FGFR3 In Disease R-HSA-5655332,1/21,0.0690569798213239,0.161348083694682,0,0,14.859701492537312,39.71735668720526,FGF4,Reactome Pathways
Reactome_2022,"Unblocking Of NMDA Receptors, Glutamate Binding And Activation R-HSA-438066",1/21,0.0690569798213239,0.161348083694682,0,0,14.859701492537312,39.71735668720526,ACTN2,Reactome Pathways
Reactome_2022,RHO GTPases Activate PAKs R-HSA-5627123,1/21,0.0690569798213239,0.161348083694682,0,0,14.859701492537312,39.71735668720526,CTTN,Reactome Pathways
Reactome_2022,Azathioprine ADME R-HSA-9748787,1/21,0.0690569798213239,0.161348083694682,0,0,14.859701492537312,39.71735668720526,GSTM1,Reactome Pathways
Reactome_2022,Immune System R-HSA-168256,11/1943,0.0624698301560704,0.161348083694682,0,0,1.7979731938542007,4.985908322845832,PIGR;FLG2;BPIFA1;MYH2;BPIFB1;CCND1;FADD;ASB5;MUC5B;KLHL41;LTF,Reactome Pathways
Reactome_2022,Cardiac Conduction R-HSA-5576891,2/126,0.0685432111606992,0.161348083694682,0,0,4.840664711632454,12.97438963817553,SLN;TRDN,Reactome Pathways
Reactome_2022,MAPK1/MAPK3 Signaling R-HSA-5684996,3/277,0.0683172346624373,0.161348083694682,0,0,3.3112857944974734,8.886144063136387,ACTN2;FGF3;FGF4,Reactome Pathways
Reactome_2022,Receptor-type Tyrosine-Protein Phosphatases R-HSA-388844,1/20,0.0658777916264093,0.161348083694682,0,0,15.642576590730558,42.547087131862945,PPFIA1,Reactome Pathways
Reactome_2022,PI-3K cascade:FGFR4 R-HSA-5654720,1/20,0.0658777916264093,0.161348083694682,0,0,15.642576590730558,42.547087131862945,FGF4,Reactome Pathways
Reactome_2022,RAF/MAP Kinase Cascade R-HSA-5673001,3/271,0.0648656152777195,0.161348083694682,0,0,3.3864523536165327,9.263429120677364,ACTN2;FGF3;FGF4,Reactome Pathways
Reactome_2022,FRS-mediated FGFR4 Signaling R-HSA-5654712,1/21,0.0690569798213239,0.161348083694682,0,0,14.859701492537312,39.71735668720526,FGF4,Reactome Pathways
CellMarker_2024,Stage I Neutrophil Bone Marrow Mouse,2/152,0.0945106244191516,0.1629064710382745,0,0,3.996363636363637,9.42759375407852,CSRP3;LTF,CellMarker
CellMarker_2024,Endothelial Cell Liver Mouse,1/29,0.0941096218827057,0.1629064710382745,0,0,10.609808102345417,25.074106290081968,MYF6,CellMarker
CellMarker_2024,Epithelial Cell Lung Mouse,3/318,0.0940416001751375,0.1629064710382745,0,0,2.874285714285714,6.794863279409771,SLC34A2;ANO1;MYH7,CellMarker
CellMarker_2024,Mast Cell Bone Marrow Mouse,1/30,0.0971941163755111,0.1632362723742559,0,0,10.243437982501286,23.87791592101611,CSRP3,CellMarker
CellMarker_2024,Collecting Duct Transient Cell Kidney Mouse,1/30,0.0971941163755111,0.1632362723742559,0,0,10.243437982501286,23.87791592101611,CTTN,CellMarker
GO_Biological_Process_2023,Regulation Of Release Of Sequestered Calcium Ion Into Cytosol By Sarcoplasmic Reticulum (GO:0010880),1/22,0.0722255067202058,0.1633356642800986,0,0,14.15138592750533,37.18930470253887,TRDN,GO Biological Process
GO_Biological_Process_2023,Modulation By Host Of Viral Process (GO:0044788),1/22,0.0722255067202058,0.1633356642800986,0,0,14.15138592750533,37.18930470253887,LTF,GO Biological Process
GO_Biological_Process_2023,Acetylcholine Receptor Signaling Pathway (GO:0095500),1/22,0.0722255067202058,0.1633356642800986,0,0,14.15138592750533,37.18930470253887,CHRND,GO Biological Process
Cancer_Cell_Line_Encyclopedia,DETROIT562 UPPER AERODIGESTIVE TRACT,2/50,0.0125608922452035,0.163935747507913,0,0,12.553030303030305,54.94671101969335,PIGR;SCGB3A1,Cancer Cell Line Encyclopedia
KEGG_2021_Human,Tight junction,3/169,0.0198963880547454,0.1648557867393192,0,0,5.495644114921223,21.527630929438807,CCND1;CTTN;MYL2,KEGG Pathways
GO_Biological_Process_2023,Synapse Organization (GO:0050808),2/131,0.0733272711525333,0.1650700670237393,0,0,4.651867512332629,12.154504990895887,PPFIA1;SHANK2,GO Biological Process
Reactome_2022,RA Biosynthesis Pathway R-HSA-5365859,1/22,0.0722255067202058,0.1656548319270777,0,0,14.15138592750533,37.18930470253887,ADH7,Reactome Pathways
Reactome_2022,Nephrin Family Interactions R-HSA-373753,1/22,0.0722255067202058,0.1656548319270777,0,0,14.15138592750533,37.18930470253887,ACTN2,Reactome Pathways
GO_Biological_Process_2023,Epithelial Cell Differentiation (GO:0030855),2/132,0.0742968228303721,0.1664924257062431,0,0,4.615850815850816,11.999767773212444,UPK1B;KRT24,GO Biological Process
GO_Biological_Process_2023,Hepaticobiliary System Development (GO:0061008),1/23,0.0753834075225752,0.1674054950839171,0,0,13.507462686567164,34.919061481317286,UGT1A7,GO Biological Process
GO_Biological_Process_2023,Actin Nucleation (GO:0045010),1/23,0.0753834075225752,0.1674054950839171,0,0,13.507462686567164,34.919061481317286,LMOD2,GO Biological Process
Reactome_2022,Glutamate Neurotransmitter Release Cycle R-HSA-210500,1/23,0.0753834075225752,0.1682665346486055,0,0,13.507462686567164,34.919061481317286,PPFIA1,Reactome Pathways
Reactome_2022,Dopamine Neurotransmitter Release Cycle R-HSA-212676,1/23,0.0753834075225752,0.1682665346486055,0,0,13.507462686567164,34.919061481317286,PPFIA1,Reactome Pathways
Reactome_2022,Long-term Potentiation R-HSA-9620244,1/23,0.0753834075225752,0.1682665346486055,0,0,13.507462686567164,34.919061481317286,ACTN2,Reactome Pathways
GO_Biological_Process_2023,Negative Regulation Of Ion Transmembrane Transporter Activity (GO:0032413),1/24,0.0785307173419281,0.1690639460679937,0,0,12.919532770927969,32.870720562250014,SLN,GO Biological Process
GO_Biological_Process_2023,Iron Ion Transport (GO:0006826),1/24,0.0785307173419281,0.1690639460679937,0,0,12.919532770927969,32.870720562250014,LTF,GO Biological Process
GO_Biological_Process_2023,Regulation Of Ryanodine-Sensitive Calcium-Release Channel Activity (GO:0060314),1/24,0.0785307173419281,0.1690639460679937,0,0,12.919532770927969,32.870720562250014,TRDN,GO Biological Process
GO_Biological_Process_2023,Regulation Of Cysteine-Type Endopeptidase Activity (GO:2000116),1/24,0.0785307173419281,0.1690639460679937,0,0,12.919532770927969,32.870720562250014,LTF,GO Biological Process
GO_Biological_Process_2023,Non-Membrane-Bounded Organelle Assembly (GO:0140694),2/135,0.0772302590209709,0.1690639460679937,0,0,4.511050353155617,11.552637297305557,KLHL41;LMOD2,GO Biological Process
GO_Biological_Process_2023,Negative Regulation Of Ossification (GO:0030279),1/24,0.0785307173419281,0.1690639460679937,0,0,12.919532770927969,32.870720562250014,STATH,GO Biological Process
GO_Biological_Process_2023,Positive Regulation Of Cell Cycle G2/M Phase Transition (GO:1902751),1/24,0.0785307173419281,0.1690639460679937,0,0,12.919532770927969,32.870720562250014,CCND1,GO Biological Process
PanglaoDB_Augmented_2021,Epithelial Cells,3/218,0.0381608311538026,0.1693386882449991,0,0,4.232629695885509,13.82353855129215,PIGR;KRT2;LTF,PanglaoDB
GO_Biological_Process_2023,Positive Regulation Of Gene Expression (GO:0010628),4/480,0.0805847425775081,0.1713279288139718,0,0,2.5546218487394956,6.43367703707636,ACTC1;NTS;FGF3;FGF4,GO Biological Process
GO_Biological_Process_2023,Intracellular Calcium Ion Homeostasis (GO:0006874),2/139,0.081197907119681,0.1713279288139718,0,0,4.378456093784561,10.993715691297735,CSRP3;TRDN,GO Biological Process
GO_Biological_Process_2023,Regulation Of Hippo Signaling (GO:0035330),1/25,0.0816674711385058,0.1713279288139718,0,0,12.380597014925373,31.014627471998192,SHANK2,GO Biological Process
GO_Biological_Process_2023,Negative Regulation Of Protein Localization To Membrane (GO:1905476),1/25,0.0816674711385058,0.1713279288139718,0,0,12.380597014925373,31.014627471998192,PPFIA1,GO Biological Process
GO_Biological_Process_2023,Negative Regulation Of Stress Fiber Assembly (GO:0051497),1/25,0.0816674711385058,0.1713279288139718,0,0,12.380597014925373,31.014627471998192,PPFIA1,GO Biological Process
GO_Biological_Process_2023,Long-Chain Fatty Acid Biosynthetic Process (GO:0042759),1/25,0.0816674711385058,0.1713279288139718,0,0,12.380597014925373,31.014627471998192,GSTM1,GO Biological Process
Reactome_2022,Downstream Signaling Of Activated FGFR3 R-HSA-5654708,1/24,0.0785307173419281,0.1722164853989652,0,0,12.919532770927969,32.870720562250014,FGF4,Reactome Pathways
Reactome_2022,Estrogen-dependent Nuclear Events Downstream Of ESR-membrane Signaling R-HSA-9634638,1/24,0.0785307173419281,0.1722164853989652,0,0,12.919532770927969,32.870720562250014,CCND1,Reactome Pathways
KEGG_2021_Human,Retinol metabolism,2/68,0.02246243390249,0.173709488845923,0,0,9.12121212121212,34.623309145572826,ADH7;UGT1A7,KEGG Pathways
Reactome_2022,Termination Of O-glycan Biosynthesis R-HSA-977068,1/25,0.0816674711385058,0.1745031434583458,0,0,12.380597014925373,31.014627471998192,MUC5B,Reactome Pathways
Reactome_2022,Glucuronidation R-HSA-156588,1/25,0.0816674711385058,0.1745031434583458,0,0,12.380597014925373,31.014627471998192,UGT1A7,Reactome Pathways
Reactome_2022,Assembly And Cell Surface Presentation Of NMDA Receptors R-HSA-9609736,1/25,0.0816674711385058,0.1745031434583458,0,0,12.380597014925373,31.014627471998192,ACTN2,Reactome Pathways
GO_Biological_Process_2023,Mitotic G1 DNA Damage Checkpoint Signaling (GO:0031571),1/26,0.0847937037877674,0.1749091881479889,0,0,11.884776119402986,29.326088999262875,CCND1,GO Biological Process
GO_Biological_Process_2023,Fc Receptor Signaling Pathway (GO:0038093),1/26,0.0847937037877674,0.1749091881479889,0,0,11.884776119402986,29.326088999262875,PIGR,GO Biological Process
GO_Biological_Process_2023,Nucleic Acid Phosphodiester Bond Hydrolysis (GO:0090305),1/26,0.0847937037877674,0.1749091881479889,0,0,11.884776119402986,29.326088999262875,HORMAD1,GO Biological Process
GO_Biological_Process_2023,Negative Regulation Of Catalytic Activity (GO:0043086),1/26,0.0847937037877674,0.1749091881479889,0,0,11.884776119402986,29.326088999262875,SLN,GO Biological Process
Reactome_2022,Downstream Signaling Of Activated FGFR4 R-HSA-5654716,1/26,0.0847937037877674,0.1766535495578489,0,0,11.884776119402986,29.326088999262875,FGF4,Reactome Pathways
Reactome_2022,Caspase Activation Via Extrinsic Apoptotic Signaling Pathway R-HSA-5357769,1/26,0.0847937037877674,0.1766535495578489,0,0,11.884776119402986,29.326088999262875,FADD,Reactome Pathways
Reactome_2022,Infection With Mycobacterium Tuberculosis R-HSA-9635486,1/26,0.0847937037877674,0.1766535495578489,0,0,11.884776119402986,29.326088999262875,LTF,Reactome Pathways
GO_Biological_Process_2023,Regulation Of Insulin Secretion Involved In Cellular Response To Glucose Stimulus (GO:0061178),1/27,0.0879094500534163,0.1776203232636649,0,0,11.427095292766934,27.784387663217135,ANO1,GO Biological Process
GO_Biological_Process_2023,Cardiac Muscle Cell Differentiation (GO:0055007),1/27,0.0879094500534163,0.1776203232636649,0,0,11.427095292766934,27.784387663217135,TCAP,GO Biological Process
GO_Biological_Process_2023,Peptide Cross-Linking (GO:0018149),1/27,0.0879094500534163,0.1776203232636649,0,0,11.427095292766934,27.784387663217135,KRT2,GO Biological Process
GO_Biological_Process_2023,Peptidyl-Lysine Methylation (GO:0018022),1/27,0.0879094500534163,0.1776203232636649,0,0,11.427095292766934,27.784387663217135,SMYD1,GO Biological Process
GO_Biological_Process_2023,Positive Regulation Of Calcium Ion Transmembrane Transporter Activity (GO:1901021),1/27,0.0879094500534163,0.1776203232636649,0,0,11.427095292766934,27.784387663217135,TRDN,GO Biological Process
GO_Biological_Process_2023,Diterpenoid Metabolic Process (GO:0016101),1/28,0.0910147445824993,0.1780566233300482,0,0,11.003316749585409,26.372020695020453,ADH7,GO Biological Process
GO_Biological_Process_2023,Negative Regulation Of Actin Filament Bundle Assembly (GO:0032232),1/28,0.0910147445824993,0.1780566233300482,0,0,11.003316749585409,26.372020695020453,PPFIA1,GO Biological Process
GO_Biological_Process_2023,Negative Regulation Of Cation Channel Activity (GO:2001258),1/28,0.0910147445824993,0.1780566233300482,0,0,11.003316749585409,26.372020695020453,TRDN,GO Biological Process
GO_Biological_Process_2023,Primary Neural Tube Formation (GO:0014020),1/28,0.0910147445824993,0.1780566233300482,0,0,11.003316749585409,26.372020695020453,CSRP3,GO Biological Process
GO_Biological_Process_2023,Regulation Of Sodium Ion Transmembrane Transport (GO:1902305),1/28,0.0910147445824993,0.1780566233300482,0,0,11.003316749585409,26.372020695020453,BPIFA1,GO Biological Process
GO_Biological_Process_2023,Regulation Of Chromosome Segregation (GO:0051983),1/28,0.0910147445824993,0.1780566233300482,0,0,11.003316749585409,26.372020695020453,HORMAD1,GO Biological Process
GO_Biological_Process_2023,Defense Response To Symbiont (GO:0140546),2/148,0.0903491638080718,0.1780566233300482,0,0,4.106683271066832,9.872768494745928,BPIFA1;FADD,GO Biological Process
GO_Biological_Process_2023,"Regulation Of DNA Damage Response, Signal Transduction By P53 Class Mediator (GO:0043516)",1/28,0.0910147445824993,0.1780566233300482,0,0,11.003316749585409,26.372020695020453,ANKRD1,GO Biological Process
GO_Biological_Process_2023,Regulation Of Apoptotic Process (GO:0042981),5/705,0.0915211462046728,0.1783396248178012,0,0,2.180498866213152,5.213976677119539,ACTN2;ANKRD1;PRAME;FADD;LTF,GO Biological Process
GO_Biological_Process_2023,Tube Closure (GO:0060606),1/29,0.0941096218827057,0.1798296263107517,0,0,10.609808102345417,25.074106290081968,CSRP3,GO Biological Process
GO_Biological_Process_2023,Morphogenesis Of An Epithelium (GO:0002009),1/29,0.0941096218827057,0.1798296263107517,0,0,10.609808102345417,25.074106290081968,FLG2,GO Biological Process
GO_Biological_Process_2023,Defense Response To Fungus (GO:0050832),1/29,0.0941096218827057,0.1798296263107517,0,0,10.609808102345417,25.074106290081968,LTF,GO Biological Process
GO_Biological_Process_2023,Regulation Of Developmental Growth (GO:0048638),1/29,0.0941096218827057,0.1798296263107517,0,0,10.609808102345417,25.074106290081968,CTTN,GO Biological Process
GO_Biological_Process_2023,Response To Alcohol (GO:0097305),1/29,0.0941096218827057,0.1798296263107517,0,0,10.609808102345417,25.074106290081968,ADH7,GO Biological Process
GO_Biological_Process_2023,Positive Regulation Of NF-kappaB Transcription Factor Activity (GO:0051092),2/152,0.0945106244191516,0.1798986016935975,0,0,3.996363636363637,9.42759375407852,NTS;LTF,GO Biological Process
GO_Biological_Process_2023,Epithelium Development (GO:0060429),2/154,0.096612041521928,0.1815026491406326,0,0,3.9433811802232857,9.21588644849718,UPK1B;KRT24,GO Biological Process
GO_Biological_Process_2023,Extrinsic Apoptotic Signaling Pathway Via Death Domain Receptors (GO:0008625),1/30,0.0971941163755111,0.1815026491406326,0,0,10.243437982501286,23.87791592101611,FADD,GO Biological Process
GO_Biological_Process_2023,Homologous Chromosome Pairing At Meiosis (GO:0007129),1/30,0.0971941163755111,0.1815026491406326,0,0,10.243437982501286,23.87791592101611,HORMAD1,GO Biological Process
GO_Biological_Process_2023,Lamellipodium Organization (GO:0097581),1/30,0.0971941163755111,0.1815026491406326,0,0,10.243437982501286,23.87791592101611,CTTN,GO Biological Process
GO_Biological_Process_2023,Prostaglandin Metabolic Process (GO:0006693),1/30,0.0971941163755111,0.1815026491406326,0,0,10.243437982501286,23.87791592101611,GSTM1,GO Biological Process
CellMarker_2024,Medullary Cell Kidney Mouse,2/166,0.1094929994631386,0.1815643408819135,0,0,3.6526237989652626,8.079219089116346,CSRP3;NTS,CellMarker
Cancer_Cell_Line_Encyclopedia,SNU503 LARGE INTESTINE,3/149,0.0142689212395206,0.1815720227729005,0,0,6.254794520547946,26.580821679201694,SPRR3;NEFM;ADH7,Cancer Cell Line Encyclopedia
Reactome_2022,CREB1 Phosphorylation Thru NMDA Receptor-Mediated Activation Of RAS Signaling R-HSA-442742,1/27,0.0879094500534163,0.1816310951516866,0,0,11.427095292766934,27.784387663217135,ACTN2,Reactome Pathways
CellMarker_2024,Hepatocyte Liver Mouse,1/35,0.1124620438492114,0.1841565968030837,0,0,8.734855136084285,19.08687700448831,GSTM1,CellMarker
GO_Biological_Process_2023,Response To Estradiol (GO:0032355),1/31,0.1002682623878204,0.1844487065566994,0,0,9.901492537313432,22.772502698810975,MYOG,GO Biological Process
GO_Biological_Process_2023,Regulation Of Protein Localization To Cell Surface (GO:2000008),1/31,0.1002682623878204,0.1844487065566994,0,0,9.901492537313432,22.772502698810975,ACTN2,GO Biological Process
GO_Biological_Process_2023,Negative Regulation Of DNA Biosynthetic Process (GO:2000279),1/31,0.1002682623878204,0.1844487065566994,0,0,9.901492537313432,22.772502698810975,ANKRD1,GO Biological Process
GO_Biological_Process_2023,Positive Regulation Of Extrinsic Apoptotic Signaling Pathway (GO:2001238),1/31,0.1002682623878204,0.1844487065566994,0,0,9.901492537313432,22.772502698810975,FADD,GO Biological Process
Reactome_2022,Regulation Of Necroptotic Cell Death R-HSA-5675482,1/29,0.0941096218827057,0.1852551611864287,0,0,10.609808102345417,25.074106290081968,FADD,Reactome Pathways
Reactome_2022,Negative Regulation Of FGFR3 Signaling R-HSA-5654732,1/29,0.0941096218827057,0.1852551611864287,0,0,10.609808102345417,25.074106290081968,FGF4,Reactome Pathways
Reactome_2022,Dectin-2 Family R-HSA-5621480,1/29,0.0941096218827057,0.1852551611864287,0,0,10.609808102345417,25.074106290081968,MUC5B,Reactome Pathways
Reactome_2022,Surfactant Metabolism R-HSA-5683826,1/29,0.0941096218827057,0.1852551611864287,0,0,10.609808102345417,25.074106290081968,SLC34A2,Reactome Pathways
Reactome_2022,MAPK Family Signaling Cascades R-HSA-5683057,3/318,0.0940416001751375,0.1852551611864287,0,0,2.874285714285714,6.794863279409771,ACTN2;FGF3;FGF4,Reactome Pathways
Reactome_2022,Paracetamol ADME R-HSA-9753281,1/28,0.0910147445824993,0.1852551611864287,0,0,11.003316749585409,26.372020695020453,GSTM1,Reactome Pathways
GO_Biological_Process_2023,Female Gamete Generation (GO:0007292),1/32,0.103332094120948,0.1866033787605398,0,0,9.581608088589311,21.748403627067045,HORMAD1,GO Biological Process
GO_Biological_Process_2023,Regulation Of Calcium Ion Transmembrane Transporter Activity (GO:1901019),1/32,0.103332094120948,0.1866033787605398,0,0,9.581608088589311,21.748403627067045,SLN,GO Biological Process
GO_Biological_Process_2023,Neural Tube Closure (GO:0001843),1/32,0.103332094120948,0.1866033787605398,0,0,9.581608088589311,21.748403627067045,CSRP3,GO Biological Process
GO_Biological_Process_2023,Histone Lysine Methylation (GO:0034968),1/32,0.103332094120948,0.1866033787605398,0,0,9.581608088589311,21.748403627067045,SMYD1,GO Biological Process
GO_Biological_Process_2023,Transition Metal Ion Transport (GO:0000041),1/32,0.103332094120948,0.1866033787605398,0,0,9.581608088589311,21.748403627067045,LTF,GO Biological Process
GO_Biological_Process_2023,Regulation Of Activated T Cell Proliferation (GO:0046006),1/33,0.1063856456375189,0.1886623140262476,0,0,9.281716417910449,20.797399230359275,FADD,GO Biological Process
GO_Biological_Process_2023,Positive Regulation Of Ion Transmembrane Transporter Activity (GO:0032414),1/33,0.1063856456375189,0.1886623140262476,0,0,9.281716417910449,20.797399230359275,ACTN2,GO Biological Process
GO_Biological_Process_2023,Positive Regulation Of Release Of Sequestered Calcium Ion Into Cytosol (GO:0051281),1/33,0.1063856456375189,0.1886623140262476,0,0,9.281716417910449,20.797399230359275,TRDN,GO Biological Process
GO_Biological_Process_2023,Regulation Of Type I Interferon-Mediated Signaling Pathway (GO:0060338),1/33,0.1063856456375189,0.1886623140262476,0,0,9.281716417910449,20.797399230359275,FADD,GO Biological Process
GO_Biological_Process_2023,Positive Regulation Of T Cell Mediated Cytotoxicity (GO:0001916),1/33,0.1063856456375189,0.1886623140262476,0,0,9.281716417910449,20.797399230359275,FADD,GO Biological Process
Reactome_2022,FGFR1 Mutant Receptor Activation R-HSA-1839124,1/30,0.0971941163755111,0.1898322585459202,0,0,10.243437982501286,23.87791592101611,FGF4,Reactome Pathways
GO_Biological_Process_2023,Regulation Of calcineurin-NFAT Signaling Cascade (GO:0070884),1/34,0.1094289509220514,0.190630645952549,0,0,9.0,19.912318113121092,C10ORF71,GO Biological Process
GO_Biological_Process_2023,Regulation Of Blood Circulation (GO:1903522),1/34,0.1094289509220514,0.190630645952549,0,0,9.0,19.912318113121092,DES,GO Biological Process
GO_Biological_Process_2023,Regulation Of Metal Ion Transport (GO:0010959),1/34,0.1094289509220514,0.190630645952549,0,0,9.0,19.912318113121092,SLN,GO Biological Process
GO_Biological_Process_2023,Regulation Of DNA Biosynthetic Process (GO:2000278),1/34,0.1094289509220514,0.190630645952549,0,0,9.0,19.912318113121092,ANKRD1,GO Biological Process
GO_Biological_Process_2023,Response To Estrogen (GO:0043627),1/34,0.1094289509220514,0.190630645952549,0,0,9.0,19.912318113121092,SLC34A2,GO Biological Process
GO_Biological_Process_2023,Negative Regulation Of Cellular Process (GO:0048523),4/537,0.109920209945654,0.190812195433829,0,0,2.2747420262664164,5.022631623548875,MYOG;MYL2;SCGB3A1;PRAME,GO Biological Process
GO_Biological_Process_2023,Liver Development (GO:0001889),1/35,0.1124620438492114,0.1925131514502127,0,0,8.734855136084285,19.08687700448831,UGT1A7,GO Biological Process
GO_Biological_Process_2023,Regulation Of G2/M Transition Of Mitotic Cell Cycle (GO:0010389),1/35,0.1124620438492114,0.1925131514502127,0,0,8.734855136084285,19.08687700448831,CCND1,GO Biological Process
GO_Biological_Process_2023,Regulation Of Axon Extension (GO:0030516),1/35,0.1124620438492114,0.1925131514502127,0,0,8.734855136084285,19.08687700448831,CTTN,GO Biological Process
GO_Biological_Process_2023,Regulation Of Sodium Ion Transport (GO:0002028),1/35,0.1124620438492114,0.1925131514502127,0,0,8.734855136084285,19.08687700448831,BPIFA1,GO Biological Process
Reactome_2022,Negative Regulation Of FGFR4 Signaling R-HSA-5654733,1/31,0.1002682623878204,0.1928235815150392,0,0,9.901492537313432,22.772502698810975,FGF4,Reactome Pathways
Reactome_2022,RIPK1-mediated Regulated Necrosis R-HSA-5213460,1/31,0.1002682623878204,0.1928235815150392,0,0,9.901492537313432,22.772502698810975,FADD,Reactome Pathways
Cancer_Cell_Line_Encyclopedia,SNU840 OVARY,2/56,0.0155860552571749,0.1934951738024886,0,0,11.154882154882156,46.41968853471818,UPK1B;SPINK6,Cancer Cell Line Encyclopedia
Cancer_Cell_Line_Encyclopedia,KYSE70 OESOPHAGUS,3/156,0.0161186479423977,0.1953426619685818,0,0,5.9665158371040725,24.628455314762117,HORMAD1;NTS;ADH7,Cancer Cell Line Encyclopedia
GO_Biological_Process_2023,Metal Ion Transport (GO:0030001),2/171,0.1149890358041339,0.1961577669599931,0,0,3.54366146673839,7.664650929962913,SLN;CACNA1S,GO Biological Process
GO_Biological_Process_2023,Regulation Of T Cell Mediated Cytotoxicity (GO:0001914),1/36,0.1154849581798632,0.1963244289057674,0,0,8.484861407249467,18.315549019302413,FADD,GO Biological Process
CellMarker_2024,Endothelial Cell Blood Vessel Mouse,1/38,0.1215003854533458,0.1965006233875099,0,0,8.025413473174668,16.916270230507074,SPRR2B,CellMarker
Cancer_Cell_Line_Encyclopedia,SNU324 PANCREAS,2/58,0.0166571457140209,0.1971741201962014,0,0,10.755411255411255,44.04250544933113,SLC34A2;MUC5B,Cancer Cell Line Encyclopedia
GO_Biological_Process_2023,Protein Localization (GO:0008104),3/351,0.1172256148712125,0.1985987221014013,0,0,2.5973474801061007,5.567816571688882,ANO1;CSRP3;CTTN,GO Biological Process
CellMarker_2024,Goblet Cell Large Intestine Human,1/39,0.1244929653895161,0.1988851032442269,0,0,7.813825608798115,16.280153066858286,MUC5B,CellMarker
GO_Biological_Process_2023,Calcium Ion Import Across Plasma Membrane (GO:0098703),1/37,0.1184977275216925,0.2000663687266932,0,0,8.248756218905474,17.593454526083946,CACNA1S,GO Biological Process
PanglaoDB_Augmented_2021,Juxtaglomerular Cells,2/103,0.04802997914352,0.2005957952464662,0,0,5.94989498949895,18.06346408586769,ANO1;DES,PanglaoDB
Cancer_Cell_Line_Encyclopedia,CL14 LARGE INTESTINE,3/161,0.0175187526479849,0.2008720207276139,0,0,5.776241480038949,23.36191273361971,TNNC1;MYL2;LTF,Cancer Cell Line Encyclopedia
Cancer_Cell_Line_Encyclopedia,NCIH1650 LUNG,2/60,0.0177588230505749,0.2008720207276139,0,0,10.383490073145246,41.85452784289615,SPINK6;TNNC1,Cancer Cell Line Encyclopedia
GO_Biological_Process_2023,Positive Regulation Of I-kappaB kinase/NF-kappaB Signaling (GO:0043123),2/175,0.119436461731878,0.2009630567707026,0,0,3.4610264494657557,7.3545799700984755,FADD;LTF,GO Biological Process
GO_Biological_Process_2023,Positive Regulation Of Cation Channel Activity (GO:2001259),1/38,0.1215003854533458,0.2016824580084158,0,0,8.025413473174668,16.916270230507074,TRDN,GO Biological Process
GO_Biological_Process_2023,Positive Regulation Of Bone Mineralization (GO:0030501),1/38,0.1215003854533458,0.2016824580084158,0,0,8.025413473174668,16.916270230507074,LTF,GO Biological Process
GO_Biological_Process_2023,Regulation Of Intracellular Transport (GO:0032386),1/38,0.1215003854533458,0.2016824580084158,0,0,8.025413473174668,16.916270230507074,MYL1,GO Biological Process
GO_Biological_Process_2023,Response To Transforming Growth Factor Beta (GO:0071559),1/38,0.1215003854533458,0.2016824580084158,0,0,8.025413473174668,16.916270230507074,ANKRD1,GO Biological Process
GO_Biological_Process_2023,Positive Regulation Of Pattern Recognition Receptor Signaling Pathway (GO:0062208),1/39,0.1244929653895161,0.2052676653412422,0,0,7.813825608798115,16.280153066858286,LTF,GO Biological Process
GO_Biological_Process_2023,Regulation Of Monoatomic Cation Transmembrane Transport (GO:1904062),1/39,0.1244929653895161,0.2052676653412422,0,0,7.813825608798115,16.280153066858286,BPIFA1,GO Biological Process
GO_Biological_Process_2023,Retinoid Metabolic Process (GO:0001523),1/40,0.1274755006404551,0.2080974232309416,0,0,7.6130884041331806,15.6816761453018,ADH7,GO Biological Process
GO_Biological_Process_2023,Positive Regulation Of Insulin Secretion (GO:0032024),1/40,0.1274755006404551,0.2080974232309416,0,0,7.6130884041331806,15.6816761453018,ANO1,GO Biological Process
GO_Biological_Process_2023,Positive Regulation Of Myeloid Leukocyte Differentiation (GO:0002763),1/40,0.1274755006404551,0.2080974232309416,0,0,7.6130884041331806,15.6816761453018,FADD,GO Biological Process
GO_Cellular_Component_2023,Endocytic Vesicle Lumen (GO:0071682),1/21,0.0690569798213239,0.20972860538328,0,0,14.859701492537312,39.71735668720526,LTF,GO Cellular Component
GO_Biological_Process_2023,Positive Regulation Of Response To Biotic Stimulus (GO:0002833),1/41,0.1304480244280874,0.2115489343521285,0,0,7.422388059701492,15.117774608767611,FADD,GO Biological Process
GO_Biological_Process_2023,Detection Of Chemical Stimulus Involved In Sensory Perception Of Bitter Taste (GO:0001580),1/41,0.1304480244280874,0.2115489343521285,0,0,7.422388059701492,15.117774608767611,PIGR,GO Biological Process
Cancer_Cell_Line_Encyclopedia,MOGGUVW CENTRAL NERVOUS SYSTEM,2/63,0.0194677024405894,0.2121545371033505,0,0,9.871336313959263,38.88317865399663,SLN;MYL1,Cancer Cell Line Encyclopedia
Cancer_Cell_Line_Encyclopedia,OVISE OVARY,3/168,0.0195899081411738,0.2121545371033505,0,0,5.529230769230769,21.745031085472768,SLC34A2;UPK1B;KRT24,Cancer Cell Line Encyclopedia
Reactome_2022,Regulation Of TNFR1 Signaling R-HSA-5357905,1/35,0.1124620438492114,0.2146222210862814,0,0,8.734855136084285,19.08687700448831,FADD,Reactome Pathways
CellMarker_2024,Astrocyte Brain Mouse,4/582,0.1360272379342242,0.2146935924022094,0,0,2.0927768166089966,4.174880752662036,GSTM1;CKM;MYL1;PPFIA1,CellMarker
GO_Biological_Process_2023,Monoatomic Cation Transport (GO:0006812),1/42,0.1334105698458863,0.2149392514183725,0,0,7.240990171095741,14.585699665663611,ANO1,GO Biological Process
GO_Biological_Process_2023,Sensory Perception Of Bitter Taste (GO:0050913),1/42,0.1334105698458863,0.2149392514183725,0,0,7.240990171095741,14.585699665663611,PIGR,GO Biological Process
Reactome_2022,Signaling By FGFR1 In Disease R-HSA-5655302,1/36,0.1154849581798632,0.2154570115295955,0,0,8.484861407249467,18.315549019302413,FGF4,Reactome Pathways
Reactome_2022,Aberrant Regulation Of Mitotic Cell Cycle Due To RB1 Defects R-HSA-9687139,1/36,0.1154849581798632,0.2154570115295955,0,0,8.484861407249467,18.315549019302413,CCND1,Reactome Pathways
Reactome_2022,Glutathione Conjugation R-HSA-156590,1/36,0.1154849581798632,0.2154570115295955,0,0,8.484861407249467,18.315549019302413,GSTM1,Reactome Pathways
GO_Biological_Process_2023,Intracellular Monoatomic Cation Homeostasis (GO:0030003),2/190,0.1364802257051114,0.2155576618529202,0,0,3.1824629271437783,6.338115327368072,CSRP3;TRDN,GO Biological Process
GO_Biological_Process_2023,Skeletal System Morphogenesis (GO:0048705),1/43,0.1363631698897331,0.2155576618529202,0,0,7.068230277185501,14.082979394345454,LTF,GO Biological Process
GO_Biological_Process_2023,Positive Regulation Of T Cell Mediated Immunity (GO:0002711),1/43,0.1363631698897331,0.2155576618529202,0,0,7.068230277185501,14.082979394345454,FADD,GO Biological Process
GO_Biological_Process_2023,Learning (GO:0007612),1/43,0.1363631698897331,0.2155576618529202,0,0,7.068230277185501,14.082979394345454,SHANK2,GO Biological Process
GO_Biological_Process_2023,Endocytosis (GO:0006897),2/189,0.1353272355376895,0.2155576618529202,0,0,3.199643493761141,6.399477259656181,CTTN;MYL1,GO Biological Process
GO_Biological_Process_2023,Defense Response To Virus (GO:0051607),2/189,0.1353272355376895,0.2155576618529202,0,0,3.199643493761141,6.399477259656181,BPIFA1;FADD,GO Biological Process
GO_Biological_Process_2023,Positive Regulation Of Protein Phosphorylation (GO:0001934),3/377,0.1368550672615903,0.2155576618529202,0,0,2.413574660633484,4.800196489727134,CCND1;FGF3;FGF4,GO Biological Process
GO_Biological_Process_2023,Positive Regulation Of Cytokine-Mediated Signaling Pathway (GO:0001961),1/44,0.1393058574657912,0.2173347712994781,0,0,6.9035057271780635,13.607385194038669,FADD,GO Biological Process
GO_Biological_Process_2023,Bone Development (GO:0060348),1/44,0.1393058574657912,0.2173347712994781,0,0,6.9035057271780635,13.607385194038669,LTF,GO Biological Process
GO_Biological_Process_2023,Positive Regulation Of Osteoblast Differentiation (GO:0045669),1/44,0.1393058574657912,0.2173347712994781,0,0,6.9035057271780635,13.607385194038669,LTF,GO Biological Process
GO_Biological_Process_2023,Regulation Of Cell Differentiation (GO:0045595),2/193,0.1399525174977682,0.2176548615974755,0,0,3.1320006346184357,6.158929145691244,PRAME;KLHL41,GO Biological Process
GO_Biological_Process_2023,Epidermal Growth Factor Receptor Signaling Pathway (GO:0007173),1/45,0.1422386653344871,0.2177753478568389,0,0,6.746268656716418,13.156902962469523,PIGR,GO Biological Process
GO_Biological_Process_2023,Positive Regulation Of Innate Immune Response (GO:0045089),1/45,0.1422386653344871,0.2177753478568389,0,0,6.746268656716418,13.156902962469523,FADD,GO Biological Process
GO_Biological_Process_2023,Zymogen Activation (GO:0031638),1/45,0.1422386653344871,0.2177753478568389,0,0,6.746268656716418,13.156902962469523,FADD,GO Biological Process
GO_Biological_Process_2023,Negative Regulation Of Response To Biotic Stimulus (GO:0002832),1/45,0.1422386653344871,0.2177753478568389,0,0,6.746268656716418,13.156902962469523,LTF,GO Biological Process
GO_Biological_Process_2023,Detection Of Chemical Stimulus Involved In Sensory Perception Of Taste (GO:0050912),1/45,0.1422386653344871,0.2177753478568389,0,0,6.746268656716418,13.156902962469523,PIGR,GO Biological Process
GO_Biological_Process_2023,Positive Regulation Of Protein Metabolic Process (GO:0051247),2/196,0.1434442101464627,0.2189411628551272,0,0,3.08309903155264,5.9867897521058895,FADD;ASB5,GO Biological Process
Reactome_2022,NCAM1 Interactions R-HSA-419037,1/37,0.1184977275216925,0.2194402361512824,0,0,8.248756218905474,17.593454526083946,CACNA1S,Reactome Pathways
GO_Biological_Process_2023,T Cell Differentiation (GO:0030217),1/46,0.1451616261787413,0.2201990206342138,0,0,6.596019900497512,12.729708236779256,FADD,GO Biological Process
GO_Biological_Process_2023,Epithelial Cell Migration (GO:0010631),1/46,0.1451616261787413,0.2201990206342138,0,0,6.596019900497512,12.729708236779256,KRT2,GO Biological Process
GO_Cellular_Component_2023,Cul2-RING Ubiquitin Ligase Complex (GO:0031462),1/23,0.0753834075225752,0.2207656934589704,0,0,13.507462686567164,34.919061481317286,PRAME,GO Cellular Component
CellMarker_2024,Brush Cell (Tuft Cell) Intestinal Crypt Mouse,2/195,0.1422782026803828,0.2218862446563112,0,0,3.0992306484534464,6.043409776008359,PIGR;GSTM1,CellMarker
Reactome_2022,Diseases Of Mitotic Cell Cycle R-HSA-9675126,1/38,0.1215003854533458,0.2233462967892386,0,0,8.025413473174668,16.916270230507074,CCND1,Reactome Pathways
PanglaoDB_Augmented_2021,Cardiac Stem And Precursor Cells,2/113,0.0566311064322393,0.2233782531493885,0,0,5.4111384111384115,15.536443621202164,CCND1;ANKRD1,PanglaoDB
CellMarker_2024,Olfactory Ensheathing Glia Brain Mouse,1/46,0.1451616261787413,0.2237196826990014,0,0,6.596019900497512,12.729708236779256,MYBPC1,CellMarker
Reactome_2022,Transcriptional Regulation By VENTX R-HSA-8853884,1/39,0.1244929653895161,0.2255307344012972,0,0,7.813825608798115,16.280153066858286,CCND1,Reactome Pathways
Reactome_2022,Signaling By FGFR3 R-HSA-5654741,1/39,0.1244929653895161,0.2255307344012972,0,0,7.813825608798115,16.280153066858286,FGF4,Reactome Pathways
GO_Biological_Process_2023,Organic Substance Transport (GO:0071702),2/201,0.1493048158767514,0.2257891847461303,0,0,3.0048728490939545,5.714562971156946,SLN;CACNA1S,GO Biological Process
GO_Biological_Process_2023,Cellular Response To Mechanical Stimulus (GO:0071260),1/48,0.1509781369528721,0.2269275046273352,0,0,6.314703080342966,11.938705459864398,FADD,GO Biological Process
GO_Biological_Process_2023,Cytoplasmic Microtubule Organization (GO:0031122),1/48,0.1509781369528721,0.2269275046273352,0,0,6.314703080342966,11.938705459864398,TRDN,GO Biological Process
Reactome_2022,Signaling By FGFR4 R-HSA-5654743,1/40,0.1274755006404551,0.2276348225722413,0,0,7.6130884041331806,15.6816761453018,FGF4,Reactome Pathways
Reactome_2022,Neurotransmitter Receptors And Postsynaptic Signal Transmission R-HSA-112314,2/182,0.1273213690399559,0.2276348225722413,0,0,3.3252525252525253,6.853481536772197,CHRND;ACTN2,Reactome Pathways
GO_Biological_Process_2023,Negative Regulation Of Tumor Necrosis Factor Superfamily Cytokine Production (GO:1903556),1/49,0.1538717517089819,0.2284902819052051,0,0,6.182835820895522,11.572016896560733,LTF,GO Biological Process
GO_Biological_Process_2023,Defense Response To Bacterium (GO:0042742),2/204,0.1528446769600423,0.2284902819052051,0,0,2.95979597959796,5.559482628989288,BPIFA1;LTF,GO Biological Process
GO_Biological_Process_2023,Negative Regulation Of DNA Metabolic Process (GO:0051053),1/49,0.1538717517089819,0.2284902819052051,0,0,6.182835820895522,11.572016896560733,ANKRD1,GO Biological Process
GO_Biological_Process_2023,Regulation Of Cell Communication (GO:0010646),1/49,0.1538717517089819,0.2284902819052051,0,0,6.182835820895522,11.572016896560733,TRDN,GO Biological Process
Cancer_Cell_Line_Encyclopedia,CAL29 URINARY TRACT,2/69,0.0230828770826961,0.2303761653939673,0,0,8.984622342831297,33.86002446746899,SPRR3;UPK1B,Cancer Cell Line Encyclopedia
Cancer_Cell_Line_Encyclopedia,RERFLCAD2 LUNG,2/68,0.02246243390249,0.2303761653939673,0,0,9.12121212121212,34.623309145572826,SPRR3;UPK1B,Cancer Cell Line Encyclopedia
Cancer_Cell_Line_Encyclopedia,HT1376 URINARY TRACT,3/177,0.0224438335326234,0.2303761653939673,0,0,5.240848806366047,19.89813703796136,SPRR3;UPK1B;KRT24,Cancer Cell Line Encyclopedia
Cancer_Cell_Line_Encyclopedia,LOVO LARGE INTESTINE,2/69,0.0230828770826961,0.2303761653939673,0,0,8.984622342831297,33.86002446746899,SPINK7;SPINK6,Cancer Cell Line Encyclopedia
GO_Cellular_Component_2023,Cell-Cell Junction (GO:0005911),3/299,0.0816699189731661,0.2309287364068835,0,0,3.0617463617463616,7.669887530841718,MYH2;DES;NRAP,GO Cellular Component
Reactome_2022,Signaling By Retinoic Acid R-HSA-5362517,1/41,0.1304480244280874,0.2312908234540556,0,0,7.422388059701492,15.117774608767611,ADH7,Reactome Pathways
GO_Biological_Process_2023,Plasma Membrane Bounded Cell Projection Morphogenesis (GO:0120039),1/50,0.1567556490806558,0.2313788472956986,0,0,6.0563508985683825,11.222824361971773,CTTN,GO Biological Process
GO_Biological_Process_2023,Positive Regulation Of Transport (GO:0051050),1/50,0.1567556490806558,0.2313788472956986,0,0,6.0563508985683825,11.222824361971773,MYL1,GO Biological Process
CellMarker_2024,Neutrophil Blood Human,1/49,0.1538717517089819,0.2316919479755935,0,0,6.182835820895522,11.572016896560733,LTF,CellMarker
CellMarker_2024,Smooth Muscle Cell Brain Mouse,1/49,0.1538717517089819,0.2316919479755935,0,0,6.182835820895522,11.572016896560733,ANO1,CellMarker
GO_Biological_Process_2023,Positive Regulation Of Leukocyte Mediated Cytotoxicity (GO:0001912),1/51,0.1596298612054366,0.2342188142091674,0,0,5.9349253731343286,10.889979796219908,FADD,GO Biological Process
GO_Biological_Process_2023,Regulation Of Release Of Sequestered Calcium Ion Into Cytosol (GO:0051279),1/51,0.1596298612054366,0.2342188142091674,0,0,5.9349253731343286,10.889979796219908,TRDN,GO Biological Process
Cancer_Cell_Line_Encyclopedia,NCIH1623 LUNG,3/182,0.0241223722948407,0.2349664580641935,0,0,5.093167168027503,18.970089674092613,SPINK6;HORMAD1;TRDN,Cancer Cell Line Encyclopedia
Cancer_Cell_Line_Encyclopedia,HT1197 URINARY TRACT,3/183,0.0244660555548177,0.2349664580641935,0,0,5.064615384615385,18.792096404643026,SPRR3;UPK1B;KRT24,Cancer Cell Line Encyclopedia
GO_Biological_Process_2023,Cartilage Development (GO:0051216),1/52,0.1624944201180422,0.2356169091711613,0,0,5.818261633011414,10.572430795578446,FGF4,GO Biological Process
GO_Biological_Process_2023,Regulation Of Proteolysis (GO:0030162),1/52,0.1624944201180422,0.2356169091711613,0,0,5.818261633011414,10.572430795578446,FADD,GO Biological Process
GO_Biological_Process_2023,Cell Cycle G1/S Phase Transition (GO:0044843),1/52,0.1624944201180422,0.2356169091711613,0,0,5.818261633011414,10.572430795578446,CCND1,GO Biological Process
GO_Biological_Process_2023,Fatty Acid Oxidation (GO:0019395),1/52,0.1624944201180422,0.2356169091711613,0,0,5.818261633011414,10.572430795578446,ADH7,GO Biological Process
GO_Biological_Process_2023,Regulation Of Cyclin-Dependent Protein Kinase Activity (GO:1904029),1/53,0.1653493578016362,0.2362818359310338,0,0,5.7060849598163035,10.269210993651246,CCND1,GO Biological Process
GO_Biological_Process_2023,Negative Regulation Of Cysteine-Type Endopeptidase Activity (GO:2000117),1/53,0.1653493578016362,0.2362818359310338,0,0,5.7060849598163035,10.269210993651246,LTF,GO Biological Process
GO_Biological_Process_2023,Cellular Response To Alcohol (GO:0097306),1/53,0.1653493578016362,0.2362818359310338,0,0,5.7060849598163035,10.269210993651246,MYL1,GO Biological Process
GO_Biological_Process_2023,Negative Regulation Of Viral Genome Replication (GO:0045071),1/53,0.1653493578016362,0.2362818359310338,0,0,5.7060849598163035,10.269210993651246,LTF,GO Biological Process
GO_Biological_Process_2023,Actin Cytoskeleton Reorganization (GO:0031532),1/53,0.1653493578016362,0.2362818359310338,0,0,5.7060849598163035,10.269210993651246,CTTN,GO Biological Process
GO_Biological_Process_2023,Endoplasmic Reticulum Organization (GO:0007029),1/54,0.168194706014656,0.2389625073925805,0,0,5.598141368628555,9.979431577576143,TRDN,GO Biological Process
GO_Biological_Process_2023,ERBB Signaling Pathway (GO:0038127),1/54,0.168194706014656,0.2389625073925805,0,0,5.598141368628555,9.979431577576143,PIGR,GO Biological Process
PanglaoDB_Augmented_2021,Goblet Cells,2/122,0.0647947693408217,0.242127822273597,0,0,5.003030303030303,13.690944511015363,PIGR;MUC5B,PanglaoDB
Cancer_Cell_Line_Encyclopedia,CORL311 LUNG,4/329,0.0257129981156769,0.2423688155718438,0,0,3.770576923076923,13.803172092979471,MYBPC2;KRT2;MYH8;SHANK2,Cancer Cell Line Encyclopedia
Cancer_Cell_Line_Encyclopedia,SUPM2 HAEMATOPOIETIC AND LYMPHOID TISSUE,4/331,0.0262155883415755,0.2426133539247627,0,0,3.747133027522936,13.644814216877936,UPK1B;MYBPC2;CACNA1S;TRDN,Cancer Cell Line Encyclopedia
Reactome_2022,Aspirin ADME R-HSA-9749641,1/44,0.1393058574657912,0.2435417088562783,0,0,6.9035057271780635,13.607385194038669,UGT1A7,Reactome Pathways
Reactome_2022,TNF Signaling R-HSA-75893,1/44,0.1393058574657912,0.2435417088562783,0,0,6.9035057271780635,13.607385194038669,FADD,Reactome Pathways
GO_Biological_Process_2023,Mitotic DNA Damage Checkpoint Signaling (GO:0044773),1/56,0.1738567610280003,0.2462970781230005,0,0,5.394029850746269,9.436982152284866,CCND1,GO Biological Process
Cancer_Cell_Line_Encyclopedia,HS688AT SKIN,3/192,0.0276787340857232,0.2483163532566187,0,0,4.821245421245421,17.29424549610241,MYH1;MYH2;ACTC1,Cancer Cell Line Encyclopedia
Cancer_Cell_Line_Encyclopedia,FADU UPPER AERODIGESTIVE TRACT,2/77,0.0282953801353318,0.2483163532566187,0,0,8.023030303030303,28.602558206981847,PPFIA1;FADD,Cancer Cell Line Encyclopedia
Cancer_Cell_Line_Encyclopedia,NCIH2347 LUNG,2/77,0.0282953801353318,0.2483163532566187,0,0,8.023030303030303,28.602558206981847,SLC34A2;SCGB3A1,Cancer Cell Line Encyclopedia
KEGG_2021_Human,Regulation of actin cytoskeleton,3/218,0.0381608311538026,0.2487687301719336,0,0,4.232629695885509,13.82353855129215,MYL2;FGF3;FGF4,KEGG Pathways
KEGG_2021_Human,Pathways in cancer,5/531,0.0343939478233918,0.2487687301719336,0,0,2.9280584223550004,9.867189896445,GSTM1;CCND1;FADD;FGF3;FGF4,KEGG Pathways
KEGG_2021_Human,Salivary secretion,2/93,0.0399656188406631,0.2487687301719336,0,0,6.6070596070596075,21.272985843869264,STATH;MUC5B,KEGG Pathways
KEGG_2021_Human,IL-17 signaling pathway,2/94,0.0407466023557477,0.2487687301719336,0,0,6.534914361001317,20.91422765467781,FADD;MUC5B,KEGG Pathways
GO_Biological_Process_2023,Regulation Of Calcium Ion Transport (GO:0051924),1/57,0.1766735309285739,0.2495703459821976,0,0,5.297441364605544,9.182858779101382,SLN,GO Biological Process
Cancer_Cell_Line_Encyclopedia,SKLMS1 SOFT TISSUE,2/78,0.0289772739894376,0.2499903806885386,0,0,7.917065390749602,28.036255655392363,XIRP2;ASB5,Cancer Cell Line Encyclopedia
